,Date String,Tournament,"Score(F,A)",Team Name,Opponent
0,November 08,Salt City Classic 2025,"('13', '7')",Ottawa,Toronto
1,November 08,Salt City Classic 2025,"('12', '9')",Ottawa,Syracuse
2,November 08,Salt City Classic 2025,"('13', '5')",Ottawa,SUNY-Binghamton
3,November 08,Salt City Classic 2025,"('13', '7')",Ottawa,Yale
4,November 09,Salt City Classic 2025,"('15', '7')",Ottawa,Syracuse
5,November 09,Salt City Classic 2025,"('12', '7')",Ottawa,SUNY-Buffalo
6,November 08,Salt City Classic 2025,"('12', '11')",Yale,SUNY-Binghamton
7,November 08,Salt City Classic 2025,"('11', '9')",Yale,Syracuse
8,November 08,Salt City Classic 2025,"('10', '11')",Yale,Toronto
9,November 08,Salt City Classic 2025,"('7', '13')",Yale,Ottawa
10,November 09,Salt City Classic 2025,"('10', '11')",Yale,SUNY-Buffalo
11,November 09,Salt City Classic 2025,"('6', '15')",Yale,Vermont [B]
12,November 08,Salt City Classic 2025,"('12', '6')",Syracuse,SUNY-Binghamton
13,November 08,Salt City Classic 2025,"('9', '12')",Syracuse,Ottawa
14,November 08,Salt City Classic 2025,"('9', '11')",Syracuse,Yale
15,November 08,Salt City Classic 2025,"('12', '10')",Syracuse,Toronto
16,November 09,Salt City Classic 2025,"('11', '10')",Syracuse,Vermont [B]
17,November 09,Salt City Classic 2025,"('7', '15')",Syracuse,Ottawa
18,November 09,Salt City Classic 2025,"('13', '12')",Syracuse,Cornell
19,November 08,Salt City Classic 2025,"('7', '13')",Toronto,Ottawa
20,November 08,Salt City Classic 2025,"('11', '8')",Toronto,SUNY-Binghamton
21,November 08,Salt City Classic 2025,"('11', '10')",Toronto,Yale
22,November 08,Salt City Classic 2025,"('10', '12')",Toronto,Syracuse
23,November 09,Salt City Classic 2025,"('1', '0')",Toronto,Syracuse University [B]
24,November 09,Salt City Classic 2025,"('8', '10')",Toronto,SUNY-Binghamton
25,November 08,Salt City Classic 2025,"('6', '12')",SUNY-Binghamton,Syracuse
26,November 08,Salt City Classic 2025,"('11', '12')",SUNY-Binghamton,Yale
27,November 08,Salt City Classic 2025,"('8', '11')",SUNY-Binghamton,Toronto
28,November 08,Salt City Classic 2025,"('5', '13')",SUNY-Binghamton,Ottawa
29,November 09,Salt City Classic 2025,"('13', '6')",SUNY-Binghamton,RIT
30,November 09,Salt City Classic 2025,"('10', '8')",SUNY-Binghamton,Toronto
31,November 08,Salt City Classic 2025,"('12', '8')",Cornell,SUNY-Buffalo
32,November 08,Salt City Classic 2025,"('12', '10')",Cornell,RIT
33,November 08,Salt City Classic 2025,"('13', '5')",Cornell,Syracuse University [B]
34,November 08,Salt City Classic 2025,"('13', '10')",Cornell,Vermont [B]
35,November 09,Salt City Classic 2025,"('7', '11')",Cornell,SUNY-Buffalo
36,November 09,Salt City Classic 2025,"('12', '13')",Cornell,Syracuse
37,November 08,Salt City Classic 2025,"('13', '2')",Vermont [B],Syracuse University [B]
38,November 08,Salt City Classic 2025,"('13', '7')",Vermont [B],RIT
39,November 08,Salt City Classic 2025,"('10', '11')",Vermont [B],SUNY-Buffalo
40,November 08,Salt City Classic 2025,"('10', '13')",Vermont [B],Cornell
41,November 09,Salt City Classic 2025,"('10', '11')",Vermont [B],Syracuse
42,November 09,Salt City Classic 2025,"('15', '6')",Vermont [B],Yale
43,November 08,Salt City Classic 2025,"('10', '12')",SUNY-Buffalo,RIT
44,November 08,Salt City Classic 2025,"('8', '12')",SUNY-Buffalo,Cornell
45,November 08,Salt City Classic 2025,"('13', '3')",SUNY-Buffalo,Syracuse University [B]
46,November 08,Salt City Classic 2025,"('11', '10')",SUNY-Buffalo,Vermont [B]
47,November 09,Salt City Classic 2025,"('11', '10')",SUNY-Buffalo,Yale
48,November 09,Salt City Classic 2025,"('11', '7')",SUNY-Buffalo,Cornell
49,November 09,Salt City Classic 2025,"('7', '12')",SUNY-Buffalo,Ottawa
50,November 08,Salt City Classic 2025,"('12', '10')",RIT,SUNY-Buffalo
51,November 08,Salt City Classic 2025,"('7', '13')",RIT,Vermont [B]
52,November 08,Salt City Classic 2025,"('10', '12')",RIT,Cornell
53,November 08,Salt City Classic 2025,"('13', '6')",RIT,Syracuse University [B]
54,November 09,Salt City Classic 2025,"('6', '13')",RIT,SUNY-Binghamton
55,November 09,Salt City Classic 2025,"('1', '0')",RIT,Syracuse University [B]
56,November 08,Salt City Classic 2025,"('2', '13')",Syracuse University [B],Vermont [B]
57,November 08,Salt City Classic 2025,"('3', '13')",Syracuse University [B],SUNY-Buffalo
58,November 08,Salt City Classic 2025,"('5', '13')",Syracuse University [B],Cornell
59,November 08,Salt City Classic 2025,"('6', '13')",Syracuse University [B],RIT
60,November 09,Salt City Classic 2025,"('0', '1')",Syracuse University [B],Toronto
61,November 09,Salt City Classic 2025,"('0', '1')",Syracuse University [B],RIT
62,March 29,Corny Classic College 2025,"('12', '11')",Illinois,Dayton
63,March 29,Corny Classic College 2025,"('10', '8')",Illinois,Grand Valley
64,March 29,Corny Classic College 2025,"('13', '5')",Illinois,Butler
65,March 30,Corny Classic College 2025,"('8', '7')",Illinois,Asbury
66,March 30,Corny Classic College 2025,"('9', '7')",Illinois,Vanderbilt
67,March 30,Corny Classic College 2025,"('13', '8')",Illinois,Grand Valley
68,March 30,Corny Classic College 2025,"('7', '6')",Illinois,Asbury
69,March 29,Corny Classic College 2025,"('11', '12')",Dayton,Illinois
70,March 29,Corny Classic College 2025,"('11', '7')",Dayton,Butler
71,March 29,Corny Classic College 2025,"('9', '10')",Dayton,Grand Valley
72,March 30,Corny Classic College 2025,"('8', '11')",Dayton,Ohio
73,March 30,Corny Classic College 2025,"('7', '10')",Dayton,Grand Valley
74,March 30,Corny Classic College 2025,"('9', '10')",Dayton,Vanderbilt
75,March 30,Corny Classic College 2025,"('7', '6')",Dayton,Ohio
76,March 29,Corny Classic College 2025,"('11', '12')",Grand Valley,Butler
77,March 29,Corny Classic College 2025,"('8', '10')",Grand Valley,Illinois
78,March 29,Corny Classic College 2025,"('10', '9')",Grand Valley,Dayton
79,March 29,Corny Classic College 2025,"('13', '7')",Grand Valley,Toledo
80,March 30,Corny Classic College 2025,"('10', '7')",Grand Valley,Dayton
81,March 30,Corny Classic College 2025,"('8', '13')",Grand Valley,Illinois
82,March 30,Corny Classic College 2025,"('8', '7')",Grand Valley,Lipscomb
83,March 29,Corny Classic College 2025,"('12', '11')",Butler,Grand Valley
84,March 29,Corny Classic College 2025,"('7', '11')",Butler,Dayton
85,March 29,Corny Classic College 2025,"('5', '13')",Butler,Illinois
86,March 29,Corny Classic College 2025,"('10', '13')",Butler,Vanderbilt
87,March 29,Corny Classic College 2025,"('13', '8')",Asbury,Michigan Tech
88,March 29,Corny Classic College 2025,"('12', '5')",Asbury,Ohio
89,March 29,Corny Classic College 2025,"('13', '5')",Asbury,Lipscomb
90,March 30,Corny Classic College 2025,"('7', '8')",Asbury,Illinois
91,March 30,Corny Classic College 2025,"('8', '6')",Asbury,Michigan Tech
92,March 30,Corny Classic College 2025,"('8', '7')",Asbury,Lipscomb
93,March 30,Corny Classic College 2025,"('6', '7')",Asbury,Illinois
94,March 29,Corny Classic College 2025,"('12', '11')",Ohio,Lipscomb
95,March 29,Corny Classic College 2025,"('5', '12')",Ohio,Asbury
96,March 29,Corny Classic College 2025,"('9', '8')",Ohio,Michigan Tech
97,March 30,Corny Classic College 2025,"('11', '8')",Ohio,Dayton
98,March 30,Corny Classic College 2025,"('8', '9')",Ohio,Lipscomb
99,March 30,Corny Classic College 2025,"('7', '10')",Ohio,Michigan Tech
100,March 30,Corny Classic College 2025,"('6', '7')",Ohio,Dayton
101,March 29,Corny Classic College 2025,"('11', '12')",Lipscomb,Ohio
102,March 29,Corny Classic College 2025,"('10', '9')",Lipscomb,Michigan Tech
103,March 29,Corny Classic College 2025,"('5', '13')",Lipscomb,Asbury
104,March 29,Corny Classic College 2025,"('13', '4')",Lipscomb,Illinois [B]
105,March 30,Corny Classic College 2025,"('9', '8')",Lipscomb,Ohio
106,March 30,Corny Classic College 2025,"('7', '8')",Lipscomb,Asbury
107,March 30,Corny Classic College 2025,"('7', '8')",Lipscomb,Grand Valley
108,March 29,Corny Classic College 2025,"('8', '13')",Michigan Tech,Asbury
109,March 29,Corny Classic College 2025,"('9', '10')",Michigan Tech,Lipscomb
110,March 29,Corny Classic College 2025,"('8', '9')",Michigan Tech,Ohio
111,March 29,Corny Classic College 2025,"('12', '6')",Michigan Tech,Ball State
112,March 30,Corny Classic College 2025,"('6', '8')",Michigan Tech,Asbury
113,March 30,Corny Classic College 2025,"('10', '7')",Michigan Tech,Ohio
114,March 30,Corny Classic College 2025,"('5', '6')",Michigan Tech,Vanderbilt
115,March 29,Corny Classic College 2025,"('13', '6')",Ball State,Notre Dame [B]
116,March 29,Corny Classic College 2025,"('10', '7')",Ball State,Knox
117,March 29,Corny Classic College 2025,"('10', '9')",Ball State,Loyola-Chicago
118,March 29,Corny Classic College 2025,"('6', '12')",Ball State,Michigan Tech
119,March 30,Corny Classic College 2025,"('3', '12')",Ball State,Missouri State
120,March 30,Corny Classic College 2025,"('5', '4')",Ball State,Ohio [B]
121,March 29,Corny Classic College 2025,"('13', '2')",Knox,Notre Dame [B]
122,March 29,Corny Classic College 2025,"('7', '10')",Knox,Ball State
123,March 29,Corny Classic College 2025,"('11', '7')",Knox,Wright State
124,March 30,Corny Classic College 2025,"('6', '11')",Knox,Toledo
125,March 29,Corny Classic College 2025,"('2', '13')",Notre Dame [B],Knox
126,March 29,Corny Classic College 2025,"('6', '13')",Notre Dame [B],Ball State
127,March 29,Corny Classic College 2025,"('4', '13')",Notre Dame [B],Purdue [C]
128,March 30,Corny Classic College 2025,"('6', '5')",Notre Dame [B],Purdue [B]
129,March 30,Corny Classic College 2025,"('5', '6')",Notre Dame [B],Bradley
130,March 29,Easterns 2025,"('13', '8')",North Carolina,Minnesota
131,March 29,Easterns 2025,"('13', '9')",North Carolina,Tufts
132,March 29,Easterns 2025,"('13', '3')",North Carolina,Michigan
133,March 29,Easterns 2025,"('13', '8')",North Carolina,Vermont
134,March 30,Easterns 2025,"('15', '12')",North Carolina,California
135,March 30,Easterns 2025,"('14', '15')",North Carolina,Colorado
136,March 30,Easterns 2025,"('9', '15')",North Carolina,Oregon
137,March 29,Easterns 2025,"('9', '13')",Tufts,Michigan
138,March 29,Easterns 2025,"('9', '13')",Tufts,North Carolina
139,March 29,Easterns 2025,"('10', '9')",Tufts,Vermont
140,March 29,Easterns 2025,"('10', '8')",Tufts,Minnesota
141,March 30,Easterns 2025,"('8', '15')",Tufts,Massachusetts
142,March 30,Easterns 2025,"('9', '13')",Tufts,Carleton College
143,March 30,Easterns 2025,"('13', '9')",Tufts,California
144,March 29,Easterns 2025,"('13', '9')",Vermont,Michigan
145,March 29,Easterns 2025,"('9', '10')",Vermont,Tufts
146,March 29,Easterns 2025,"('13', '10')",Vermont,Minnesota
147,March 29,Easterns 2025,"('8', '13')",Vermont,North Carolina
148,March 30,Easterns 2025,"('12', '15')",Vermont,Northeastern
149,March 30,Easterns 2025,"('11', '12')",Vermont,North Carolina-Wilmington
150,March 30,Easterns 2025,"('14', '15')",Vermont,Minnesota
151,March 29,Easterns 2025,"('8', '13')",Minnesota,North Carolina
152,March 29,Easterns 2025,"('13', '5')",Minnesota,Michigan
153,March 29,Easterns 2025,"('10', '13')",Minnesota,Vermont
154,March 29,Easterns 2025,"('8', '10')",Minnesota,Tufts
155,March 30,Easterns 2025,"('11', '15')",Minnesota,Penn State
156,March 30,Easterns 2025,"('11', '15')",Minnesota,Georgia Tech
157,March 30,Easterns 2025,"('15', '14')",Minnesota,Vermont
158,March 29,Easterns 2025,"('13', '9')",Michigan,Tufts
159,March 29,Easterns 2025,"('9', '13')",Michigan,Vermont
160,March 29,Easterns 2025,"('5', '13')",Michigan,Minnesota
161,March 29,Easterns 2025,"('3', '13')",Michigan,North Carolina
162,March 30,Easterns 2025,"('13', '11')",Michigan,Pittsburgh
163,March 30,Easterns 2025,"('11', '13')",Michigan,James Madison
164,March 29,Easterns 2025,"('13', '5')",Massachusetts,North Carolina State
165,March 29,Easterns 2025,"('13', '5')",Massachusetts,Northeastern
166,March 29,Easterns 2025,"('13', '8')",Massachusetts,California
167,March 29,Easterns 2025,"('13', '5')",Massachusetts,Penn State
168,March 30,Easterns 2025,"('15', '8')",Massachusetts,Tufts
169,March 30,Easterns 2025,"('15', '11')",Massachusetts,Oregon
170,March 30,Easterns 2025,"('12', '15')",Massachusetts,Colorado
171,March 29,Easterns 2025,"('13', '6')",California,Penn State
172,March 29,Easterns 2025,"('13', '8')",California,Northeastern
173,March 29,Easterns 2025,"('8', '13')",California,Massachusetts
174,March 29,Easterns 2025,"('13', '7')",California,North Carolina State
175,March 30,Easterns 2025,"('12', '15')",California,North Carolina
176,March 30,Easterns 2025,"('11', '15')",California,Cal Poly-SLO
177,March 30,Easterns 2025,"('9', '13')",California,Tufts
178,March 29,Easterns 2025,"('13', '11')",Penn State,Northeastern
179,March 29,Easterns 2025,"('6', '13')",Penn State,California
180,March 29,Easterns 2025,"('13', '8')",Penn State,North Carolina State
181,March 29,Easterns 2025,"('5', '13')",Penn State,Massachusetts
182,March 30,Easterns 2025,"('15', '11')",Penn State,Minnesota
183,March 30,Easterns 2025,"('9', '10')",Penn State,Georgia
184,March 30,Easterns 2025,"('13', '15')",Penn State,Northeastern
185,March 29,Easterns 2025,"('11', '13')",Northeastern,Penn State
186,March 29,Easterns 2025,"('5', '13')",Northeastern,Massachusetts
187,March 29,Easterns 2025,"('8', '13')",Northeastern,California
188,March 29,Easterns 2025,"('13', '7')",Northeastern,North Carolina State
189,March 30,Easterns 2025,"('15', '12')",Northeastern,Vermont
190,March 30,Easterns 2025,"('11', '13')",Northeastern,Brown
191,March 30,Easterns 2025,"('15', '13')",Northeastern,Penn State
192,March 29,Easterns 2025,"('5', '13')",North Carolina State,Massachusetts
193,March 29,Easterns 2025,"('8', '13')",North Carolina State,Penn State
194,March 29,Easterns 2025,"('7', '13')",North Carolina State,Northeastern
195,March 29,Easterns 2025,"('7', '13')",North Carolina State,California
196,March 30,Easterns 2025,"('13', '11')",North Carolina State,James Madison
197,March 30,Easterns 2025,"('6', '15')",North Carolina State,Pittsburgh
198,March 29,Easterns 2025,"('12', '6')",Carleton College,North Carolina-Wilmington
199,March 29,Easterns 2025,"('13', '9')",Carleton College,Georgia Tech
200,March 29,Easterns 2025,"('13', '2')",Carleton College,Pittsburgh
201,March 29,Easterns 2025,"('13', '12')",Carleton College,Cal Poly-SLO
202,March 30,Easterns 2025,"('12', '15')",Carleton College,Oregon
203,March 30,Easterns 2025,"('13', '9')",Carleton College,Tufts
204,March 30,Easterns 2025,"('14', '13')",Carleton College,Cal Poly-SLO
205,March 29,Easterns 2025,"('13', '9')",Cal Poly-SLO,Pittsburgh
206,March 29,Easterns 2025,"('13', '8')",Cal Poly-SLO,Georgia Tech
207,March 29,Easterns 2025,"('13', '7')",Cal Poly-SLO,North Carolina-Wilmington
208,March 29,Easterns 2025,"('12', '13')",Cal Poly-SLO,Carleton College
209,March 30,Easterns 2025,"('10', '15')",Cal Poly-SLO,Colorado
210,March 30,Easterns 2025,"('15', '11')",Cal Poly-SLO,California
211,March 30,Easterns 2025,"('13', '14')",Cal Poly-SLO,Carleton College
212,March 29,Easterns 2025,"('13', '11')",Georgia Tech,Pittsburgh
213,March 29,Easterns 2025,"('9', '13')",Georgia Tech,Carleton College
214,March 29,Easterns 2025,"('8', '13')",Georgia Tech,Cal Poly-SLO
215,March 29,Easterns 2025,"('11', '7')",Georgia Tech,North Carolina-Wilmington
216,March 30,Easterns 2025,"('11', '15')",Georgia Tech,Georgia
217,March 30,Easterns 2025,"('15', '11')",Georgia Tech,Minnesota
218,March 30,Easterns 2025,"('10', '9')",Georgia Tech,North Carolina-Wilmington
219,March 29,Easterns 2025,"('6', '12')",North Carolina-Wilmington,Carleton College
220,March 29,Easterns 2025,"('13', '8')",North Carolina-Wilmington,Pittsburgh
221,March 29,Easterns 2025,"('7', '13')",North Carolina-Wilmington,Cal Poly-SLO
222,March 29,Easterns 2025,"('7', '11')",North Carolina-Wilmington,Georgia Tech
223,March 30,Easterns 2025,"('7', '15')",North Carolina-Wilmington,Brown
224,March 30,Easterns 2025,"('12', '11')",North Carolina-Wilmington,Vermont
225,March 30,Easterns 2025,"('9', '10')",North Carolina-Wilmington,Georgia Tech
226,March 29,Easterns 2025,"('11', '13')",Pittsburgh,Georgia Tech
227,March 29,Easterns 2025,"('9', '13')",Pittsburgh,Cal Poly-SLO
228,March 29,Easterns 2025,"('8', '13')",Pittsburgh,North Carolina-Wilmington
229,March 29,Easterns 2025,"('2', '13')",Pittsburgh,Carleton College
230,March 30,Easterns 2025,"('11', '13')",Pittsburgh,Michigan
231,March 30,Easterns 2025,"('15', '6')",Pittsburgh,North Carolina State
232,March 30,Easterns 2025,"('13', '7')",Pittsburgh,James Madison
233,March 29,Easterns 2025,"('13', '10')",Colorado,Georgia
234,March 29,Easterns 2025,"('13', '5')",Colorado,Brown
235,March 29,Easterns 2025,"('13', '10')",Colorado,Oregon
236,March 29,Easterns 2025,"('13', '2')",Colorado,James Madison
237,March 30,Easterns 2025,"('15', '10')",Colorado,Cal Poly-SLO
238,March 30,Easterns 2025,"('15', '14')",Colorado,North Carolina
239,March 30,Easterns 2025,"('15', '12')",Colorado,Massachusetts
240,March 29,Easterns 2025,"('13', '7')",Oregon,James Madison
241,March 29,Easterns 2025,"('13', '10')",Oregon,Brown
242,March 29,Easterns 2025,"('10', '13')",Oregon,Colorado
243,March 29,Easterns 2025,"('10', '9')",Oregon,Georgia
244,March 30,Easterns 2025,"('15', '12')",Oregon,Carleton College
245,March 30,Easterns 2025,"('11', '15')",Oregon,Massachusetts
246,March 30,Easterns 2025,"('15', '9')",Oregon,North Carolina
247,March 29,Easterns 2025,"('13', '12')",Brown,Georgia
248,March 29,Easterns 2025,"('10', '13')",Brown,Oregon
249,March 29,Easterns 2025,"('5', '13')",Brown,Colorado
250,March 29,Easterns 2025,"('13', '8')",Brown,James Madison
251,March 30,Easterns 2025,"('15', '7')",Brown,North Carolina-Wilmington
252,March 30,Easterns 2025,"('13', '11')",Brown,Northeastern
253,March 30,Easterns 2025,"('14', '13')",Brown,Georgia
254,March 29,Easterns 2025,"('12', '13')",Georgia,Brown
255,March 29,Easterns 2025,"('10', '13')",Georgia,Colorado
256,March 29,Easterns 2025,"('13', '8')",Georgia,James Madison
257,March 29,Easterns 2025,"('9', '10')",Georgia,Oregon
258,March 30,Easterns 2025,"('15', '11')",Georgia,Georgia Tech
259,March 30,Easterns 2025,"('10', '9')",Georgia,Penn State
260,March 30,Easterns 2025,"('13', '14')",Georgia,Brown
261,March 29,Easterns 2025,"('7', '13')",James Madison,Oregon
262,March 29,Easterns 2025,"('8', '13')",James Madison,Georgia
263,March 29,Easterns 2025,"('8', '13')",James Madison,Brown
264,March 29,Easterns 2025,"('2', '13')",James Madison,Colorado
265,March 30,Easterns 2025,"('11', '13')",James Madison,North Carolina State
266,March 30,Easterns 2025,"('13', '11')",James Madison,Michigan
267,March 30,Easterns 2025,"('7', '13')",James Madison,Pittsburgh
268,March 29,Easterns 2025,"('13', '3')",Middlebury,Dickinson
269,March 29,Easterns 2025,"('13', '10')",Middlebury,Richmond
270,March 29,Easterns 2025,"('13', '8')",Middlebury,Wesleyan
271,March 30,Easterns 2025,"('10', '14')",Middlebury,Elon
272,March 30,Easterns 2025,"('13', '10')",Middlebury,Richmond
273,March 30,Easterns 2025,"('15', '9')",Middlebury,Bates
274,March 29,Easterns 2025,"('10', '13')",Richmond,Middlebury
275,March 29,Easterns 2025,"('13', '5')",Richmond,Dickinson
276,March 29,Easterns 2025,"('13', '8')",Richmond,Bates
277,March 29,Easterns 2025,"('13', '3')",Richmond,Christopher Newport
278,March 30,Easterns 2025,"('7', '12')",Richmond,Lewis & Clark
279,March 30,Easterns 2025,"('10', '13')",Richmond,Middlebury
280,March 30,Easterns 2025,"('11', '12')",Richmond,Franciscan University of Steubenville
281,March 29,Easterns 2025,"('3', '13')",Dickinson,Middlebury
282,March 29,Easterns 2025,"('5', '13')",Dickinson,Richmond
283,March 29,Easterns 2025,"('1', '13')",Dickinson,Elon
284,March 29,Easterns 2025,"('2', '9')",Dickinson,Franciscan University of Steubenville
285,March 30,Easterns 2025,"('8', '15')",Dickinson,Messiah
286,March 30,Easterns 2025,"('6', '15')",Dickinson,Davidson
287,March 29,Easterns 2025,"('13', '8')",Wesleyan,Bates
288,March 29,Easterns 2025,"('13', '11')",Wesleyan,Elon
289,March 29,Easterns 2025,"('8', '13')",Wesleyan,Middlebury
290,March 30,Easterns 2025,"('15', '12')",Wesleyan,Franciscan University of Steubenville
291,March 30,Easterns 2025,"('14', '11')",Wesleyan,Lewis & Clark
292,March 30,Easterns 2025,"('13', '15')",Wesleyan,Elon
293,March 29,Easterns 2025,"('11', '13')",Elon,Wesleyan
294,March 29,Easterns 2025,"('13', '5')",Elon,Bates
295,March 29,Easterns 2025,"('13', '1')",Elon,Dickinson
296,March 29,Easterns 2025,"('13', '6')",Elon,Messiah
297,March 30,Easterns 2025,"('14', '10')",Elon,Middlebury
298,March 30,Easterns 2025,"('13', '12')",Elon,Williams
299,March 30,Easterns 2025,"('15', '13')",Elon,Wesleyan
300,March 29,Easterns 2025,"('8', '13')",Bates,Wesleyan
301,March 29,Easterns 2025,"('5', '13')",Bates,Elon
302,March 29,Easterns 2025,"('8', '13')",Bates,Richmond
303,March 29,Easterns 2025,"('13', '12')",Bates,North Carolina-Asheville
304,March 30,Easterns 2025,"('12', '13')",Bates,Williams
305,March 30,Easterns 2025,"('13', '10')",Bates,Franciscan University of Steubenville
306,March 30,Easterns 2025,"('9', '15')",Bates,Middlebury
307,March 29,Easterns 2025,"('13', '1')",Williams,Christopher Newport
308,March 29,Easterns 2025,"('13', '0')",Williams,Mary Washington
309,March 29,Easterns 2025,"('10', '9')",Williams,Franciscan University of Steubenville
310,March 30,Easterns 2025,"('13', '12')",Williams,Bates
311,March 30,Easterns 2025,"('12', '13')",Williams,Elon
312,March 30,Easterns 2025,"('6', '15')",Williams,Lewis & Clark
313,March 29,Easterns 2025,"('13', '0')",Franciscan University of Steubenville,Mary Washington
314,March 29,Easterns 2025,"('13', '0')",Franciscan University of Steubenville,Christopher Newport
315,March 29,Easterns 2025,"('9', '10')",Franciscan University of Steubenville,Williams
316,March 29,Easterns 2025,"('9', '2')",Franciscan University of Steubenville,Dickinson
317,March 30,Easterns 2025,"('12', '15')",Franciscan University of Steubenville,Wesleyan
318,March 30,Easterns 2025,"('10', '13')",Franciscan University of Steubenville,Bates
319,March 30,Easterns 2025,"('12', '11')",Franciscan University of Steubenville,Richmond
320,March 29,Easterns 2025,"('1', '13')",Christopher Newport,Williams
321,March 29,Easterns 2025,"('0', '13')",Christopher Newport,Franciscan University of Steubenville
322,March 29,Easterns 2025,"('11', '4')",Christopher Newport,Mary Washington
323,March 29,Easterns 2025,"('3', '13')",Christopher Newport,Richmond
324,March 30,Easterns 2025,"('5', '15')",Christopher Newport,North Carolina-Asheville
325,March 30,Easterns 2025,"('8', '15')",Christopher Newport,Davidson
326,March 29,Easterns 2025,"('0', '13')",Mary Washington,Franciscan University of Steubenville
327,March 29,Easterns 2025,"('0', '13')",Mary Washington,Williams
328,March 29,Easterns 2025,"('4', '11')",Mary Washington,Christopher Newport
329,March 29,Easterns 2025,"('2', '13')",Mary Washington,Davidson
330,March 30,Easterns 2025,"('6', '15')",Mary Washington,Messiah
331,March 29,Easterns 2025,"('13', '5')",Lewis & Clark,Messiah
332,March 29,Easterns 2025,"('13', '3')",Lewis & Clark,Davidson
333,March 29,Easterns 2025,"('13', '1')",Lewis & Clark,North Carolina-Asheville
334,March 30,Easterns 2025,"('12', '7')",Lewis & Clark,Richmond
335,March 30,Easterns 2025,"('11', '14')",Lewis & Clark,Wesleyan
336,March 30,Easterns 2025,"('15', '6')",Lewis & Clark,Williams
337,March 29,Easterns 2025,"('13', '6')",North Carolina-Asheville,Davidson
338,March 29,Easterns 2025,"('13', '10')",North Carolina-Asheville,Messiah
339,March 29,Easterns 2025,"('1', '13')",North Carolina-Asheville,Lewis & Clark
340,March 29,Easterns 2025,"('12', '13')",North Carolina-Asheville,Bates
341,March 30,Easterns 2025,"('15', '5')",North Carolina-Asheville,Christopher Newport
342,March 29,Easterns 2025,"('5', '13')",Messiah,Lewis & Clark
343,March 29,Easterns 2025,"('10', '13')",Messiah,North Carolina-Asheville
344,March 29,Easterns 2025,"('12', '8')",Messiah,Davidson
345,March 29,Easterns 2025,"('6', '13')",Messiah,Elon
346,March 30,Easterns 2025,"('15', '8')",Messiah,Dickinson
347,March 30,Easterns 2025,"('15', '6')",Messiah,Mary Washington
348,March 29,Easterns 2025,"('6', '13')",Davidson,North Carolina-Asheville
349,March 29,Easterns 2025,"('3', '13')",Davidson,Lewis & Clark
350,March 29,Easterns 2025,"('8', '12')",Davidson,Messiah
351,March 29,Easterns 2025,"('13', '2')",Davidson,Mary Washington
352,March 30,Easterns 2025,"('15', '6')",Davidson,Dickinson
353,March 30,Easterns 2025,"('15', '8')",Davidson,Christopher Newport
354,March 29,Free State Classic 2025,"('15', '3')",Kansas,Colorado State [B]
355,March 29,Free State Classic 2025,"('15', '7')",Kansas,Truman State
356,March 29,Free State Classic 2025,"('15', '3')",Kansas,Kansas State
357,March 29,Free State Classic 2025,"('14', '10')",Kansas,Oklahoma State
358,March 30,Free State Classic 2025,"('11', '12')",Kansas,John Brown
359,March 30,Free State Classic 2025,"('15', '4')",Kansas,Colorado State [B]
360,March 30,Free State Classic 2025,"('10', '13')",Kansas,Truman State
361,March 29,Free State Classic 2025,"('15', '13')",Oklahoma State,Truman State
362,March 29,Free State Classic 2025,"('14', '8')",Oklahoma State,John Brown
363,March 29,Free State Classic 2025,"('15', '5')",Oklahoma State,Colorado State [B]
364,March 29,Free State Classic 2025,"('10', '14')",Oklahoma State,Kansas
365,March 30,Free State Classic 2025,"('15', '7')",Oklahoma State,Kansas State
366,March 30,Free State Classic 2025,"('9', '12')",Oklahoma State,Truman State
367,March 30,Free State Classic 2025,"('9', '7')",Oklahoma State,Colorado State [B]
368,March 29,Free State Classic 2025,"('13', '15')",Truman State,Oklahoma State
369,March 29,Free State Classic 2025,"('7', '15')",Truman State,Kansas
370,March 29,Free State Classic 2025,"('12', '11')",Truman State,John Brown
371,March 29,Free State Classic 2025,"('15', '11')",Truman State,Kansas State
372,March 30,Free State Classic 2025,"('15', '2')",Truman State,Colorado State [B]
373,March 30,Free State Classic 2025,"('12', '9')",Truman State,Oklahoma State
374,March 30,Free State Classic 2025,"('13', '10')",Truman State,Kansas
375,March 29,Free State Classic 2025,"('3', '15')",Colorado State [B],Kansas
376,March 29,Free State Classic 2025,"('14', '8')",Colorado State [B],Kansas State
377,March 29,Free State Classic 2025,"('5', '15')",Colorado State [B],Oklahoma State
378,March 29,Free State Classic 2025,"('12', '8')",Colorado State [B],John Brown
379,March 30,Free State Classic 2025,"('2', '15')",Colorado State [B],Truman State
380,March 30,Free State Classic 2025,"('4', '15')",Colorado State [B],Kansas
381,March 30,Free State Classic 2025,"('7', '9')",Colorado State [B],Oklahoma State
382,March 29,Free State Classic 2025,"('15', '4')",John Brown,Kansas State
383,March 29,Free State Classic 2025,"('8', '14')",John Brown,Oklahoma State
384,March 29,Free State Classic 2025,"('11', '12')",John Brown,Truman State
385,March 29,Free State Classic 2025,"('8', '12')",John Brown,Colorado State [B]
386,March 30,Free State Classic 2025,"('12', '11')",John Brown,Kansas
387,March 30,Free State Classic 2025,"('15', '6')",John Brown,Kansas State
388,March 29,Free State Classic 2025,"('4', '15')",Kansas State,John Brown
389,March 29,Free State Classic 2025,"('8', '14')",Kansas State,Colorado State [B]
390,March 29,Free State Classic 2025,"('3', '15')",Kansas State,Kansas
391,March 29,Free State Classic 2025,"('11', '15')",Kansas State,Truman State
392,March 30,Free State Classic 2025,"('7', '15')",Kansas State,Oklahoma State
393,March 30,Free State Classic 2025,"('6', '15')",Kansas State,John Brown
394,March 29,Huckfest 2025,"('13', '1')",Baylor,Sam Houston
395,March 29,Huckfest 2025,"('13', '3')",Baylor,Texas A&M [B]
396,March 29,Huckfest 2025,"('13', '2')",Baylor,Stephen F Austin
397,March 29,Huckfest 2025,"('13', '6')",Baylor,Oklahoma
398,March 30,Huckfest 2025,"('12', '15')",Baylor,Tarleton State
399,March 29,Huckfest 2025,"('13', '5')",Oklahoma,Stephen F Austin
400,March 29,Huckfest 2025,"('13', '6')",Oklahoma,Texas A&M [B]
401,March 29,Huckfest 2025,"('9', '10')",Oklahoma,Sam Houston
402,March 29,Huckfest 2025,"('6', '13')",Oklahoma,Baylor
403,March 30,Huckfest 2025,"('15', '4')",Oklahoma,Rice
404,March 30,Huckfest 2025,"('10', '15')",Oklahoma,Tarleton State
405,March 29,Huckfest 2025,"('1', '13')",Sam Houston,Baylor
406,March 29,Huckfest 2025,"('13', '2')",Sam Houston,Stephen F Austin
407,March 29,Huckfest 2025,"('10', '9')",Sam Houston,Oklahoma
408,March 29,Huckfest 2025,"('6', '9')",Sam Houston,Texas A&M [B]
409,March 30,Huckfest 2025,"('4', '15')",Sam Houston,Texas [B]
410,March 30,Huckfest 2025,"('9', '8')",Sam Houston,Rice
411,March 29,Huckfest 2025,"('12', '11')",Texas A&M [B],Stephen F Austin
412,March 29,Huckfest 2025,"('3', '13')",Texas A&M [B],Baylor
413,March 29,Huckfest 2025,"('6', '13')",Texas A&M [B],Oklahoma
414,March 29,Huckfest 2025,"('9', '6')",Texas A&M [B],Sam Houston
415,March 30,Huckfest 2025,"('11', '8')",Texas A&M [B],Dallas
416,March 30,Huckfest 2025,"('15', '5')",Texas A&M [B],Angelo State
417,March 30,Huckfest 2025,"('13', '9')",Texas A&M [B],Stephen F Austin
418,March 29,Huckfest 2025,"('11', '12')",Stephen F Austin,Texas A&M [B]
419,March 29,Huckfest 2025,"('5', '13')",Stephen F Austin,Oklahoma
420,March 29,Huckfest 2025,"('2', '13')",Stephen F Austin,Sam Houston
421,March 29,Huckfest 2025,"('2', '13')",Stephen F Austin,Baylor
422,March 30,Huckfest 2025,"('10', '11')",Stephen F Austin,Angelo State
423,March 30,Huckfest 2025,"('4', '8')",Stephen F Austin,Dallas
424,March 30,Huckfest 2025,"('9', '13')",Stephen F Austin,Texas A&M [B]
425,March 29,Huckfest 2025,"('13', '8')",Tarleton State,Rice
426,March 29,Huckfest 2025,"('13', '3')",Tarleton State,Dallas
427,March 29,Huckfest 2025,"('13', '0')",Tarleton State,Angelo State
428,March 29,Huckfest 2025,"('13', '10')",Tarleton State,Texas [B]
429,March 30,Huckfest 2025,"('15', '10')",Tarleton State,Oklahoma
430,March 30,Huckfest 2025,"('15', '12')",Tarleton State,Baylor
431,March 29,Huckfest 2025,"('13', '1')",Texas [B],Angelo State
432,March 29,Huckfest 2025,"('13', '4')",Texas [B],Dallas
433,March 29,Huckfest 2025,"('13', '1')",Texas [B],Rice
434,March 29,Huckfest 2025,"('10', '13')",Texas [B],Tarleton State
435,March 30,Huckfest 2025,"('15', '4')",Texas [B],Sam Houston
436,March 29,Huckfest 2025,"('13', '9')",Rice,Dallas
437,March 29,Huckfest 2025,"('8', '13')",Rice,Tarleton State
438,March 29,Huckfest 2025,"('13', '6')",Rice,Angelo State
439,March 29,Huckfest 2025,"('1', '13')",Rice,Texas [B]
440,March 30,Huckfest 2025,"('4', '15')",Rice,Oklahoma
441,March 30,Huckfest 2025,"('8', '9')",Rice,Sam Houston
442,March 29,Huckfest 2025,"('9', '13')",Dallas,Rice
443,March 29,Huckfest 2025,"('4', '13')",Dallas,Texas [B]
444,March 29,Huckfest 2025,"('3', '13')",Dallas,Tarleton State
445,March 29,Huckfest 2025,"('13', '10')",Dallas,Angelo State
446,March 30,Huckfest 2025,"('8', '11')",Dallas,Texas A&M [B]
447,March 30,Huckfest 2025,"('8', '4')",Dallas,Stephen F Austin
448,March 30,Huckfest 2025,"('15', '14')",Dallas,Angelo State
449,March 29,Huckfest 2025,"('1', '13')",Angelo State,Texas [B]
450,March 29,Huckfest 2025,"('6', '13')",Angelo State,Rice
451,March 29,Huckfest 2025,"('0', '13')",Angelo State,Tarleton State
452,March 29,Huckfest 2025,"('10', '13')",Angelo State,Dallas
453,March 30,Huckfest 2025,"('11', '10')",Angelo State,Stephen F Austin
454,March 30,Huckfest 2025,"('5', '15')",Angelo State,Texas A&M [B]
455,March 30,Huckfest 2025,"('14', '15')",Angelo State,Dallas
456,March 29,King of the Hill 2025,"('13', '10')",Eastern Michigan,Hillsdale
457,March 29,King of the Hill 2025,"('9', '8')",Eastern Michigan,Michigan [B]
458,March 29,King of the Hill 2025,"('8', '3')",Eastern Michigan,Grace
459,March 29,King of the Hill 2025,"('13', '4')",Eastern Michigan,Western Michigan
460,March 29,King of the Hill 2025,"('13', '6')",Hillsdale,Michigan [B]
461,March 29,King of the Hill 2025,"('10', '13')",Hillsdale,Eastern Michigan
462,March 29,King of the Hill 2025,"('9', '8')",Hillsdale,Valparaiso
463,March 29,King of the Hill 2025,"('8', '6')",Hillsdale,Grace
464,March 29,King of the Hill 2025,"('6', '13')",Michigan [B],Hillsdale
465,March 29,King of the Hill 2025,"('8', '9')",Michigan [B],Eastern Michigan
466,March 29,King of the Hill 2025,"('13', '3')",Michigan [B],Michigan State [B]
467,March 29,King of the Hill 2025,"('11', '5')",Michigan [B],Valparaiso
468,March 29,King of the Hill 2025,"('12', '6')",Grace,Western Michigan
469,March 29,King of the Hill 2025,"('9', '7')",Grace,Michigan State [B]
470,March 29,King of the Hill 2025,"('3', '8')",Grace,Eastern Michigan
471,March 29,King of the Hill 2025,"('6', '8')",Grace,Hillsdale
472,March 29,King of the Hill 2025,"('11', '2')",Valparaiso,Michigan State [B]
473,March 29,King of the Hill 2025,"('13', '4')",Valparaiso,Western Michigan
474,March 29,King of the Hill 2025,"('8', '9')",Valparaiso,Hillsdale
475,March 29,King of the Hill 2025,"('5', '11')",Valparaiso,Michigan [B]
476,March 29,King of the Hill 2025,"('9', '8')",Michigan State [B],Western Michigan
477,March 29,King of the Hill 2025,"('2', '11')",Michigan State [B],Valparaiso
478,March 29,King of the Hill 2025,"('7', '9')",Michigan State [B],Grace
479,March 29,King of the Hill 2025,"('3', '13')",Michigan State [B],Michigan [B]
480,March 29,King of the Hill 2025,"('8', '9')",Western Michigan,Michigan State [B]
481,March 29,King of the Hill 2025,"('6', '12')",Western Michigan,Grace
482,March 29,King of the Hill 2025,"('4', '13')",Western Michigan,Valparaiso
483,March 29,King of the Hill 2025,"('4', '13')",Western Michigan,Eastern Michigan
484,March 29,Needle in a Ho-Stack 2025,"('13', '5')",Tennessee-Chattanooga,Wake Forest
485,March 29,Needle in a Ho-Stack 2025,"('13', '3')",Tennessee-Chattanooga,South Carolina [B]
486,March 29,Needle in a Ho-Stack 2025,"('12', '3')",Tennessee-Chattanooga,Cedarville
487,March 30,Needle in a Ho-Stack 2025,"('12', '11')",Tennessee-Chattanooga,East Carolina
488,March 30,Needle in a Ho-Stack 2025,"('13', '6')",Tennessee-Chattanooga,Charleston
489,March 30,Needle in a Ho-Stack 2025,"('8', '15')",Tennessee-Chattanooga,Tennessee
490,March 29,Needle in a Ho-Stack 2025,"('5', '13')",Wake Forest,Tennessee-Chattanooga
491,March 29,Needle in a Ho-Stack 2025,"('10', '8')",Wake Forest,Cedarville
492,March 29,Needle in a Ho-Stack 2025,"('7', '5')",Wake Forest,South Carolina [B]
493,March 29,Needle in a Ho-Stack 2025,"('11', '15')",Wake Forest,East Tennessee State
494,March 30,Needle in a Ho-Stack 2025,"('14', '9')",Wake Forest,Georgia College
495,March 30,Needle in a Ho-Stack 2025,"('8', '13')",Wake Forest,North Carolina State [B]
496,March 29,Needle in a Ho-Stack 2025,"('13', '8')",Cedarville,South Carolina [B]
497,March 29,Needle in a Ho-Stack 2025,"('8', '10')",Cedarville,Wake Forest
498,March 29,Needle in a Ho-Stack 2025,"('3', '12')",Cedarville,Tennessee-Chattanooga
499,March 29,Needle in a Ho-Stack 2025,"('7', '9')",Cedarville,North Carolina [B]
500,March 30,Needle in a Ho-Stack 2025,"('5', '15')",Cedarville,North Carolina State [B]
501,March 30,Needle in a Ho-Stack 2025,"('11', '8')",Cedarville,Georgia College
502,March 30,Needle in a Ho-Stack 2025,"('11', '2')",Cedarville,South Carolina [B]
503,March 29,Needle in a Ho-Stack 2025,"('8', '13')",South Carolina [B],Cedarville
504,March 29,Needle in a Ho-Stack 2025,"('3', '13')",South Carolina [B],Tennessee-Chattanooga
505,March 29,Needle in a Ho-Stack 2025,"('5', '7')",South Carolina [B],Wake Forest
506,March 30,Needle in a Ho-Stack 2025,"('4', '15')",South Carolina [B],Embry-Riddle
507,March 30,Needle in a Ho-Stack 2025,"('9', '8')",South Carolina [B],Morehouse
508,March 30,Needle in a Ho-Stack 2025,"('2', '11')",South Carolina [B],Cedarville
509,March 29,Needle in a Ho-Stack 2025,"('13', '3')",Tennessee,Georgia Southern
510,March 29,Needle in a Ho-Stack 2025,"('11', '3')",Tennessee,North Carolina State [B]
511,March 29,Needle in a Ho-Stack 2025,"('13', '7')",Tennessee,East Carolina
512,March 30,Needle in a Ho-Stack 2025,"('15', '0')",Tennessee,East Tennessee State
513,March 30,Needle in a Ho-Stack 2025,"('12', '10')",Tennessee,Appalachian State
514,March 30,Needle in a Ho-Stack 2025,"('15', '8')",Tennessee,Tennessee-Chattanooga
515,March 29,Needle in a Ho-Stack 2025,"('8', '7')",East Carolina,North Carolina State [B]
516,March 29,Needle in a Ho-Stack 2025,"('12', '8')",East Carolina,Georgia Southern
517,March 29,Needle in a Ho-Stack 2025,"('7', '13')",East Carolina,Tennessee
518,March 29,Needle in a Ho-Stack 2025,"('10', '4')",East Carolina,Georgia [B]
519,March 30,Needle in a Ho-Stack 2025,"('11', '12')",East Carolina,Tennessee-Chattanooga
520,March 30,Needle in a Ho-Stack 2025,"('8', '11')",East Carolina,Georgia Southern
521,March 30,Needle in a Ho-Stack 2025,"('5', '11')",East Carolina,North Carolina [B]
522,March 23,Needle in a Ho-Stack 2025,"('10', '7')",Georgia Southern,Embry-Riddle
523,March 29,Needle in a Ho-Stack 2025,"('3', '13')",Georgia Southern,Tennessee
524,March 29,Needle in a Ho-Stack 2025,"('8', '12')",Georgia Southern,East Carolina
525,March 29,Needle in a Ho-Stack 2025,"('10', '9')",Georgia Southern,North Carolina State [B]
526,March 30,Needle in a Ho-Stack 2025,"('7', '15')",Georgia Southern,Charleston
527,March 30,Needle in a Ho-Stack 2025,"('11', '8')",Georgia Southern,East Carolina
528,March 30,Needle in a Ho-Stack 2025,"('15', '13')",Georgia Southern,East Tennessee State
529,March 29,Needle in a Ho-Stack 2025,"('7', '8')",North Carolina State [B],East Carolina
530,March 29,Needle in a Ho-Stack 2025,"('3', '11')",North Carolina State [B],Tennessee
531,March 29,Needle in a Ho-Stack 2025,"('9', '10')",North Carolina State [B],Georgia Southern
532,March 30,Needle in a Ho-Stack 2025,"('15', '5')",North Carolina State [B],Cedarville
533,March 30,Needle in a Ho-Stack 2025,"('13', '8')",North Carolina State [B],Wake Forest
534,March 30,Needle in a Ho-Stack 2025,"('10', '7')",North Carolina State [B],Georgia [B]
535,March 29,Needle in a Ho-Stack 2025,"('13', '3')",Appalachian State,Georgia [B]
536,March 29,Needle in a Ho-Stack 2025,"('13', '2')",Appalachian State,Georgia College
537,March 29,Needle in a Ho-Stack 2025,"('13', '6')",Appalachian State,Embry-Riddle
538,March 30,Needle in a Ho-Stack 2025,"('15', '10')",Appalachian State,North Carolina [B]
539,March 30,Needle in a Ho-Stack 2025,"('10', '12')",Appalachian State,Tennessee
540,March 30,Needle in a Ho-Stack 2025,"('15', '2')",Appalachian State,Charleston
541,March 23,Needle in a Ho-Stack 2025,"('7', '10')",Embry-Riddle,Georgia Southern
542,March 29,Needle in a Ho-Stack 2025,"('13', '6')",Embry-Riddle,Georgia College
543,March 29,Needle in a Ho-Stack 2025,"('11', '6')",Embry-Riddle,Georgia [B]
544,March 29,Needle in a Ho-Stack 2025,"('6', '13')",Embry-Riddle,Appalachian State
545,March 30,Needle in a Ho-Stack 2025,"('15', '4')",Embry-Riddle,South Carolina [B]
546,March 30,Needle in a Ho-Stack 2025,"('7', '13')",Embry-Riddle,Georgia [B]
547,March 29,Needle in a Ho-Stack 2025,"('3', '13')",Georgia [B],Appalachian State
548,March 29,Needle in a Ho-Stack 2025,"('6', '11')",Georgia [B],Embry-Riddle
549,March 29,Needle in a Ho-Stack 2025,"('13', '6')",Georgia [B],Georgia College
550,March 29,Needle in a Ho-Stack 2025,"('4', '10')",Georgia [B],East Carolina
551,March 30,Needle in a Ho-Stack 2025,"('11', '4')",Georgia [B],Morehouse
552,March 30,Needle in a Ho-Stack 2025,"('13', '7')",Georgia [B],Embry-Riddle
553,March 30,Needle in a Ho-Stack 2025,"('7', '10')",Georgia [B],North Carolina State [B]
554,March 29,Needle in a Ho-Stack 2025,"('6', '13')",Georgia College,Embry-Riddle
555,March 29,Needle in a Ho-Stack 2025,"('2', '13')",Georgia College,Appalachian State
556,March 29,Needle in a Ho-Stack 2025,"('6', '13')",Georgia College,Georgia [B]
557,March 30,Needle in a Ho-Stack 2025,"('9', '14')",Georgia College,Wake Forest
558,March 30,Needle in a Ho-Stack 2025,"('8', '11')",Georgia College,Cedarville
559,March 30,Needle in a Ho-Stack 2025,"('9', '7')",Georgia College,Morehouse
560,March 29,Needle in a Ho-Stack 2025,"('12', '8')",Charleston,North Carolina [B]
561,March 29,Needle in a Ho-Stack 2025,"('13', '2')",Charleston,Morehouse
562,March 29,Needle in a Ho-Stack 2025,"('13', '4')",Charleston,East Tennessee State
563,March 30,Needle in a Ho-Stack 2025,"('15', '7')",Charleston,Georgia Southern
564,March 30,Needle in a Ho-Stack 2025,"('6', '13')",Charleston,Tennessee-Chattanooga
565,March 30,Needle in a Ho-Stack 2025,"('2', '15')",Charleston,Appalachian State
566,March 29,Needle in a Ho-Stack 2025,"('8', '12')",North Carolina [B],Charleston
567,March 29,Needle in a Ho-Stack 2025,"('13', '8')",North Carolina [B],East Tennessee State
568,March 29,Needle in a Ho-Stack 2025,"('13', '0')",North Carolina [B],Morehouse
569,March 29,Needle in a Ho-Stack 2025,"('9', '7')",North Carolina [B],Cedarville
570,March 30,Needle in a Ho-Stack 2025,"('10', '15')",North Carolina [B],Appalachian State
571,March 30,Needle in a Ho-Stack 2025,"('11', '13')",North Carolina [B],East Tennessee State
572,March 30,Needle in a Ho-Stack 2025,"('11', '5')",North Carolina [B],East Carolina
573,March 29,Needle in a Ho-Stack 2025,"('13', '4')",East Tennessee State,Morehouse
574,March 29,Needle in a Ho-Stack 2025,"('8', '13')",East Tennessee State,North Carolina [B]
575,March 29,Needle in a Ho-Stack 2025,"('4', '13')",East Tennessee State,Charleston
576,March 29,Needle in a Ho-Stack 2025,"('15', '11')",East Tennessee State,Wake Forest
577,March 30,Needle in a Ho-Stack 2025,"('0', '15')",East Tennessee State,Tennessee
578,March 30,Needle in a Ho-Stack 2025,"('13', '11')",East Tennessee State,North Carolina [B]
579,March 30,Needle in a Ho-Stack 2025,"('13', '15')",East Tennessee State,Georgia Southern
580,March 29,Needle in a Ho-Stack 2025,"('4', '13')",Morehouse,East Tennessee State
581,March 29,Needle in a Ho-Stack 2025,"('2', '13')",Morehouse,Charleston
582,March 29,Needle in a Ho-Stack 2025,"('0', '13')",Morehouse,North Carolina [B]
583,March 30,Needle in a Ho-Stack 2025,"('4', '11')",Morehouse,Georgia [B]
584,March 30,Needle in a Ho-Stack 2025,"('8', '9')",Morehouse,South Carolina [B]
585,March 30,Needle in a Ho-Stack 2025,"('7', '9')",Morehouse,Georgia College
586,March 29,Northeast Classic 2025,"('11', '10')",Penn State [B],College of New Jersey
587,March 29,Northeast Classic 2025,"('13', '3')",Penn State [B],Army
588,March 29,Northeast Classic 2025,"('13', '4')",Penn State [B],SUNY-Cortland
589,March 29,Northeast Classic 2025,"('10', '8')",Penn State [B],Haverford
590,March 30,Northeast Classic 2025,"('13', '12')",Penn State [B],SUNY-Geneseo
591,March 30,Northeast Classic 2025,"('7', '13')",Penn State [B],Ithaca
592,March 30,Northeast Classic 2025,"('11', '13')",Penn State [B],Skidmore
593,March 29,Northeast Classic 2025,"('10', '11')",College of New Jersey,Penn State [B]
594,March 29,Northeast Classic 2025,"('11', '9')",College of New Jersey,Haverford
595,March 29,Northeast Classic 2025,"('13', '4')",College of New Jersey,Army
596,March 29,Northeast Classic 2025,"('13', '4')",College of New Jersey,SUNY-Cortland
597,March 30,Northeast Classic 2025,"('7', '11')",College of New Jersey,Vassar
598,March 30,Northeast Classic 2025,"('13', '7')",College of New Jersey,SUNY-Albany
599,March 30,Northeast Classic 2025,"('5', '13')",College of New Jersey,Haverford
600,March 29,Northeast Classic 2025,"('9', '11')",Haverford,College of New Jersey
601,March 29,Northeast Classic 2025,"('13', '6')",Haverford,SUNY-Cortland
602,March 29,Northeast Classic 2025,"('11', '6')",Haverford,Army
603,March 29,Northeast Classic 2025,"('8', '10')",Haverford,Penn State [B]
604,March 30,Northeast Classic 2025,"('13', '11')",Haverford,Vermont [C]
605,March 30,Northeast Classic 2025,"('7', '13')",Haverford,Ithaca
606,March 30,Northeast Classic 2025,"('12', '7')",Haverford,SUNY-Geneseo
607,March 30,Northeast Classic 2025,"('13', '5')",Haverford,College of New Jersey
608,March 29,Northeast Classic 2025,"('9', '7')",SUNY-Cortland,Army
609,March 29,Northeast Classic 2025,"('6', '13')",SUNY-Cortland,Haverford
610,March 29,Northeast Classic 2025,"('4', '13')",SUNY-Cortland,Penn State [B]
611,March 29,Northeast Classic 2025,"('4', '13')",SUNY-Cortland,College of New Jersey
612,March 30,Northeast Classic 2025,"('4', '13')",SUNY-Cortland,Skidmore
613,March 30,Northeast Classic 2025,"('10', '13')",SUNY-Cortland,Pennsylvania Western
614,March 29,Northeast Classic 2025,"('7', '9')",Army,SUNY-Cortland
615,March 29,Northeast Classic 2025,"('3', '13')",Army,Penn State [B]
616,March 29,Northeast Classic 2025,"('4', '13')",Army,College of New Jersey
617,March 29,Northeast Classic 2025,"('6', '11')",Army,Haverford
618,March 30,Northeast Classic 2025,"('6', '13')",Army,SUNY-Geneseo
619,March 30,Northeast Classic 2025,"('4', '11')",Army,Vermont [C]
620,March 29,Northeast Classic 2025,"('11', '8')",SUNY-Albany,SUNY-Geneseo
621,March 29,Northeast Classic 2025,"('8', '6')",SUNY-Albany,Vassar
622,March 29,Northeast Classic 2025,"('9', '8')",SUNY-Albany,Skidmore
623,March 29,Northeast Classic 2025,"('9', '7')",SUNY-Albany,Ithaca
624,March 30,Northeast Classic 2025,"('8', '12')",SUNY-Albany,Skidmore
625,March 30,Northeast Classic 2025,"('7', '13')",SUNY-Albany,College of New Jersey
626,March 30,Northeast Classic 2025,"('11', '8')",SUNY-Albany,SUNY-Geneseo
627,March 29,Northeast Classic 2025,"('9', '6')",Ithaca,Skidmore
628,March 29,Northeast Classic 2025,"('10', '4')",Ithaca,Vassar
629,March 29,Northeast Classic 2025,"('9', '5')",Ithaca,SUNY-Geneseo
630,March 29,Northeast Classic 2025,"('7', '9')",Ithaca,SUNY-Albany
631,March 30,Northeast Classic 2025,"('13', '7')",Ithaca,Haverford
632,March 30,Northeast Classic 2025,"('13', '7')",Ithaca,Penn State [B]
633,March 30,Northeast Classic 2025,"('10', '11')",Ithaca,Vassar
634,March 29,Northeast Classic 2025,"('9', '10')",Vassar,Skidmore
635,March 29,Northeast Classic 2025,"('6', '8')",Vassar,SUNY-Albany
636,March 29,Northeast Classic 2025,"('4', '10')",Vassar,Ithaca
637,March 29,Northeast Classic 2025,"('10', '7')",Vassar,SUNY-Geneseo
638,March 30,Northeast Classic 2025,"('13', '3')",Vassar,Pennsylvania Western
639,March 30,Northeast Classic 2025,"('11', '7')",Vassar,College of New Jersey
640,March 30,Northeast Classic 2025,"('11', '7')",Vassar,Skidmore
641,March 30,Northeast Classic 2025,"('11', '10')",Vassar,Ithaca
642,March 29,Northeast Classic 2025,"('8', '11')",SUNY-Geneseo,SUNY-Albany
643,March 29,Northeast Classic 2025,"('9', '6')",SUNY-Geneseo,Skidmore
644,March 29,Northeast Classic 2025,"('5', '9')",SUNY-Geneseo,Ithaca
645,March 29,Northeast Classic 2025,"('7', '10')",SUNY-Geneseo,Vassar
646,March 30,Northeast Classic 2025,"('13', '6')",SUNY-Geneseo,Army
647,March 30,Northeast Classic 2025,"('12', '13')",SUNY-Geneseo,Penn State [B]
648,March 30,Northeast Classic 2025,"('7', '12')",SUNY-Geneseo,Haverford
649,March 30,Northeast Classic 2025,"('8', '11')",SUNY-Geneseo,SUNY-Albany
650,March 29,Northeast Classic 2025,"('10', '9')",Skidmore,Vassar
651,March 29,Northeast Classic 2025,"('6', '9')",Skidmore,Ithaca
652,March 29,Northeast Classic 2025,"('6', '9')",Skidmore,SUNY-Geneseo
653,March 29,Northeast Classic 2025,"('8', '9')",Skidmore,SUNY-Albany
654,March 30,Northeast Classic 2025,"('13', '4')",Skidmore,SUNY-Cortland
655,March 30,Northeast Classic 2025,"('12', '8')",Skidmore,SUNY-Albany
656,March 30,Northeast Classic 2025,"('7', '11')",Skidmore,Vassar
657,March 30,Northeast Classic 2025,"('13', '11')",Skidmore,Penn State [B]
658,March 29,Northeast Classic 2025,"('12', '6')",Pennsylvania Western,West Chester [B]
659,March 29,Northeast Classic 2025,"('13', '2')",Pennsylvania Western,Siena
660,March 29,Northeast Classic 2025,"('10', '5')",Pennsylvania Western,Rowan
661,March 29,Northeast Classic 2025,"('10', '6')",Pennsylvania Western,SUNY-Binghamton [B]
662,March 30,Northeast Classic 2025,"('3', '13')",Pennsylvania Western,Vassar
663,March 30,Northeast Classic 2025,"('13', '10')",Pennsylvania Western,SUNY-Cortland
664,March 30,Northeast Classic 2025,"('8', '13')",Pennsylvania Western,Vermont [C]
665,March 29,Northeast Classic 2025,"('13', '4')",Rowan,Siena
666,March 29,Northeast Classic 2025,"('13', '3')",Rowan,SUNY-Binghamton [B]
667,March 29,Northeast Classic 2025,"('5', '10')",Rowan,Pennsylvania Western
668,March 29,Northeast Classic 2025,"('9', '8')",Rowan,West Chester [B]
669,March 30,Northeast Classic 2025,"('13', '0')",Rowan,SUNY-Albany [B]
670,March 30,Northeast Classic 2025,"('9', '10')",Rowan,Cornell [B]
671,March 30,Northeast Classic 2025,"('13', '5')",Rowan,SUNY-Binghamton [B]
672,March 29,Northeast Classic 2025,"('13', '2')",SUNYinghamton [B],Siena
673,March 29,Northeast Classic 2025,"('13', '6')",SUNYinghamton [B],West Chester [B]
674,March 29,Northeast Classic 2025,"('3', '13')",SUNYinghamton [B],Rowan
675,March 29,Northeast Classic 2025,"('6', '10')",SUNYinghamton [B],Pennsylvania Western
676,March 30,Northeast Classic 2025,"('10', '6')",SUNYinghamton [B],Stevens Tech
677,March 30,Northeast Classic 2025,"('2', '13')",SUNYinghamton [B],Hofstra
678,March 30,Northeast Classic 2025,"('5', '13')",SUNYinghamton [B],Rowan
679,March 29,Northeast Classic 2025,"('6', '12')",West Chester [B],Pennsylvania Western
680,March 29,Northeast Classic 2025,"('6', '13')",West Chester [B],SUNY-Binghamton [B]
681,March 29,Northeast Classic 2025,"('10', '4')",West Chester [B],Siena
682,March 29,Northeast Classic 2025,"('8', '9')",West Chester [B],Rowan
683,March 30,Northeast Classic 2025,"('10', '11')",West Chester [B],Cornell [B]
684,March 30,Northeast Classic 2025,"('13', '0')",West Chester [B],SUNY-Albany [B]
685,March 30,Northeast Classic 2025,"('9', '12')",West Chester [B],Stevens Tech
686,March 29,Northeast Classic 2025,"('2', '13')",Siena,SUNY-Binghamton [B]
687,March 29,Northeast Classic 2025,"('4', '13')",Siena,Rowan
688,March 29,Northeast Classic 2025,"('2', '13')",Siena,Pennsylvania Western
689,March 29,Northeast Classic 2025,"('4', '10')",Siena,West Chester [B]
690,March 30,Northeast Classic 2025,"('1', '13')",Siena,Hofstra
691,March 30,Northeast Classic 2025,"('5', '11')",Siena,Stevens Tech
692,March 29,Northeast Classic 2025,"('13', '4')",Vermont-C,Stevens Tech
693,March 29,Northeast Classic 2025,"('13', '2')",Vermont-C,Hofstra
694,March 29,Northeast Classic 2025,"('13', '1')",Vermont-C,SUNY-Albany [B]
695,March 29,Northeast Classic 2025,"('7', '3')",Vermont-C,Cornell [B]
696,March 30,Northeast Classic 2025,"('11', '13')",Vermont-C,Haverford
697,March 30,Northeast Classic 2025,"('11', '4')",Vermont-C,Army
698,March 30,Northeast Classic 2025,"('13', '8')",Vermont-C,Pennsylvania Western
699,March 29,Northeast Classic 2025,"('2', '13')",Hofstra,Vermont [C]
700,March 29,Northeast Classic 2025,"('6', '7')",Hofstra,Stevens Tech
701,March 29,Northeast Classic 2025,"('12', '2')",Hofstra,SUNY-Albany [B]
702,March 29,Northeast Classic 2025,"('9', '5')",Hofstra,Cornell [B]
703,March 30,Northeast Classic 2025,"('13', '1')",Hofstra,Siena
704,March 30,Northeast Classic 2025,"('13', '2')",Hofstra,SUNY-Binghamton [B]
705,March 30,Northeast Classic 2025,"('11', '9')",Hofstra,Cornell [B]
706,March 29,Northeast Classic 2025,"('13', '4')",Cornell [B],SUNY-Albany [B]
707,March 29,Northeast Classic 2025,"('10', '5')",Cornell [B],Stevens Tech
708,March 29,Northeast Classic 2025,"('3', '7')",Cornell [B],Vermont [C]
709,March 29,Northeast Classic 2025,"('5', '9')",Cornell [B],Hofstra
710,March 30,Northeast Classic 2025,"('11', '10')",Cornell [B],West Chester [B]
711,March 30,Northeast Classic 2025,"('10', '9')",Cornell [B],Rowan
712,March 30,Northeast Classic 2025,"('9', '11')",Cornell [B],Hofstra
713,March 29,Northeast Classic 2025,"('4', '13')",Stevens Tech,Vermont [C]
714,March 29,Northeast Classic 2025,"('5', '10')",Stevens Tech,Cornell [B]
715,March 29,Northeast Classic 2025,"('7', '6')",Stevens Tech,Hofstra
716,March 29,Northeast Classic 2025,"('13', '2')",Stevens Tech,SUNY-Albany [B]
717,March 30,Northeast Classic 2025,"('6', '10')",Stevens Tech,SUNY-Binghamton [B]
718,March 30,Northeast Classic 2025,"('11', '5')",Stevens Tech,Siena
719,March 30,Northeast Classic 2025,"('12', '9')",Stevens Tech,West Chester [B]
720,March 29,Northeast Classic 2025,"('4', '13')",SUNY-Albany [B],Cornell [B]
721,March 29,Northeast Classic 2025,"('1', '13')",SUNY-Albany [B],Vermont [C]
722,March 29,Northeast Classic 2025,"('2', '12')",SUNY-Albany [B],Hofstra
723,March 29,Northeast Classic 2025,"('2', '13')",SUNY-Albany [B],Stevens Tech
724,March 30,Northeast Classic 2025,"('0', '13')",SUNY-Albany [B],Rowan
725,March 30,Northeast Classic 2025,"('0', '13')",SUNY-Albany [B],West Chester [B]
726,March 29,Ocean State Invite 2025,"('13', '2')",Tufts [B],Boston University [B]
727,March 29,Ocean State Invite 2025,"('13', '2')",Tufts [B],Central Connecticut State
728,March 29,Ocean State Invite 2025,"('13', '2')",Tufts [B],Providence
729,March 29,Ocean State Invite 2025,"('11', '4')",Tufts [B],Connecticut College
730,March 30,Ocean State Invite 2025,"('8', '12')",Tufts [B],Rhode Island
731,March 30,Ocean State Invite 2025,"('15', '4')",Tufts [B],Central Connecticut State
732,March 29,Ocean State Invite 2025,"('2', '13')",Central Connecticut State,Tufts [B]
733,March 29,Ocean State Invite 2025,"('6', '5')",Central Connecticut State,Connecticut College
734,March 29,Ocean State Invite 2025,"('8', '4')",Central Connecticut State,Boston University [B]
735,March 29,Ocean State Invite 2025,"('11', '4')",Central Connecticut State,Providence
736,March 30,Ocean State Invite 2025,"('1', '15')",Central Connecticut State,Maine
737,March 30,Ocean State Invite 2025,"('4', '15')",Central Connecticut State,Tufts [B]
738,March 29,Ocean State Invite 2025,"('8', '5')",Connecticut College,Providence
739,March 29,Ocean State Invite 2025,"('12', '4')",Connecticut College,Boston University [B]
740,March 29,Ocean State Invite 2025,"('5', '6')",Connecticut College,Central Connecticut State
741,March 29,Ocean State Invite 2025,"('4', '11')",Connecticut College,Tufts [B]
742,March 30,Ocean State Invite 2025,"('11', '6')",Connecticut College,Rensselaer Polytechnic Institute
743,March 30,Ocean State Invite 2025,"('11', '8')",Connecticut College,Roger Williams
744,March 29,Ocean State Invite 2025,"('5', '8')",Providence,Connecticut College
745,March 29,Ocean State Invite 2025,"('5', '2')",Providence,Boston University [B]
746,March 29,Ocean State Invite 2025,"('2', '13')",Providence,Tufts [B]
747,March 29,Ocean State Invite 2025,"('4', '11')",Providence,Central Connecticut State
748,March 30,Ocean State Invite 2025,"('8', '11')",Providence,Roger Williams
749,March 30,Ocean State Invite 2025,"('6', '13')",Providence,Rensselaer Polytechnic Institute
750,March 29,Ocean State Invite 2025,"('2', '13')",Boston University [B],Tufts [B]
751,March 29,Ocean State Invite 2025,"('4', '12')",Boston University [B],Connecticut College
752,March 29,Ocean State Invite 2025,"('2', '5')",Boston University [B],Providence
753,March 29,Ocean State Invite 2025,"('4', '8')",Boston University [B],Central Connecticut State
754,March 30,Ocean State Invite 2025,"('2', '10')",Boston University [B],Rensselaer Polytechnic Institute
755,March 29,Ocean State Invite 2025,"('11', '5')",Maine,Roger Williams
756,March 29,Ocean State Invite 2025,"('10', '4')",Maine,Rensselaer Polytechnic Institute
757,March 29,Ocean State Invite 2025,"('11', '10')",Maine,Rhode Island
758,March 30,Ocean State Invite 2025,"('15', '1')",Maine,Central Connecticut State
759,March 30,Ocean State Invite 2025,"('11', '6')",Maine,Rhode Island
760,March 29,Ocean State Invite 2025,"('10', '4')",Rhode Island,Rensselaer Polytechnic Institute
761,March 29,Ocean State Invite 2025,"('9', '5')",Rhode Island,Roger Williams
762,March 29,Ocean State Invite 2025,"('10', '11')",Rhode Island,Maine
763,March 30,Ocean State Invite 2025,"('12', '8')",Rhode Island,Tufts [B]
764,March 30,Ocean State Invite 2025,"('6', '11')",Rhode Island,Maine
765,March 29,Ocean State Invite 2025,"('5', '11')",Roger Williams,Maine
766,March 29,Ocean State Invite 2025,"('5', '9')",Roger Williams,Rhode Island
767,March 29,Ocean State Invite 2025,"('5', '4')",Roger Williams,Rensselaer Polytechnic Institute
768,March 30,Ocean State Invite 2025,"('11', '8')",Roger Williams,Providence
769,March 30,Ocean State Invite 2025,"('8', '11')",Roger Williams,Connecticut College
770,March 29,Ocean State Invite 2025,"('4', '10')",Rensselaer Polytechnic Institute,Rhode Island
771,March 29,Ocean State Invite 2025,"('4', '10')",Rensselaer Polytechnic Institute,Maine
772,March 29,Ocean State Invite 2025,"('4', '5')",Rensselaer Polytechnic Institute,Roger Williams
773,March 30,Ocean State Invite 2025,"('10', '2')",Rensselaer Polytechnic Institute,Boston University [B]
774,March 30,Ocean State Invite 2025,"('6', '11')",Rensselaer Polytechnic Institute,Connecticut College
775,March 30,Ocean State Invite 2025,"('13', '6')",Rensselaer Polytechnic Institute,Providence
776,October 18,The Lobster Pot 2025,"('12', '9')",Keene State,Northeastern [C]
777,October 18,The Lobster Pot 2025,"('5', '9')",Keene State,New Hampshire
778,October 18,The Lobster Pot 2025,"('11', '10')",Keene State,Plymouth State University
779,October 19,The Lobster Pot 2025,"('8', '12')",Keene State,Wentworth
780,October 19,The Lobster Pot 2025,"('0', '1')",Keene State,Bentley
781,October 19,The Lobster Pot 2025,"('4', '11')",Keene State,Fairfield
782,October 18,The Lobster Pot 2025,"('9', '12')",Northeastern-C,Keene State
783,October 18,The Lobster Pot 2025,"('9', '8')",Northeastern-C,Plymouth State University
784,October 18,The Lobster Pot 2025,"('12', '7')",Northeastern-C,New Hampshire
785,October 19,The Lobster Pot 2025,"('6', '11')",Northeastern-C,Stonehill
786,October 19,The Lobster Pot 2025,"('15', '7')",Northeastern-C,Fairfield
787,October 19,The Lobster Pot 2025,"('8', '6')",Northeastern-C,Bentley
788,October 18,The Lobster Pot 2025,"('11', '7')",Plymouth State University,New Hampshire
789,October 18,The Lobster Pot 2025,"('8', '9')",Plymouth State University,Northeastern [C]
790,October 18,The Lobster Pot 2025,"('10', '11')",Plymouth State University,Keene State
791,October 19,The Lobster Pot 2025,"('10', '5')",Plymouth State University,MIT [B]
792,October 19,The Lobster Pot 2025,"('12', '8')",Plymouth State University,Providence
793,October 19,The Lobster Pot 2025,"('6', '11')",Plymouth State University,Connecticut [B]
794,October 18,The Lobster Pot 2025,"('7', '11')",New Hampshire,Plymouth State University
795,October 18,The Lobster Pot 2025,"('9', '5')",New Hampshire,Keene State
796,October 18,The Lobster Pot 2025,"('7', '12')",New Hampshire,Northeastern [C]
797,October 19,The Lobster Pot 2025,"('10', '11')",New Hampshire,Dartmouth [B]
798,October 19,The Lobster Pot 2025,"('1', '0')",New Hampshire,Massachusetts-Lowell
799,October 19,The Lobster Pot 2025,"('13', '5')",New Hampshire,Southern New Hampshire University
800,October 18,The Lobster Pot 2025,"('15', '10')",Stonehill,Dartmouth [B]
801,October 18,The Lobster Pot 2025,"('15', '4')",Stonehill,MIT [B]
802,October 18,The Lobster Pot 2025,"('13', '8')",Stonehill,Wentworth
803,October 19,The Lobster Pot 2025,"('11', '6')",Stonehill,Northeastern [C]
804,October 19,The Lobster Pot 2025,"('13', '6')",Stonehill,Vermont [C]
805,October 19,The Lobster Pot 2025,"('12', '7')",Stonehill,Western New England
806,October 18,The Lobster Pot 2025,"('14', '5')",Wentworth,MIT [B]
807,October 18,The Lobster Pot 2025,"('10', '8')",Wentworth,Dartmouth [B]
808,October 18,The Lobster Pot 2025,"('8', '13')",Wentworth,Stonehill
809,October 19,The Lobster Pot 2025,"('12', '8')",Wentworth,Keene State
810,October 19,The Lobster Pot 2025,"('8', '11')",Wentworth,Western New England
811,October 19,The Lobster Pot 2025,"('6', '9')",Wentworth,Vermont [C]
812,October 18,The Lobster Pot 2025,"('10', '15')",Dartmouth [B],Stonehill
813,October 18,The Lobster Pot 2025,"('8', '10')",Dartmouth [B],Wentworth
814,October 18,The Lobster Pot 2025,"('15', '4')",Dartmouth [B],MIT [B]
815,October 19,The Lobster Pot 2025,"('11', '10')",Dartmouth [B],New Hampshire
816,October 19,The Lobster Pot 2025,"('4', '10')",Dartmouth [B],Connecticut [B]
817,October 19,The Lobster Pot 2025,"('10', '11')",Dartmouth [B],Providence
818,October 18,The Lobster Pot 2025,"('5', '14')",MIT [B],Wentworth
819,October 18,The Lobster Pot 2025,"('4', '15')",MIT [B],Stonehill
820,October 18,The Lobster Pot 2025,"('4', '15')",MIT [B],Dartmouth [B]
821,October 19,The Lobster Pot 2025,"('5', '10')",MIT [B],Plymouth State University
822,October 19,The Lobster Pot 2025,"('6', '11')",MIT [B],Southern New Hampshire University
823,October 19,The Lobster Pot 2025,"('7', '12')",MIT [B],Massachusetts-Lowell
824,October 18,The Lobster Pot 2025,"('15', '12')",Bentley,Fairfield
825,October 18,The Lobster Pot 2025,"('11', '9')",Bentley,Providence
826,October 18,The Lobster Pot 2025,"('12', '9')",Bentley,Connecticut [B]
827,October 19,The Lobster Pot 2025,"('11', '12')",Bentley,Vermont [C]
828,October 19,The Lobster Pot 2025,"('1', '0')",Bentley,Keene State
829,October 19,The Lobster Pot 2025,"('6', '8')",Bentley,Northeastern [C]
830,October 18,The Lobster Pot 2025,"('12', '15')",Fairfield,Bentley
831,October 18,The Lobster Pot 2025,"('12', '11')",Fairfield,Connecticut [B]
832,October 18,The Lobster Pot 2025,"('15', '10')",Fairfield,Providence
833,October 19,The Lobster Pot 2025,"('7', '10')",Fairfield,Western New England
834,October 19,The Lobster Pot 2025,"('7', '15')",Fairfield,Northeastern [C]
835,October 19,The Lobster Pot 2025,"('11', '4')",Fairfield,Keene State
836,October 18,The Lobster Pot 2025,"('12', '11')",Connecticut [B],Providence
837,October 18,The Lobster Pot 2025,"('11', '12')",Connecticut [B],Fairfield
838,October 18,The Lobster Pot 2025,"('9', '12')",Connecticut [B],Bentley
839,October 19,The Lobster Pot 2025,"('13', '7')",Connecticut [B],Southern New Hampshire University
840,October 19,The Lobster Pot 2025,"('10', '4')",Connecticut [B],Dartmouth [B]
841,October 19,The Lobster Pot 2025,"('11', '6')",Connecticut [B],Plymouth State University
842,October 18,The Lobster Pot 2025,"('11', '12')",Providence,Connecticut [B]
843,October 18,The Lobster Pot 2025,"('9', '11')",Providence,Bentley
844,October 18,The Lobster Pot 2025,"('10', '15')",Providence,Fairfield
845,October 19,The Lobster Pot 2025,"('12', '8')",Providence,Massachusetts-Lowell
846,October 19,The Lobster Pot 2025,"('8', '12')",Providence,Plymouth State University
847,October 19,The Lobster Pot 2025,"('11', '10')",Providence,Dartmouth [B]
848,October 18,The Lobster Pot 2025,"('11', '7')",Western New England,Vermont [C]
849,October 18,The Lobster Pot 2025,"('10', '8')",Western New England,Massachusetts-Lowell
850,October 18,The Lobster Pot 2025,"('15', '3')",Western New England,Southern New Hampshire University
851,October 19,The Lobster Pot 2025,"('10', '7')",Western New England,Fairfield
852,October 19,The Lobster Pot 2025,"('11', '8')",Western New England,Wentworth
853,October 19,The Lobster Pot 2025,"('7', '12')",Western New England,Stonehill
854,October 18,The Lobster Pot 2025,"('7', '11')",Vermont-C,Western New England
855,October 18,The Lobster Pot 2025,"('14', '4')",Vermont-C,Southern New Hampshire University
856,October 18,The Lobster Pot 2025,"('14', '8')",Vermont-C,Massachusetts-Lowell
857,October 19,The Lobster Pot 2025,"('12', '11')",Vermont-C,Bentley
858,October 19,The Lobster Pot 2025,"('6', '13')",Vermont-C,Stonehill
859,October 19,The Lobster Pot 2025,"('9', '6')",Vermont-C,Wentworth
860,October 18,The Lobster Pot 2025,"('15', '5')",Massachusetts-Lowell,Southern New Hampshire University
861,October 18,The Lobster Pot 2025,"('8', '10')",Massachusetts-Lowell,Western New England
862,October 18,The Lobster Pot 2025,"('8', '14')",Massachusetts-Lowell,Vermont [C]
863,October 19,The Lobster Pot 2025,"('8', '12')",Massachusetts-Lowell,Providence
864,October 19,The Lobster Pot 2025,"('0', '1')",Massachusetts-Lowell,New Hampshire
865,October 19,The Lobster Pot 2025,"('12', '7')",Massachusetts-Lowell,MIT [B]
866,October 18,The Lobster Pot 2025,"('5', '15')",Southern New Hampshire University,Massachusetts-Lowell
867,October 18,The Lobster Pot 2025,"('4', '14')",Southern New Hampshire University,Vermont [C]
868,October 18,The Lobster Pot 2025,"('3', '15')",Southern New Hampshire University,Western New England
869,October 19,The Lobster Pot 2025,"('7', '13')",Southern New Hampshire University,Connecticut [B]
870,October 19,The Lobster Pot 2025,"('11', '6')",Southern New Hampshire University,MIT [B]
871,October 19,The Lobster Pot 2025,"('5', '13')",Southern New Hampshire University,New Hampshire
872,October 18,The Lobster Pot 2025,"('15', '8')",Massachusetts  [B],Bryant
873,October 18,The Lobster Pot 2025,"('13', '8')",Massachusetts  [B],Northeastern [B]
874,October 18,The Lobster Pot 2025,"('11', '5')",Massachusetts  [B],Wesleyan
875,October 19,The Lobster Pot 2025,"('15', '10')",Massachusetts  [B],Brandeis
876,October 19,The Lobster Pot 2025,"('12', '11')",Massachusetts  [B],Boston College
877,October 19,The Lobster Pot 2025,"('12', '10')",Massachusetts  [B],Rochester
878,October 18,The Lobster Pot 2025,"('8', '15')",Bryant,Massachusetts [B]
879,October 18,The Lobster Pot 2025,"('10', '7')",Bryant,Wesleyan
880,October 18,The Lobster Pot 2025,"('12', '7')",Bryant,Northeastern [B]
881,October 19,The Lobster Pot 2025,"('8', '12')",Bryant,Rochester
882,October 19,The Lobster Pot 2025,"('9', '12')",Bryant,MIT
883,October 18,The Lobster Pot 2025,"('13', '11')",Wesleyan,Northeastern [B]
884,October 18,The Lobster Pot 2025,"('7', '10')",Wesleyan,Bryant
885,October 18,The Lobster Pot 2025,"('5', '11')",Wesleyan,Massachusetts [B]
886,October 19,The Lobster Pot 2025,"('10', '9')",Wesleyan,Tufts [B]
887,October 19,The Lobster Pot 2025,"('11', '9')",Wesleyan,Bowdoin
888,October 19,The Lobster Pot 2025,"('6', '12')",Wesleyan,Colby
889,October 18,The Lobster Pot 2025,"('11', '13')",Northeastern [B],Wesleyan
890,October 18,The Lobster Pot 2025,"('8', '13')",Northeastern [B],Massachusetts [B]
891,October 18,The Lobster Pot 2025,"('7', '12')",Northeastern [B],Bryant
892,October 19,The Lobster Pot 2025,"('10', '11')",Northeastern [B],Brown [B]
893,October 19,The Lobster Pot 2025,"('13', '12')",Northeastern [B],Central Connecticut State
894,October 19,The Lobster Pot 2025,"('8', '10')",Northeastern [B],Tufts [B]
895,October 18,The Lobster Pot 2025,"('13', '5')",Rochester,Tufts [B]
896,October 18,The Lobster Pot 2025,"('15', '8')",Rochester,Brown [B]
897,October 18,The Lobster Pot 2025,"('11', '9')",Rochester,Brandeis
898,October 19,The Lobster Pot 2025,"('12', '8')",Rochester,Bryant
899,October 19,The Lobster Pot 2025,"('14', '11')",Rochester,Maine
900,October 19,The Lobster Pot 2025,"('10', '12')",Rochester,Massachusetts [B]
901,October 18,The Lobster Pot 2025,"('13', '10')",Brandeis,Brown [B]
902,October 18,The Lobster Pot 2025,"('11', '10')",Brandeis,Tufts [B]
903,October 18,The Lobster Pot 2025,"('9', '11')",Brandeis,Rochester
904,October 19,The Lobster Pot 2025,"('10', '15')",Brandeis,Massachusetts [B]
905,October 19,The Lobster Pot 2025,"('10', '11')",Brandeis,Harvard
906,October 18,The Lobster Pot 2025,"('10', '13')",Brown [B],Brandeis
907,October 18,The Lobster Pot 2025,"('8', '15')",Brown [B],Rochester
908,October 18,The Lobster Pot 2025,"('10', '8')",Brown [B],Tufts [B]
909,October 19,The Lobster Pot 2025,"('11', '10')",Brown [B],Northeastern [B]
910,October 19,The Lobster Pot 2025,"('8', '14')",Brown [B],Colby
911,October 19,The Lobster Pot 2025,"('14', '7')",Brown [B],Bowdoin
912,October 18,The Lobster Pot 2025,"('5', '13')",Tufts [B],Rochester
913,October 18,The Lobster Pot 2025,"('10', '11')",Tufts [B],Brandeis
914,October 18,The Lobster Pot 2025,"('8', '10')",Tufts [B],Brown [B]
915,October 19,The Lobster Pot 2025,"('9', '10')",Tufts [B],Wesleyan
916,October 19,The Lobster Pot 2025,"('15', '5')",Tufts [B],Bates
917,October 19,The Lobster Pot 2025,"('10', '8')",Tufts [B],Northeastern [B]
918,October 18,The Lobster Pot 2025,"('12', '8')",Maine,Colby
919,October 18,The Lobster Pot 2025,"('11', '12')",Maine,Central Connecticut State
920,October 18,The Lobster Pot 2025,"('12', '10')",Maine,Boston College
921,October 19,The Lobster Pot 2025,"('14', '9')",Maine,Harvard
922,October 19,The Lobster Pot 2025,"('11', '14')",Maine,Rochester
923,October 19,The Lobster Pot 2025,"('7', '11')",Maine,Boston College
924,October 18,The Lobster Pot 2025,"('15', '6')",Boston College,Central Connecticut State
925,October 18,The Lobster Pot 2025,"('15', '2')",Boston College,Colby
926,October 18,The Lobster Pot 2025,"('10', '12')",Boston College,Maine
927,October 19,The Lobster Pot 2025,"('13', '8')",Boston College,MIT
928,October 19,The Lobster Pot 2025,"('11', '12')",Boston College,Massachusetts [B]
929,October 19,The Lobster Pot 2025,"('11', '7')",Boston College,Maine
930,October 18,The Lobster Pot 2025,"('8', '12')",Colby,Maine
931,October 18,The Lobster Pot 2025,"('2', '15')",Colby,Boston College
932,October 18,The Lobster Pot 2025,"('15', '8')",Colby,Central Connecticut State
933,October 19,The Lobster Pot 2025,"('15', '5')",Colby,Bates
934,October 19,The Lobster Pot 2025,"('14', '8')",Colby,Brown [B]
935,October 19,The Lobster Pot 2025,"('12', '6')",Colby,Wesleyan
936,October 18,The Lobster Pot 2025,"('6', '15')",Central Connecticut State,Boston College
937,October 18,The Lobster Pot 2025,"('12', '11')",Central Connecticut State,Maine
938,October 18,The Lobster Pot 2025,"('8', '15')",Central Connecticut State,Colby
939,October 19,The Lobster Pot 2025,"('12', '13')",Central Connecticut State,Bowdoin
940,October 19,The Lobster Pot 2025,"('12', '13')",Central Connecticut State,Northeastern [B]
941,October 19,The Lobster Pot 2025,"('11', '9')",Central Connecticut State,Bates
942,October 18,The Lobster Pot 2025,"('15', '11')",MIT,Bowdoin
943,October 18,The Lobster Pot 2025,"('9', '7')",MIT,Bates
944,October 18,The Lobster Pot 2025,"('15', '8')",MIT,Harvard
945,October 19,The Lobster Pot 2025,"('8', '13')",MIT,Boston College
946,October 19,The Lobster Pot 2025,"('12', '9')",MIT,Bryant
947,October 19,The Lobster Pot 2025,"('11', '5')",MIT,Harvard
948,October 18,The Lobster Pot 2025,"('12', '5')",Harvard,Bates
949,October 18,The Lobster Pot 2025,"('15', '5')",Harvard,Bowdoin
950,October 18,The Lobster Pot 2025,"('8', '15')",Harvard,MIT
951,October 19,The Lobster Pot 2025,"('9', '14')",Harvard,Maine
952,October 19,The Lobster Pot 2025,"('11', '10')",Harvard,Brandeis
953,October 19,The Lobster Pot 2025,"('5', '11')",Harvard,MIT
954,October 18,The Lobster Pot 2025,"('11', '15')",Bowdoin,MIT
955,October 18,The Lobster Pot 2025,"('5', '15')",Bowdoin,Harvard
956,October 18,The Lobster Pot 2025,"('12', '8')",Bowdoin,Bates
957,October 19,The Lobster Pot 2025,"('13', '12')",Bowdoin,Central Connecticut State
958,October 19,The Lobster Pot 2025,"('9', '11')",Bowdoin,Wesleyan
959,October 19,The Lobster Pot 2025,"('7', '14')",Bowdoin,Brown [B]
960,October 18,The Lobster Pot 2025,"('5', '12')",Bates,Harvard
961,October 18,The Lobster Pot 2025,"('7', '9')",Bates,MIT
962,October 18,The Lobster Pot 2025,"('8', '12')",Bates,Bowdoin
963,October 19,The Lobster Pot 2025,"('5', '15')",Bates,Colby
964,October 19,The Lobster Pot 2025,"('5', '15')",Bates,Tufts [B]
965,October 19,The Lobster Pot 2025,"('9', '11')",Bates,Central Connecticut State
966,October 18,The Lobster Pot 2025,"('13', '12')",North Carolina-Wilmington,Vermont
967,October 18,The Lobster Pot 2025,"('13', '15')",North Carolina-Wilmington,Massachusetts
968,October 18,The Lobster Pot 2025,"('15', '8')",North Carolina-Wilmington,Tufts
969,October 19,The Lobster Pot 2025,"('15', '7')",North Carolina-Wilmington,Dartmouth
970,October 19,The Lobster Pot 2025,"('12', '10')",North Carolina-Wilmington,Florida
971,October 19,The Lobster Pot 2025,"('14', '12')",North Carolina-Wilmington,Vermont
972,October 18,The Lobster Pot 2025,"('12', '13')",Vermont,North Carolina-Wilmington
973,October 18,The Lobster Pot 2025,"('15', '7')",Vermont,Tufts
974,October 18,The Lobster Pot 2025,"('13', '12')",Vermont,Massachusetts
975,October 19,The Lobster Pot 2025,"('14', '10')",Vermont,SUNY-Buffalo
976,October 19,The Lobster Pot 2025,"('15', '11')",Vermont,Brown
977,October 19,The Lobster Pot 2025,"('12', '14')",Vermont,North Carolina-Wilmington
978,October 18,The Lobster Pot 2025,"('15', '13')",Tufts,Massachusetts
979,October 18,The Lobster Pot 2025,"('7', '15')",Tufts,Vermont
980,October 18,The Lobster Pot 2025,"('8', '15')",Tufts,North Carolina-Wilmington
981,October 19,The Lobster Pot 2025,"('15', '7')",Tufts,Williams
982,October 19,The Lobster Pot 2025,"('10', '5')",Tufts,Middlebury
983,October 19,The Lobster Pot 2025,"('12', '10')",Tufts,Northeastern
984,October 18,The Lobster Pot 2025,"('13', '15')",Massachusetts,Tufts
985,October 18,The Lobster Pot 2025,"('15', '13')",Massachusetts,North Carolina-Wilmington
986,October 18,The Lobster Pot 2025,"('12', '13')",Massachusetts,Vermont
987,October 19,The Lobster Pot 2025,"('15', '5')",Massachusetts,Rhode Island
988,October 19,The Lobster Pot 2025,"('0', '1')",Massachusetts,Northeastern
989,October 19,The Lobster Pot 2025,"('10', '9')",Massachusetts,Middlebury
990,October 18,The Lobster Pot 2025,"('14', '12')",Brown,Florida
991,October 18,The Lobster Pot 2025,"('14', '12')",Brown,Middlebury
992,October 18,The Lobster Pot 2025,"('14', '13')",Brown,Northeastern
993,October 19,The Lobster Pot 2025,"('15', '8')",Brown,Syracuse
994,October 19,The Lobster Pot 2025,"('11', '15')",Brown,Vermont
995,October 19,The Lobster Pot 2025,"('15', '10')",Brown,Florida
996,October 18,The Lobster Pot 2025,"('12', '14')",Florida,Brown
997,October 18,The Lobster Pot 2025,"('14', '10')",Florida,Northeastern
998,October 18,The Lobster Pot 2025,"('13', '10')",Florida,Middlebury
999,October 19,The Lobster Pot 2025,"('12', '11')",Florida,Vermont [B]
1000,October 19,The Lobster Pot 2025,"('10', '12')",Florida,North Carolina-Wilmington
1001,October 19,The Lobster Pot 2025,"('10', '15')",Florida,Brown
1002,October 18,The Lobster Pot 2025,"('14', '13')",Northeastern,Middlebury
1003,October 18,The Lobster Pot 2025,"('10', '14')",Northeastern,Florida
1004,October 18,The Lobster Pot 2025,"('13', '14')",Northeastern,Brown
1005,October 19,The Lobster Pot 2025,"('15', '6')",Northeastern,Connecticut
1006,October 19,The Lobster Pot 2025,"('1', '0')",Northeastern,Massachusetts
1007,October 19,The Lobster Pot 2025,"('10', '12')",Northeastern,Tufts
1008,October 18,The Lobster Pot 2025,"('13', '14')",Middlebury,Northeastern
1009,October 18,The Lobster Pot 2025,"('12', '14')",Middlebury,Brown
1010,October 18,The Lobster Pot 2025,"('10', '13')",Middlebury,Florida
1011,October 19,The Lobster Pot 2025,"('14', '6')",Middlebury,Yale
1012,October 19,The Lobster Pot 2025,"('5', '10')",Middlebury,Tufts
1013,October 19,The Lobster Pot 2025,"('9', '10')",Middlebury,Massachusetts
1014,October 18,The Lobster Pot 2025,"('12', '9')",Vermont [B],Yale
1015,October 18,The Lobster Pot 2025,"('12', '6')",Vermont [B],Cornell
1016,October 18,The Lobster Pot 2025,"('14', '5')",Vermont [B],Connecticut
1017,October 19,The Lobster Pot 2025,"('11', '12')",Vermont [B],Florida
1018,October 19,The Lobster Pot 2025,"('14', '6')",Vermont [B],Dartmouth
1019,October 19,The Lobster Pot 2025,"('12', '9')",Vermont [B],Syracuse
1020,October 18,The Lobster Pot 2025,"('9', '12')",Yale,Vermont [B]
1021,October 18,The Lobster Pot 2025,"('11', '5')",Yale,Connecticut
1022,October 18,The Lobster Pot 2025,"('11', '13')",Yale,Cornell
1023,October 19,The Lobster Pot 2025,"('6', '14')",Yale,Middlebury
1024,October 19,The Lobster Pot 2025,"('10', '11')",Yale,Williams
1025,October 19,The Lobster Pot 2025,"('10', '7')",Yale,Connecticut
1026,October 18,The Lobster Pot 2025,"('13', '8')",Connecticut,Cornell
1027,October 18,The Lobster Pot 2025,"('5', '11')",Connecticut,Yale
1028,October 18,The Lobster Pot 2025,"('5', '14')",Connecticut,Vermont [B]
1029,October 19,The Lobster Pot 2025,"('6', '15')",Connecticut,Northeastern
1030,October 19,The Lobster Pot 2025,"('7', '11')",Connecticut,Rhode Island
1031,October 19,The Lobster Pot 2025,"('7', '10')",Connecticut,Yale
1032,October 18,The Lobster Pot 2025,"('8', '13')",Cornell,Connecticut
1033,October 18,The Lobster Pot 2025,"('6', '12')",Cornell,Vermont [B]
1034,October 18,The Lobster Pot 2025,"('13', '11')",Cornell,Yale
1035,October 19,The Lobster Pot 2025,"('15', '9')",Cornell,Rutgers
1036,October 18,The Lobster Pot 2025,"('14', '5')",SUNY-Buffalo,SUNY-Binghamton
1037,October 18,The Lobster Pot 2025,"('11', '10')",SUNY-Buffalo,Rhode Island
1038,October 18,The Lobster Pot 2025,"('12', '11')",SUNY-Buffalo,Williams
1039,October 19,The Lobster Pot 2025,"('10', '14')",SUNY-Buffalo,Vermont
1040,October 19,The Lobster Pot 2025,"('1', '2')",SUNY-Buffalo,Syracuse
1041,October 19,The Lobster Pot 2025,"('9', '5')",SUNY-Buffalo,Dartmouth
1042,October 18,The Lobster Pot 2025,"('13', '10')",Rhode Island,Williams
1043,October 18,The Lobster Pot 2025,"('10', '11')",Rhode Island,SUNY-Buffalo
1044,October 18,The Lobster Pot 2025,"('11', '12')",Rhode Island,SUNY-Binghamton
1045,October 19,The Lobster Pot 2025,"('5', '15')",Rhode Island,Massachusetts
1046,October 19,The Lobster Pot 2025,"('11', '7')",Rhode Island,Connecticut
1047,October 19,The Lobster Pot 2025,"('11', '10')",Rhode Island,Williams
1048,October 18,The Lobster Pot 2025,"('10', '13')",Williams,Rhode Island
1049,October 18,The Lobster Pot 2025,"('14', '9')",Williams,SUNY-Binghamton
1050,October 18,The Lobster Pot 2025,"('11', '12')",Williams,SUNY-Buffalo
1051,October 19,The Lobster Pot 2025,"('7', '15')",Williams,Tufts
1052,October 19,The Lobster Pot 2025,"('11', '10')",Williams,Yale
1053,October 19,The Lobster Pot 2025,"('10', '11')",Williams,Rhode Island
1054,October 18,The Lobster Pot 2025,"('5', '14')",SUNY-Binghamton,SUNY-Buffalo
1055,October 18,The Lobster Pot 2025,"('9', '14')",SUNY-Binghamton,Williams
1056,October 18,The Lobster Pot 2025,"('12', '11')",SUNY-Binghamton,Rhode Island
1057,October 19,The Lobster Pot 2025,"('9', '13')",SUNY-Binghamton,Rutgers
1058,October 19,The Lobster Pot 2025,"('15', '4')",SUNY-Binghamton,Boston University
1059,October 18,The Lobster Pot 2025,"('15', '6')",Syracuse,Boston University
1060,October 18,The Lobster Pot 2025,"('14', '9')",Syracuse,Rutgers
1061,October 18,The Lobster Pot 2025,"('11', '8')",Syracuse,Dartmouth
1062,October 19,The Lobster Pot 2025,"('8', '15')",Syracuse,Brown
1063,October 19,The Lobster Pot 2025,"('2', '1')",Syracuse,SUNY-Buffalo
1064,October 19,The Lobster Pot 2025,"('9', '12')",Syracuse,Vermont [B]
1065,October 18,The Lobster Pot 2025,"('15', '8')",Dartmouth,Rutgers
1066,October 18,The Lobster Pot 2025,"('13', '9')",Dartmouth,Boston University
1067,October 18,The Lobster Pot 2025,"('8', '11')",Dartmouth,Syracuse
1068,October 19,The Lobster Pot 2025,"('7', '15')",Dartmouth,North Carolina-Wilmington
1069,October 19,The Lobster Pot 2025,"('6', '14')",Dartmouth,Vermont [B]
1070,October 19,The Lobster Pot 2025,"('5', '9')",Dartmouth,SUNY-Buffalo
1071,October 18,The Lobster Pot 2025,"('6', '15')",Boston University,Syracuse
1072,October 18,The Lobster Pot 2025,"('9', '13')",Boston University,Dartmouth
1073,October 18,The Lobster Pot 2025,"('9', '7')",Boston University,Rutgers
1074,October 19,The Lobster Pot 2025,"('12', '10')",Boston University,Rutgers
1075,October 19,The Lobster Pot 2025,"('4', '15')",Boston University,SUNY-Binghamton
1076,October 18,The Lobster Pot 2025,"('8', '15')",Rutgers,Dartmouth
1077,October 18,The Lobster Pot 2025,"('9', '14')",Rutgers,Syracuse
1078,October 18,The Lobster Pot 2025,"('7', '9')",Rutgers,Boston University
1079,October 19,The Lobster Pot 2025,"('10', '12')",Rutgers,Boston University
1080,October 19,The Lobster Pot 2025,"('13', '9')",Rutgers,SUNY-Binghamton
1081,October 19,The Lobster Pot 2025,"('9', '15')",Rutgers,Cornell
1082,March 29,East Coast Invite 2025,"('12', '8')",Syracuse,Connecticut
1083,March 29,East Coast Invite 2025,"('14', '9')",Syracuse,Towson
1084,March 29,East Coast Invite 2025,"('15', '5')",Syracuse,Rutgers
1085,March 29,East Coast Invite 2025,"('15', '10')",Syracuse,West Chester
1086,March 30,East Coast Invite 2025,"('12', '10')",Syracuse,Temple
1087,March 30,East Coast Invite 2025,"('6', '12')",Syracuse,SUNY-Buffalo
1088,March 30,East Coast Invite 2025,"('5', '10')",Syracuse,Cornell
1089,March 29,East Coast Invite 2025,"('10', '7')",SUNY-Buffalo,Johns Hopkins
1090,March 29,East Coast Invite 2025,"('13', '7')",SUNY-Buffalo,West Chester
1091,March 29,East Coast Invite 2025,"('11', '10')",SUNY-Buffalo,Boston College
1092,March 29,East Coast Invite 2025,"('12', '6')",SUNY-Buffalo,NYU
1093,March 30,East Coast Invite 2025,"('9', '8')",SUNY-Buffalo,Case Western Reserve
1094,March 30,East Coast Invite 2025,"('12', '6')",SUNY-Buffalo,Syracuse
1095,March 30,East Coast Invite 2025,"('8', '5')",SUNY-Buffalo,Maryland
1096,March 29,East Coast Invite 2025,"('14', '6')",Maryland,Delaware
1097,March 29,East Coast Invite 2025,"('15', '11')",Maryland,Carnegie Mellon
1098,March 29,East Coast Invite 2025,"('11', '10')",Maryland,Cornell
1099,March 29,East Coast Invite 2025,"('11', '10')",Maryland,Columbia
1100,March 30,East Coast Invite 2025,"('10', '8')",Maryland,Carnegie Mellon
1101,March 30,East Coast Invite 2025,"('10', '8')",Maryland,Cornell
1102,March 30,East Coast Invite 2025,"('5', '8')",Maryland,SUNY-Buffalo
1103,March 29,East Coast Invite 2025,"('11', '10')",Cornell,Boston College
1104,March 29,East Coast Invite 2025,"('9', '8')",Cornell,Case Western Reserve
1105,March 29,East Coast Invite 2025,"('10', '11')",Cornell,Maryland
1106,March 29,East Coast Invite 2025,"('15', '8')",Cornell,Columbia
1107,March 30,East Coast Invite 2025,"('14', '11')",Cornell,William & Mary
1108,March 30,East Coast Invite 2025,"('8', '10')",Cornell,Maryland
1109,March 30,East Coast Invite 2025,"('10', '5')",Cornell,Syracuse
1110,March 29,East Coast Invite 2025,"('11', '15')",Carnegie Mellon,Maryland
1111,March 29,East Coast Invite 2025,"('10', '9')",Carnegie Mellon,SUNY-Binghamton
1112,March 29,East Coast Invite 2025,"('9', '8')",Carnegie Mellon,Temple
1113,March 29,East Coast Invite 2025,"('12', '11')",Carnegie Mellon,Yale
1114,March 30,East Coast Invite 2025,"('8', '10')",Carnegie Mellon,Maryland
1115,March 30,East Coast Invite 2025,"('11', '8')",Carnegie Mellon,William & Mary
1116,March 30,East Coast Invite 2025,"('5', '7')",Carnegie Mellon,Temple
1117,March 29,East Coast Invite 2025,"('9', '8')",Case Western Reserve,Rutgers
1118,March 29,East Coast Invite 2025,"('8', '9')",Case Western Reserve,Cornell
1119,March 29,East Coast Invite 2025,"('15', '4')",Case Western Reserve,Pittsburgh [B]
1120,March 29,East Coast Invite 2025,"('11', '10')",Case Western Reserve,William & Mary
1121,March 30,East Coast Invite 2025,"('8', '9')",Case Western Reserve,SUNY-Buffalo
1122,March 30,East Coast Invite 2025,"('9', '13')",Case Western Reserve,Temple
1123,March 29,East Coast Invite 2025,"('10', '9')",William & Mary,Georgetown
1124,March 29,East Coast Invite 2025,"('11', '10')",William & Mary,Yale
1125,March 29,East Coast Invite 2025,"('11', '6')",William & Mary,Connecticut
1126,March 29,East Coast Invite 2025,"('10', '11')",William & Mary,Case Western Reserve
1127,March 30,East Coast Invite 2025,"('11', '14')",William & Mary,Cornell
1128,March 30,East Coast Invite 2025,"('8', '11')",William & Mary,Carnegie Mellon
1129,March 29,East Coast Invite 2025,"('9', '10')",Georgetown,William & Mary
1130,March 29,East Coast Invite 2025,"('15', '3')",Georgetown,NYU
1131,March 29,East Coast Invite 2025,"('13', '5')",Georgetown,Pennsylvania
1132,March 29,East Coast Invite 2025,"('13', '6')",Georgetown,Princeton
1133,March 30,East Coast Invite 2025,"('8', '15')",Georgetown,Boston College
1134,March 30,East Coast Invite 2025,"('15', '7')",Georgetown,Pittsburgh [B]
1135,March 29,East Coast Invite 2025,"('11', '9')",Temple,Connecticut
1136,March 29,East Coast Invite 2025,"('12', '10')",Temple,Boston College
1137,March 29,East Coast Invite 2025,"('13', '5')",Temple,Delaware
1138,March 29,East Coast Invite 2025,"('8', '9')",Temple,Carnegie Mellon
1139,March 30,East Coast Invite 2025,"('10', '12')",Temple,Syracuse
1140,March 30,East Coast Invite 2025,"('13', '9')",Temple,Case Western Reserve
1141,March 30,East Coast Invite 2025,"('7', '5')",Temple,Carnegie Mellon
1142,March 29,East Coast Invite 2025,"('11', '8')",West Chester,Johns Hopkins
1143,March 29,East Coast Invite 2025,"('7', '13')",West Chester,SUNY-Buffalo
1144,March 29,East Coast Invite 2025,"('14', '5')",West Chester,Pennsylvania
1145,March 29,East Coast Invite 2025,"('10', '15')",West Chester,Syracuse
1146,March 30,East Coast Invite 2025,"('13', '11')",West Chester,Pittsburgh [B]
1147,March 30,East Coast Invite 2025,"('11', '10')",West Chester,Boston College
1148,March 30,East Coast Invite 2025,"('9', '5')",West Chester,SUNY-Binghamton
1149,March 29,East Coast Invite 2025,"('13', '8')",Yale,SUNY-Binghamton
1150,March 29,East Coast Invite 2025,"('10', '11')",Yale,William & Mary
1151,March 29,East Coast Invite 2025,"('11', '3')",Yale,Princeton
1152,March 29,East Coast Invite 2025,"('11', '12')",Yale,Carnegie Mellon
1153,March 30,East Coast Invite 2025,"('12', '9')",Yale,Pennsylvania
1154,March 30,East Coast Invite 2025,"('8', '13')",Yale,SUNY-Binghamton
1155,March 30,East Coast Invite 2025,"('4', '12')",Yale,Boston College
1156,March 29,East Coast Invite 2025,"('8', '13')",SUNY-Binghamton,Yale
1157,March 29,East Coast Invite 2025,"('9', '10')",SUNY-Binghamton,Carnegie Mellon
1158,March 29,East Coast Invite 2025,"('8', '7')",SUNY-Binghamton,Rutgers
1159,March 29,East Coast Invite 2025,"('15', '4')",SUNY-Binghamton,Towson
1160,March 30,East Coast Invite 2025,"('9', '7')",SUNY-Binghamton,Delaware
1161,March 30,East Coast Invite 2025,"('13', '8')",SUNY-Binghamton,Yale
1162,March 30,East Coast Invite 2025,"('5', '9')",SUNY-Binghamton,West Chester
1163,March 29,East Coast Invite 2025,"('10', '7')",Pennsylvania,Harvard
1164,March 29,East Coast Invite 2025,"('8', '5')",Pennsylvania,NYU
1165,March 29,East Coast Invite 2025,"('5', '14')",Pennsylvania,West Chester
1166,March 29,East Coast Invite 2025,"('5', '13')",Pennsylvania,Georgetown
1167,March 30,East Coast Invite 2025,"('9', '12')",Pennsylvania,Yale
1168,March 30,East Coast Invite 2025,"('11', '9')",Pennsylvania,Delaware
1169,March 29,East Coast Invite 2025,"('13', '7')",Pittsburgh [B],Princeton
1170,March 29,East Coast Invite 2025,"('11', '12')",Pittsburgh [B],Columbia
1171,March 29,East Coast Invite 2025,"('11', '9')",Pittsburgh [B],Towson
1172,March 29,East Coast Invite 2025,"('4', '15')",Pittsburgh [B],Case Western Reserve
1173,March 30,East Coast Invite 2025,"('11', '13')",Pittsburgh [B],West Chester
1174,March 30,East Coast Invite 2025,"('7', '15')",Pittsburgh [B],Georgetown
1175,March 30,East Coast Invite 2025,"('9', '5')",Pittsburgh [B],Delaware
1176,March 29,East Coast Invite 2025,"('6', '14')",Delaware,Maryland
1177,March 29,East Coast Invite 2025,"('11', '10')",Delaware,Columbia
1178,March 29,East Coast Invite 2025,"('5', '13')",Delaware,Temple
1179,March 29,East Coast Invite 2025,"('11', '7')",Delaware,Harvard
1180,March 30,East Coast Invite 2025,"('7', '9')",Delaware,SUNY-Binghamton
1181,March 30,East Coast Invite 2025,"('9', '11')",Delaware,Pennsylvania
1182,March 30,East Coast Invite 2025,"('5', '9')",Delaware,Pittsburgh [B]
1183,March 29,East Coast Invite 2025,"('9', '11')",Connecticut,Temple
1184,March 29,East Coast Invite 2025,"('8', '12')",Connecticut,Syracuse
1185,March 29,East Coast Invite 2025,"('12', '5')",Connecticut,Harvard
1186,March 29,East Coast Invite 2025,"('6', '11')",Connecticut,William & Mary
1187,March 30,East Coast Invite 2025,"('11', '10')",Connecticut,Towson
1188,March 30,East Coast Invite 2025,"('9', '7')",Connecticut,Rutgers
1189,March 30,East Coast Invite 2025,"('5', '7')",Connecticut,Columbia
1190,March 29,East Coast Invite 2025,"('10', '11')",Boston College,Cornell
1191,March 29,East Coast Invite 2025,"('10', '12')",Boston College,Temple
1192,March 29,East Coast Invite 2025,"('9', '7')",Boston College,Johns Hopkins
1193,March 29,East Coast Invite 2025,"('10', '11')",Boston College,SUNY-Buffalo
1194,March 30,East Coast Invite 2025,"('15', '8')",Boston College,Georgetown
1195,March 30,East Coast Invite 2025,"('10', '11')",Boston College,West Chester
1196,March 30,East Coast Invite 2025,"('12', '4')",Boston College,Yale
1197,March 29,East Coast Invite 2025,"('8', '11')",Johns Hopkins,West Chester
1198,March 29,East Coast Invite 2025,"('7', '10')",Johns Hopkins,SUNY-Buffalo
1199,March 29,East Coast Invite 2025,"('7', '9')",Johns Hopkins,Boston College
1200,March 29,East Coast Invite 2025,"('9', '8')",Johns Hopkins,NYU
1201,March 30,East Coast Invite 2025,"('14', '7')",Johns Hopkins,Harvard
1202,March 30,East Coast Invite 2025,"('7', '12')",Johns Hopkins,Columbia
1203,March 30,East Coast Invite 2025,"('9', '6')",Johns Hopkins,Rutgers
1204,March 29,East Coast Invite 2025,"('7', '10')",Harvard,Pennsylvania
1205,March 29,East Coast Invite 2025,"('8', '7')",Harvard,Princeton
1206,March 29,East Coast Invite 2025,"('5', '12')",Harvard,Connecticut
1207,March 29,East Coast Invite 2025,"('7', '11')",Harvard,Delaware
1208,March 30,East Coast Invite 2025,"('7', '14')",Harvard,Johns Hopkins
1209,March 30,East Coast Invite 2025,"('8', '11')",Harvard,Princeton
1210,March 30,East Coast Invite 2025,"('15', '4')",Harvard,NYU
1211,March 29,East Coast Invite 2025,"('12', '11')",Columbia,Pittsburgh [B]
1212,March 29,East Coast Invite 2025,"('10', '11')",Columbia,Delaware
1213,March 29,East Coast Invite 2025,"('10', '11')",Columbia,Maryland
1214,March 29,East Coast Invite 2025,"('8', '15')",Columbia,Cornell
1215,March 30,East Coast Invite 2025,"('12', '9')",Columbia,Princeton
1216,March 30,East Coast Invite 2025,"('12', '7')",Columbia,Johns Hopkins
1217,March 30,East Coast Invite 2025,"('7', '5')",Columbia,Connecticut
1218,March 29,East Coast Invite 2025,"('10', '8')",Rutgers,Towson
1219,March 29,East Coast Invite 2025,"('8', '9')",Rutgers,Case Western Reserve
1220,March 29,East Coast Invite 2025,"('7', '8')",Rutgers,SUNY-Binghamton
1221,March 29,East Coast Invite 2025,"('5', '15')",Rutgers,Syracuse
1222,March 30,East Coast Invite 2025,"('13', '5')",Rutgers,NYU
1223,March 30,East Coast Invite 2025,"('7', '9')",Rutgers,Connecticut
1224,March 30,East Coast Invite 2025,"('6', '9')",Rutgers,Johns Hopkins
1225,March 29,East Coast Invite 2025,"('7', '13')",Princeton,Pittsburgh [B]
1226,March 29,East Coast Invite 2025,"('7', '8')",Princeton,Harvard
1227,March 29,East Coast Invite 2025,"('3', '11')",Princeton,Yale
1228,March 29,East Coast Invite 2025,"('6', '13')",Princeton,Georgetown
1229,March 30,East Coast Invite 2025,"('9', '12')",Princeton,Columbia
1230,March 30,East Coast Invite 2025,"('11', '8')",Princeton,Harvard
1231,March 29,East Coast Invite 2025,"('5', '8')",NYU,Pennsylvania
1232,March 29,East Coast Invite 2025,"('3', '15')",NYU,Georgetown
1233,March 29,East Coast Invite 2025,"('8', '9')",NYU,Johns Hopkins
1234,March 29,East Coast Invite 2025,"('6', '12')",NYU,SUNY-Buffalo
1235,March 30,East Coast Invite 2025,"('5', '13')",NYU,Rutgers
1236,March 30,East Coast Invite 2025,"('1', '15')",NYU,Towson
1237,March 30,East Coast Invite 2025,"('4', '15')",NYU,Harvard
1238,March 29,East Coast Invite 2025,"('8', '10')",Towson,Rutgers
1239,March 29,East Coast Invite 2025,"('9', '14')",Towson,Syracuse
1240,March 29,East Coast Invite 2025,"('9', '11')",Towson,Pittsburgh [B]
1241,March 29,East Coast Invite 2025,"('4', '15')",Towson,SUNY-Binghamton
1242,March 30,East Coast Invite 2025,"('10', '11')",Towson,Connecticut
1243,March 30,East Coast Invite 2025,"('15', '1')",Towson,NYU
1244,March 29,Fishbowl 2025,"('13', '2')",West Virginia,James Madison [B]
1245,March 29,Fishbowl 2025,"('13', '6')",West Virginia,Maryland [B]
1246,March 29,Fishbowl 2025,"('13', '5')",West Virginia,George Washington [B]
1247,March 29,Fishbowl 2025,"('12', '5')",West Virginia,William & Mary [B]
1248,March 30,Fishbowl 2025,"('13', '5')",West Virginia,Virginia [B]
1249,March 30,Fishbowl 2025,"('15', '5')",West Virginia,George Washington [B]
1250,March 30,Fishbowl 2025,"('12', '9')",West Virginia,Virginia [B]
1251,March 29,Fishbowl 2025,"('11', '9')",Virginia [B],Maryland [B]
1252,March 29,Fishbowl 2025,"('10', '5')",Virginia [B],George Washington [B]
1253,March 29,Fishbowl 2025,"('13', '5')",Virginia [B],William & Mary [B]
1254,March 29,Fishbowl 2025,"('10', '3')",Virginia [B],James Madison [B]
1255,March 30,Fishbowl 2025,"('5', '13')",Virginia [B],West Virginia
1256,March 30,Fishbowl 2025,"('10', '3')",Virginia [B],James Madison [B]
1257,March 30,Fishbowl 2025,"('9', '12')",Virginia [B],West Virginia
1258,March 29,Fishbowl 2025,"('2', '13')",James Madison [B],West Virginia
1259,March 29,Fishbowl 2025,"('11', '7')",James Madison [B],William & Mary [B]
1260,March 29,Fishbowl 2025,"('9', '4')",James Madison [B],Maryland [B]
1261,March 29,Fishbowl 2025,"('3', '10')",James Madison [B],Virginia [B]
1262,March 30,Fishbowl 2025,"('10', '9')",James Madison [B],George Washington [B]
1263,March 30,Fishbowl 2025,"('3', '10')",James Madison [B],Virginia [B]
1264,March 29,Fishbowl 2025,"('10', '8')",George Washington [B],William & Mary [B]
1265,March 29,Fishbowl 2025,"('5', '10')",George Washington [B],Virginia [B]
1266,March 29,Fishbowl 2025,"('5', '13')",George Washington [B],West Virginia
1267,March 29,Fishbowl 2025,"('11', '7')",George Washington [B],Maryland [B]
1268,March 30,Fishbowl 2025,"('9', '10')",George Washington [B],James Madison [B]
1269,March 30,Fishbowl 2025,"('5', '15')",George Washington [B],West Virginia
1270,March 29,Fishbowl 2025,"('9', '11')",Maryland [B],Virginia [B]
1271,March 29,Fishbowl 2025,"('6', '13')",Maryland [B],West Virginia
1272,March 29,Fishbowl 2025,"('4', '9')",Maryland [B],James Madison [B]
1273,March 29,Fishbowl 2025,"('7', '11')",Maryland [B],George Washington [B]
1274,March 30,Fishbowl 2025,"('8', '6')",Maryland [B],William & Mary [B]
1275,March 30,Fishbowl 2025,"('6', '12')",Maryland [B],William & Mary [B]
1276,March 29,Fishbowl 2025,"('8', '10')",William & Mary [B],George Washington [B]
1277,March 29,Fishbowl 2025,"('7', '11')",William & Mary [B],James Madison [B]
1278,March 29,Fishbowl 2025,"('5', '13')",William & Mary [B],Virginia [B]
1279,March 29,Fishbowl 2025,"('5', '12')",William & Mary [B],West Virginia
1280,March 30,Fishbowl 2025,"('6', '8')",William & Mary [B],Maryland [B]
1281,March 30,Fishbowl 2025,"('12', '6')",William & Mary [B],Maryland [B]
1282,March 29,Huck Finn 2025,"('15', '9')",Notre Dame,Iowa State
1283,March 29,Huck Finn 2025,"('14', '7')",Notre Dame,Alabama
1284,March 29,Huck Finn 2025,"('15', '6')",Notre Dame,Saint Louis
1285,March 29,Huck Finn 2025,"('14', '10')",Notre Dame,Emory
1286,March 30,Huck Finn 2025,"('12', '8')",Notre Dame,Chicago
1287,March 30,Huck Finn 2025,"('7', '15')",Notre Dame,Davenport
1288,March 30,Huck Finn 2025,"('9', '11')",Notre Dame,Purdue
1289,March 29,Huck Finn 2025,"('9', '15')",Iowa State,Notre Dame
1290,March 29,Huck Finn 2025,"('14', '6')",Iowa State,Saint Louis
1291,March 29,Huck Finn 2025,"('12', '7')",Iowa State,Alabama
1292,March 29,Huck Finn 2025,"('14', '13')",Iowa State,Missouri S&T
1293,March 30,Huck Finn 2025,"('11', '13')",Iowa State,Indiana
1294,March 30,Huck Finn 2025,"('6', '13')",Iowa State,St Olaf
1295,March 30,Huck Finn 2025,"('0', '0')",Iowa State,Oklahoma Christian
1296,March 29,Huck Finn 2025,"('13', '8')",Alabama,Saint Louis
1297,March 29,Huck Finn 2025,"('7', '14')",Alabama,Notre Dame
1298,March 29,Huck Finn 2025,"('7', '12')",Alabama,Iowa State
1299,March 29,Huck Finn 2025,"('6', '15')",Alabama,Southern Illinois-Edwardsville
1300,March 30,Huck Finn 2025,"('11', '8')",Alabama,Saint Louis
1301,March 30,Huck Finn 2025,"('11', '6')",Alabama,Mississippi State
1302,March 30,Huck Finn 2025,"('9', '7')",Alabama,Missouri S&T
1303,March 29,Huck Finn 2025,"('8', '13')",Saint Louis,Alabama
1304,March 29,Huck Finn 2025,"('6', '14')",Saint Louis,Iowa State
1305,March 29,Huck Finn 2025,"('6', '15')",Saint Louis,Notre Dame
1306,March 29,Huck Finn 2025,"('8', '11')",Saint Louis,Northwestern
1307,March 30,Huck Finn 2025,"('8', '11')",Saint Louis,Alabama
1308,March 30,Huck Finn 2025,"('9', '10')",Saint Louis,Kentucky
1309,March 30,Huck Finn 2025,"('2', '8')",Saint Louis,Missouri
1310,March 29,Huck Finn 2025,"('15', '10')",Cincinnati,Missouri S&T
1311,March 29,Huck Finn 2025,"('15', '8')",Cincinnati,Kentucky
1312,March 29,Huck Finn 2025,"('15', '8')",Cincinnati,Southern Illinois-Edwardsville
1313,March 29,Huck Finn 2025,"('10', '9')",Cincinnati,Indiana
1314,March 30,Huck Finn 2025,"('7', '15')",Cincinnati,Washington University
1315,March 30,Huck Finn 2025,"('11', '10')",Cincinnati,Colorado State
1316,March 30,Huck Finn 2025,"('11', '7')",Cincinnati,Chicago
1317,March 29,Huck Finn 2025,"('12', '7')",Southern Illinois-Edwardsville,Kentucky
1318,March 29,Huck Finn 2025,"('15', '11')",Southern Illinois-Edwardsville,Missouri S&T
1319,March 29,Huck Finn 2025,"('8', '15')",Southern Illinois-Edwardsville,Cincinnati
1320,March 29,Huck Finn 2025,"('15', '6')",Southern Illinois-Edwardsville,Alabama
1321,March 30,Huck Finn 2025,"('8', '11')",Southern Illinois-Edwardsville,Emory
1322,March 30,Huck Finn 2025,"('13', '8')",Southern Illinois-Edwardsville,Oklahoma Christian
1323,March 30,Huck Finn 2025,"('9', '7')",Southern Illinois-Edwardsville,St Olaf
1324,March 29,Huck Finn 2025,"('10', '15')",Missouri S&T,Cincinnati
1325,March 29,Huck Finn 2025,"('11', '15')",Missouri S&T,Southern Illinois-Edwardsville
1326,March 29,Huck Finn 2025,"('12', '8')",Missouri S&T,Kentucky
1327,March 29,Huck Finn 2025,"('13', '14')",Missouri S&T,Iowa State
1328,March 30,Huck Finn 2025,"('15', '6')",Missouri S&T,Missouri
1329,March 30,Huck Finn 2025,"('15', '8')",Missouri S&T,Northwestern
1330,March 30,Huck Finn 2025,"('7', '9')",Missouri S&T,Alabama
1331,March 29,Huck Finn 2025,"('7', '12')",Kentucky,Southern Illinois-Edwardsville
1332,March 29,Huck Finn 2025,"('8', '15')",Kentucky,Cincinnati
1333,March 29,Huck Finn 2025,"('8', '12')",Kentucky,Missouri S&T
1334,March 29,Huck Finn 2025,"('10', '9')",Kentucky,Missouri
1335,March 30,Huck Finn 2025,"('10', '12')",Kentucky,Mississippi State
1336,March 30,Huck Finn 2025,"('10', '9')",Kentucky,Saint Louis
1337,March 30,Huck Finn 2025,"('8', '6')",Kentucky,Macalester
1338,March 29,Huck Finn 2025,"('14', '11')",Ohio State,Macalester
1339,March 29,Huck Finn 2025,"('12', '9')",Ohio State,Texas A&M
1340,March 29,Huck Finn 2025,"('8', '10')",Ohio State,Missouri
1341,March 29,Huck Finn 2025,"('6', '13')",Ohio State,Stanford
1342,March 30,Huck Finn 2025,"('12', '9')",Ohio State,St Olaf
1343,March 30,Huck Finn 2025,"('10', '11')",Ohio State,Indiana
1344,March 30,Huck Finn 2025,"('6', '8')",Ohio State,Texas A&M
1345,March 29,Huck Finn 2025,"('12', '10')",Texas A&M,Missouri
1346,March 29,Huck Finn 2025,"('9', '12')",Texas A&M,Ohio State
1347,March 29,Huck Finn 2025,"('13', '10')",Texas A&M,Macalester
1348,March 29,Huck Finn 2025,"('10', '9')",Texas A&M,Mississippi State
1349,March 30,Huck Finn 2025,"('14', '10')",Texas A&M,Oklahoma Christian
1350,March 30,Huck Finn 2025,"('11', '13')",Texas A&M,Emory
1351,March 30,Huck Finn 2025,"('8', '6')",Texas A&M,Ohio State
1352,March 29,Huck Finn 2025,"('11', '14')",Macalester,Ohio State
1353,March 29,Huck Finn 2025,"('12', '10')",Macalester,Missouri
1354,March 29,Huck Finn 2025,"('10', '13')",Macalester,Texas A&M
1355,March 29,Huck Finn 2025,"('6', '13')",Macalester,St Olaf
1356,March 30,Huck Finn 2025,"('11', '13')",Macalester,Northwestern
1357,March 30,Huck Finn 2025,"('11', '10')",Macalester,Missouri
1358,March 30,Huck Finn 2025,"('6', '8')",Macalester,Kentucky
1359,March 29,Huck Finn 2025,"('10', '12')",Missouri,Texas A&M
1360,March 29,Huck Finn 2025,"('10', '12')",Missouri,Macalester
1361,March 29,Huck Finn 2025,"('10', '8')",Missouri,Ohio State
1362,March 29,Huck Finn 2025,"('9', '10')",Missouri,Kentucky
1363,March 30,Huck Finn 2025,"('6', '15')",Missouri,Missouri S&T
1364,March 30,Huck Finn 2025,"('10', '11')",Missouri,Macalester
1365,March 30,Huck Finn 2025,"('8', '2')",Missouri,Saint Louis
1366,March 29,Huck Finn 2025,"('15', '8')",Purdue,Northwestern
1367,March 29,Huck Finn 2025,"('13', '6')",Purdue,Mississippi State
1368,March 29,Huck Finn 2025,"('13', '8')",Purdue,St Olaf
1369,March 29,Huck Finn 2025,"('11', '9')",Purdue,Oklahoma Christian
1370,March 30,Huck Finn 2025,"('12', '9')",Purdue,Colorado State
1371,March 30,Huck Finn 2025,"('11', '13')",Purdue,Washington University
1372,March 30,Huck Finn 2025,"('11', '9')",Purdue,Notre Dame
1373,March 29,Huck Finn 2025,"('10', '11')",St Olaf,Mississippi State
1374,March 29,Huck Finn 2025,"('14', '9')",St Olaf,Northwestern
1375,March 29,Huck Finn 2025,"('8', '13')",St Olaf,Purdue
1376,March 29,Huck Finn 2025,"('13', '6')",St Olaf,Macalester
1377,March 30,Huck Finn 2025,"('9', '12')",St Olaf,Ohio State
1378,March 30,Huck Finn 2025,"('13', '6')",St Olaf,Iowa State
1379,March 30,Huck Finn 2025,"('7', '9')",St Olaf,Southern Illinois-Edwardsville
1380,March 29,Huck Finn 2025,"('11', '10')",Mississippi State,St Olaf
1381,March 29,Huck Finn 2025,"('6', '13')",Mississippi State,Purdue
1382,March 29,Huck Finn 2025,"('9', '10')",Mississippi State,Northwestern
1383,March 29,Huck Finn 2025,"('9', '10')",Mississippi State,Texas A&M
1384,March 30,Huck Finn 2025,"('12', '10')",Mississippi State,Kentucky
1385,March 30,Huck Finn 2025,"('6', '11')",Mississippi State,Alabama
1386,March 30,Huck Finn 2025,"('0', '0')",Mississippi State,Northwestern
1387,March 29,Huck Finn 2025,"('8', '15')",Northwestern,Purdue
1388,March 29,Huck Finn 2025,"('9', '14')",Northwestern,St Olaf
1389,March 29,Huck Finn 2025,"('10', '9')",Northwestern,Mississippi State
1390,March 29,Huck Finn 2025,"('11', '8')",Northwestern,Saint Louis
1391,March 30,Huck Finn 2025,"('13', '11')",Northwestern,Macalester
1392,March 30,Huck Finn 2025,"('8', '15')",Northwestern,Missouri S&T
1393,March 30,Huck Finn 2025,"('0', '0')",Northwestern,Mississippi State
1394,March 29,Huck Finn 2025,"('15', '7')",Washington University,Colorado State
1395,March 29,Huck Finn 2025,"('11', '7')",Washington University,Oklahoma Christian
1396,March 29,Huck Finn 2025,"('11', '8')",Washington University,Emory
1397,March 29,Huck Finn 2025,"('15', '7')",Washington University,Chicago
1398,March 30,Huck Finn 2025,"('15', '7')",Washington University,Cincinnati
1399,March 30,Huck Finn 2025,"('13', '11')",Washington University,Purdue
1400,March 30,Huck Finn 2025,"('5', '9')",Washington University,Davenport
1401,March 29,Huck Finn 2025,"('7', '15')",Colorado State,Washington University
1402,March 29,Huck Finn 2025,"('12', '10')",Colorado State,Emory
1403,March 29,Huck Finn 2025,"('10', '8')",Colorado State,Oklahoma Christian
1404,March 29,Huck Finn 2025,"('8', '12')",Colorado State,Davenport
1405,March 30,Huck Finn 2025,"('9', '12')",Colorado State,Purdue
1406,March 30,Huck Finn 2025,"('10', '11')",Colorado State,Cincinnati
1407,March 30,Huck Finn 2025,"('8', '9')",Colorado State,Stanford
1408,March 29,Huck Finn 2025,"('14', '10')",Oklahoma Christian,Emory
1409,March 29,Huck Finn 2025,"('7', '11')",Oklahoma Christian,Washington University
1410,March 29,Huck Finn 2025,"('8', '10')",Oklahoma Christian,Colorado State
1411,March 29,Huck Finn 2025,"('9', '11')",Oklahoma Christian,Purdue
1412,March 30,Huck Finn 2025,"('10', '14')",Oklahoma Christian,Texas A&M
1413,March 30,Huck Finn 2025,"('8', '13')",Oklahoma Christian,Southern Illinois-Edwardsville
1414,March 30,Huck Finn 2025,"('0', '0')",Oklahoma Christian,Iowa State
1415,March 29,Huck Finn 2025,"('10', '14')",Emory,Oklahoma Christian
1416,March 29,Huck Finn 2025,"('10', '12')",Emory,Colorado State
1417,March 29,Huck Finn 2025,"('8', '11')",Emory,Washington University
1418,March 29,Huck Finn 2025,"('10', '14')",Emory,Notre Dame
1419,March 30,Huck Finn 2025,"('11', '8')",Emory,Southern Illinois-Edwardsville
1420,March 30,Huck Finn 2025,"('13', '11')",Emory,Texas A&M
1421,March 30,Huck Finn 2025,"('11', '4')",Emory,Indiana
1422,March 29,Huck Finn 2025,"('12', '8')",Davenport,Chicago
1423,March 29,Huck Finn 2025,"('14', '6')",Davenport,Stanford
1424,March 29,Huck Finn 2025,"('14', '7')",Davenport,Indiana
1425,March 29,Huck Finn 2025,"('12', '8')",Davenport,Colorado State
1426,March 30,Huck Finn 2025,"('13', '6')",Davenport,Stanford
1427,March 30,Huck Finn 2025,"('15', '7')",Davenport,Notre Dame
1428,March 30,Huck Finn 2025,"('9', '5')",Davenport,Washington University
1429,March 29,Huck Finn 2025,"('8', '12')",Chicago,Davenport
1430,March 29,Huck Finn 2025,"('15', '6')",Chicago,Indiana
1431,March 29,Huck Finn 2025,"('8', '6')",Chicago,Stanford
1432,March 29,Huck Finn 2025,"('7', '15')",Chicago,Washington University
1433,March 30,Huck Finn 2025,"('8', '12')",Chicago,Notre Dame
1434,March 30,Huck Finn 2025,"('10', '8')",Chicago,Stanford
1435,March 30,Huck Finn 2025,"('7', '11')",Chicago,Cincinnati
1436,March 29,Huck Finn 2025,"('14', '11')",Stanford,Indiana
1437,March 29,Huck Finn 2025,"('6', '14')",Stanford,Davenport
1438,March 29,Huck Finn 2025,"('6', '8')",Stanford,Chicago
1439,March 29,Huck Finn 2025,"('13', '6')",Stanford,Ohio State
1440,March 30,Huck Finn 2025,"('6', '13')",Stanford,Davenport
1441,March 30,Huck Finn 2025,"('8', '10')",Stanford,Chicago
1442,March 30,Huck Finn 2025,"('9', '8')",Stanford,Colorado State
1443,March 29,Huck Finn 2025,"('11', '14')",Indiana,Stanford
1444,March 29,Huck Finn 2025,"('6', '15')",Indiana,Chicago
1445,March 29,Huck Finn 2025,"('7', '14')",Indiana,Davenport
1446,March 29,Huck Finn 2025,"('9', '10')",Indiana,Cincinnati
1447,March 30,Huck Finn 2025,"('13', '11')",Indiana,Iowa State
1448,March 30,Huck Finn 2025,"('11', '10')",Indiana,Ohio State
1449,March 30,Huck Finn 2025,"('4', '11')",Indiana,Emory
1450,March 29,New England Open 2025,"('13', '2')",Bowdoin,Harvard [B]
1451,March 29,New England Open 2025,"('13', '5')",Bowdoin,Northeastern [C]
1452,March 29,New England Open 2025,"('13', '7')",Bowdoin,Northeastern [B]
1453,March 29,New England Open 2025,"('13', '2')",Bowdoin,Connecticut [B]
1454,March 30,New England Open 2025,"('13', '5')",Bowdoin,Massachusetts-Lowell
1455,March 30,New England Open 2025,"('15', '6')",Bowdoin,Worcester Polytechnic
1456,March 30,New England Open 2025,"('15', '7')",Bowdoin,Brandeis
1457,March 29,New England Open 2025,"('13', '3')",Northeastern [B],Massachusetts-Lowell
1458,March 29,New England Open 2025,"('13', '3')",Northeastern [B],Connecticut [B]
1459,March 29,New England Open 2025,"('13', '2')",Northeastern [B],Harvard [B]
1460,March 29,New England Open 2025,"('7', '13')",Northeastern [B],Bowdoin
1461,March 29,New England Open 2025,"('11', '7')",Northeastern [B],Northeastern [C]
1462,March 30,New England Open 2025,"('12', '9')",Northeastern [B],Amherst
1463,March 30,New England Open 2025,"('7', '15')",Northeastern [B],Brandeis
1464,March 30,New England Open 2025,"('15', '6')",Northeastern [B],Worcester Polytechnic
1465,March 29,New England Open 2025,"('9', '8')",Northeastern-C,Connecticut [B]
1466,March 29,New England Open 2025,"('10', '8')",Northeastern-C,Harvard [B]
1467,March 29,New England Open 2025,"('5', '13')",Northeastern-C,Bowdoin
1468,March 29,New England Open 2025,"('9', '8')",Northeastern-C,Massachusetts-Lowell
1469,March 29,New England Open 2025,"('7', '11')",Northeastern-C,Northeastern [B]
1470,March 30,New England Open 2025,"('5', '14')",Northeastern-C,Worcester Polytechnic
1471,March 30,New England Open 2025,"('13', '11')",Northeastern-C,Amherst
1472,March 29,New England Open 2025,"('3', '13')",Massachusetts-Lowell,Northeastern [B]
1473,March 29,New England Open 2025,"('10', '7')",Massachusetts-Lowell,Connecticut [B]
1474,March 29,New England Open 2025,"('8', '9')",Massachusetts-Lowell,Northeastern [C]
1475,March 29,New England Open 2025,"('8', '4')",Massachusetts-Lowell,Harvard [B]
1476,March 30,New England Open 2025,"('5', '13')",Massachusetts-Lowell,Bowdoin
1477,March 30,New England Open 2025,"('15', '7')",Massachusetts-Lowell,Wentworth
1478,March 30,New England Open 2025,"('13', '12')",Massachusetts-Lowell,Clark
1479,March 29,New England Open 2025,"('8', '9')",Connecticut [B],Northeastern [C]
1480,March 29,New England Open 2025,"('3', '13')",Connecticut [B],Northeastern [B]
1481,March 29,New England Open 2025,"('7', '10')",Connecticut [B],Massachusetts-Lowell
1482,March 29,New England Open 2025,"('2', '13')",Connecticut [B],Bowdoin
1483,March 30,New England Open 2025,"('9', '3')",Connecticut [B],Harvard [B]
1484,March 30,New England Open 2025,"('11', '10')",Connecticut [B],Western New England
1485,March 30,New England Open 2025,"('8', '10')",Connecticut [B],Clark
1486,March 30,New England Open 2025,"('14', '5')",Connecticut [B],Wentworth
1487,March 29,New England Open 2025,"('2', '13')",Harvard [B],Bowdoin
1488,March 29,New England Open 2025,"('8', '10')",Harvard [B],Northeastern [C]
1489,March 29,New England Open 2025,"('2', '13')",Harvard [B],Northeastern [B]
1490,March 29,New England Open 2025,"('4', '8')",Harvard [B],Massachusetts-Lowell
1491,March 30,New England Open 2025,"('3', '9')",Harvard [B],Connecticut [B]
1492,March 30,New England Open 2025,"('10', '12')",Harvard [B],Wentworth
1493,March 30,New England Open 2025,"('7', '0')",Harvard [B],Western New England
1494,March 29,New England Open 2025,"('13', '5')",Brandeis,Worcester Polytechnic
1495,March 29,New England Open 2025,"('13', '3')",Brandeis,Wentworth
1496,March 29,New England Open 2025,"('13', '1')",Brandeis,Western New England
1497,March 29,New England Open 2025,"('13', '8')",Brandeis,Clark
1498,March 30,New England Open 2025,"('13', '7')",Brandeis,Amherst
1499,March 30,New England Open 2025,"('15', '7')",Brandeis,Northeastern [B]
1500,March 30,New England Open 2025,"('7', '15')",Brandeis,Bowdoin
1501,March 29,New England Open 2025,"('9', '8')",Worcester Polytechnic,Western New England
1502,March 29,New England Open 2025,"('5', '13')",Worcester Polytechnic,Brandeis
1503,March 29,New England Open 2025,"('13', '4')",Worcester Polytechnic,Wentworth
1504,March 29,New England Open 2025,"('9', '8')",Worcester Polytechnic,Amherst
1505,March 30,New England Open 2025,"('9', '11')",Worcester Polytechnic,Clark
1506,March 30,New England Open 2025,"('14', '5')",Worcester Polytechnic,Northeastern [C]
1507,March 30,New England Open 2025,"('6', '15')",Worcester Polytechnic,Bowdoin
1508,March 30,New England Open 2025,"('6', '15')",Worcester Polytechnic,Northeastern [B]
1509,March 29,New England Open 2025,"('8', '7')",Amherst,Wentworth
1510,March 29,New England Open 2025,"('11', '10')",Amherst,Western New England
1511,March 29,New England Open 2025,"('8', '5')",Amherst,Clark
1512,March 29,New England Open 2025,"('8', '9')",Amherst,Worcester Polytechnic
1513,March 30,New England Open 2025,"('7', '13')",Amherst,Brandeis
1514,March 30,New England Open 2025,"('9', '12')",Amherst,Northeastern [B]
1515,March 30,New England Open 2025,"('11', '13')",Amherst,Northeastern [C]
1516,March 29,New England Open 2025,"('11', '6')",Clark,Wentworth
1517,March 29,New England Open 2025,"('6', '11')",Clark,Western New England
1518,March 29,New England Open 2025,"('5', '8')",Clark,Amherst
1519,March 29,New England Open 2025,"('8', '13')",Clark,Brandeis
1520,March 30,New England Open 2025,"('11', '9')",Clark,Worcester Polytechnic
1521,March 30,New England Open 2025,"('10', '8')",Clark,Connecticut [B]
1522,March 30,New England Open 2025,"('12', '13')",Clark,Massachusetts-Lowell
1523,March 29,New England Open 2025,"('6', '11')",Wentworth,Clark
1524,March 29,New England Open 2025,"('7', '8')",Wentworth,Amherst
1525,March 29,New England Open 2025,"('3', '13')",Wentworth,Brandeis
1526,March 29,New England Open 2025,"('4', '13')",Wentworth,Worcester Polytechnic
1527,March 30,New England Open 2025,"('9', '7')",Wentworth,Western New England
1528,March 30,New England Open 2025,"('12', '10')",Wentworth,Harvard [B]
1529,March 30,New England Open 2025,"('7', '15')",Wentworth,Massachusetts-Lowell
1530,March 30,New England Open 2025,"('5', '14')",Wentworth,Connecticut [B]
1531,March 29,New England Open 2025,"('8', '9')",Western New England,Worcester Polytechnic
1532,March 29,New England Open 2025,"('11', '6')",Western New England,Clark
1533,March 29,New England Open 2025,"('10', '11')",Western New England,Amherst
1534,March 29,New England Open 2025,"('1', '13')",Western New England,Brandeis
1535,March 30,New England Open 2025,"('7', '9')",Western New England,Wentworth
1536,March 30,New England Open 2025,"('10', '11')",Western New England,Connecticut [B]
1537,March 30,New England Open 2025,"('0', '7')",Western New England,Harvard [B]
1538,March 29,Northwest Challenge D3,"('15', '11')",Puget Sound,Washington [B]
1539,March 29,Northwest Challenge D3,"('12', '11')",Puget Sound,Whitworth
1540,March 29,Northwest Challenge D3,"('15', '8')",Puget Sound,Central Washington
1541,March 30,Northwest Challenge D3,"('15', '8')",Puget Sound,Portland
1542,March 30,Northwest Challenge D3,"('11', '15')",Puget Sound,Simon Fraser
1543,March 29,Northwest Challenge D3,"('11', '15')",Washington [B],Puget Sound
1544,March 29,Northwest Challenge D3,"('13', '8')",Washington [B],Whitworth
1545,March 29,Northwest Challenge D3,"('15', '5')",Washington [B],Central Washington
1546,March 30,Northwest Challenge D3,"('7', '15')",Washington [B],British Columbia [B]
1547,March 30,Northwest Challenge D3,"('12', '10')",Washington [B],Portland
1548,March 29,Northwest Challenge D3,"('15', '6')",Whitworth,Central Washington
1549,March 29,Northwest Challenge D3,"('11', '12')",Whitworth,Puget Sound
1550,March 29,Northwest Challenge D3,"('8', '13')",Whitworth,Washington [B]
1551,March 29,Northwest Challenge D3,"('6', '15')",Central Washington,Whitworth
1552,March 29,Northwest Challenge D3,"('8', '15')",Central Washington,Puget Sound
1553,March 29,Northwest Challenge D3,"('5', '15')",Central Washington,Washington [B]
1554,March 29,Northwest Challenge D3,"('14', '12')",Simon Fraser,British Columbia [B]
1555,March 29,Northwest Challenge D3,"('15', '6')",Simon Fraser,Portland
1556,March 30,Northwest Challenge D3,"('15', '11')",Simon Fraser,Puget Sound
1557,March 30,Northwest Challenge D3,"('12', '10')",Simon Fraser,British Columbia [B]
1558,March 29,Northwest Challenge D3,"('15', '3')",British Columbia  [B],Portland
1559,March 29,Northwest Challenge D3,"('12', '14')",British Columbia  [B],Simon Fraser
1560,March 30,Northwest Challenge D3,"('15', '7')",British Columbia  [B],Washington [B]
1561,March 30,Northwest Challenge D3,"('10', '12')",British Columbia  [B],Simon Fraser
1562,March 29,Northwest Challenge D3,"('3', '15')",Portland,British Columbia [B]
1563,March 29,Northwest Challenge D3,"('6', '15')",Portland,Simon Fraser
1564,March 30,Northwest Challenge D3,"('8', '15')",Portland,Puget Sound
1565,March 30,Northwest Challenge D3,"('10', '12')",Portland,Washington [B]
1566,March 29,Old Capitol Open 2025,"('13', '9')",Colorado Mines,Illinois State
1567,March 29,Old Capitol Open 2025,"('12', '11')",Colorado Mines,Minnesota [B]
1568,March 29,Old Capitol Open 2025,"('13', '4')",Colorado Mines,DePaul
1569,March 30,Old Capitol Open 2025,"('12', '8')",Colorado Mines,Grinnell
1570,March 30,Old Capitol Open 2025,"('10', '11')",Colorado Mines,Wisconsin-La Crosse
1571,March 30,Old Capitol Open 2025,"('5', '7')",Colorado Mines,Wisconsin-Milwaukee
1572,March 29,Old Capitol Open 2025,"('13', '7')",Minnesota [B],Illinois State
1573,March 29,Old Capitol Open 2025,"('11', '12')",Minnesota [B],Colorado Mines (Entropy)
1574,March 29,Old Capitol Open 2025,"('13', '3')",Minnesota [B],Winona State
1575,March 30,Old Capitol Open 2025,"('11', '12')",Minnesota [B],Wisconsin-Milwaukee
1576,March 30,Old Capitol Open 2025,"('9', '11')",Minnesota [B],Northern Iowa
1577,March 30,Old Capitol Open 2025,"('6', '8')",Minnesota [B],Wisconsin-Eau Claire
1578,March 29,Old Capitol Open 2025,"('7', '13')",Illinois State,Minnesota [B]
1579,March 29,Old Capitol Open 2025,"('9', '13')",Illinois State,Colorado Mines (Entropy)
1580,March 29,Old Capitol Open 2025,"('7', '13')",Illinois State,Wisconsin-Eau Claire
1581,March 30,Old Capitol Open 2025,"('6', '13')",Illinois State,Nebraska
1582,March 30,Old Capitol Open 2025,"('12', '9')",Illinois State,Wisconsin-Platteville
1583,March 29,Old Capitol Open 2025,"('13', '5')",Iowa,Winona State
1584,March 29,Old Capitol Open 2025,"('13', '9')",Iowa,Wisconsin-Eau Claire
1585,March 29,Old Capitol Open 2025,"('13', '8')",Iowa,St Thomas
1586,March 30,Old Capitol Open 2025,"('13', '9')",Iowa,Northern Iowa
1587,March 30,Old Capitol Open 2025,"('11', '8')",Iowa,Wisconsin-Milwaukee
1588,March 30,Old Capitol Open 2025,"('13', '6')",Iowa,Wisconsin-La Crosse
1589,March 29,Old Capitol Open 2025,"('12', '9')",Wisconsin-Eau Claire,Winona State
1590,March 29,Old Capitol Open 2025,"('9', '13')",Wisconsin-Eau Claire,Iowa
1591,March 29,Old Capitol Open 2025,"('13', '7')",Wisconsin-Eau Claire,Illinois State
1592,March 30,Old Capitol Open 2025,"('10', '10')",Wisconsin-Eau Claire,Wisconsin-La Crosse
1593,March 30,Old Capitol Open 2025,"('8', '6')",Wisconsin-Eau Claire,Minnesota [B]
1594,March 29,Old Capitol Open 2025,"('9', '12')",Winona State,Wisconsin-Eau Claire
1595,March 29,Old Capitol Open 2025,"('5', '13')",Winona State,Iowa
1596,March 29,Old Capitol Open 2025,"('3', '13')",Winona State,Minnesota [B]
1597,March 30,Old Capitol Open 2025,"('13', '8')",Winona State,Wisconsin-Platteville
1598,March 30,Old Capitol Open 2025,"('13', '2')",Winona State,St John's (Minnesota)
1599,March 30,Old Capitol Open 2025,"('9', '7')",Winona State,Minnesota-Duluth
1600,March 29,Old Capitol Open 2025,"('13', '7')",Wisconsin-Milwaukee,St John's (Minnesota)
1601,March 29,Old Capitol Open 2025,"('13', '8')",Wisconsin-Milwaukee,Grinnell
1602,March 29,Old Capitol Open 2025,"('12', '10')",Wisconsin-Milwaukee,Wisconsin-Platteville
1603,March 30,Old Capitol Open 2025,"('12', '11')",Wisconsin-Milwaukee,Minnesota [B]
1604,March 30,Old Capitol Open 2025,"('8', '11')",Wisconsin-Milwaukee,Iowa
1605,March 30,Old Capitol Open 2025,"('7', '5')",Wisconsin-Milwaukee,Colorado Mines (Entropy)
1606,March 29,Old Capitol Open 2025,"('13', '9')",Grinnell,St John's (Minnesota)
1607,March 29,Old Capitol Open 2025,"('8', '13')",Grinnell,Wisconsin-Milwaukee
1608,March 29,Old Capitol Open 2025,"('13', '7')",Grinnell,Minnesota-Duluth
1609,March 30,Old Capitol Open 2025,"('8', '12')",Grinnell,Colorado Mines (Entropy)
1610,March 30,Old Capitol Open 2025,"('7', '-')",Grinnell,Wisconsin-La Crosse
1611,March 30,Old Capitol Open 2025,"('11', '3')",Grinnell,Northern Iowa
1612,March 29,Old Capitol Open 2025,"('9', '13')",St John's,Grinnell
1613,March 29,Old Capitol Open 2025,"('7', '13')",St John's,Wisconsin-Milwaukee
1614,March 29,Old Capitol Open 2025,"('10', '13')",St John's,Northern Iowa
1615,March 30,Old Capitol Open 2025,"('10', '7')",St John's,St Thomas
1616,March 30,Old Capitol Open 2025,"('2', '13')",St John's,Winona State
1617,March 30,Old Capitol Open 2025,"('5', '11')",St John's,Nebraska
1618,March 29,Old Capitol Open 2025,"('11', '12')",Wisconsin-La Crosse,Northern Iowa
1619,March 29,Old Capitol Open 2025,"('13', '9')",Wisconsin-La Crosse,Minnesota-Duluth
1620,March 29,Old Capitol Open 2025,"('13', '9')",Wisconsin-La Crosse,Nebraska
1621,March 30,Old Capitol Open 2025,"('10', '10')",Wisconsin-La Crosse,Wisconsin-Eau Claire
1622,March 30,Old Capitol Open 2025,"('-', '7')",Wisconsin-La Crosse,Grinnell
1623,March 30,Old Capitol Open 2025,"('11', '10')",Wisconsin-La Crosse,Colorado Mines (Entropy)
1624,March 30,Old Capitol Open 2025,"('6', '13')",Wisconsin-La Crosse,Iowa
1625,March 29,Old Capitol Open 2025,"('11', '13')",Northern Iowa,Minnesota-Duluth
1626,March 29,Old Capitol Open 2025,"('12', '11')",Northern Iowa,Wisconsin-La Crosse
1627,March 29,Old Capitol Open 2025,"('13', '10')",Northern Iowa,St John's (Minnesota)
1628,March 30,Old Capitol Open 2025,"('9', '13')",Northern Iowa,Iowa
1629,March 30,Old Capitol Open 2025,"('11', '9')",Northern Iowa,Minnesota [B]
1630,March 30,Old Capitol Open 2025,"('3', '11')",Northern Iowa,Grinnell
1631,March 29,Old Capitol Open 2025,"('13', '11')",Minnesota-Duluth,Northern Iowa
1632,March 29,Old Capitol Open 2025,"('9', '13')",Minnesota-Duluth,Wisconsin-La Crosse
1633,March 29,Old Capitol Open 2025,"('7', '13')",Minnesota-Duluth,Grinnell
1634,March 30,Old Capitol Open 2025,"('11', '10')",Minnesota-Duluth,DePaul
1635,March 30,Old Capitol Open 2025,"('13', '12')",Minnesota-Duluth,Nebraska
1636,March 30,Old Capitol Open 2025,"('7', '9')",Minnesota-Duluth,Winona State
1637,March 29,Old Capitol Open 2025,"('14', '4')",DePaul,Iowa [B]
1638,March 29,Old Capitol Open 2025,"('13', '12')",DePaul,Luther
1639,March 29,Old Capitol Open 2025,"('4', '13')",DePaul,Colorado Mines (Entropy)
1640,March 30,Old Capitol Open 2025,"('10', '11')",DePaul,Minnesota-Duluth
1641,March 29,Old Capitol Open 2025,"('13', '4')",Luther,Iowa [B]
1642,March 29,Old Capitol Open 2025,"('12', '13')",Luther,DePaul
1643,March 29,Old Capitol Open 2025,"('10', '6')",Luther,Washington University [B]
1644,March 30,Old Capitol Open 2025,"('9', '4')",Luther,Iowa [B]
1645,March 30,Old Capitol Open 2025,"('7', '6')",Luther,Washington University [B]
1646,March 29,Old Capitol Open 2025,"('4', '14')",Iowa [B],DePaul
1647,March 29,Old Capitol Open 2025,"('4', '13')",Iowa [B],Luther
1648,March 29,Old Capitol Open 2025,"('13', '8')",Iowa [B],Wisconsin-Milwaukee [B]
1649,March 30,Old Capitol Open 2025,"('9', '4')",Iowa [B],Carthage
1650,March 30,Old Capitol Open 2025,"('4', '9')",Iowa [B],Luther
1651,March 30,Old Capitol Open 2025,"('3', '12')",Iowa [B],Minnesota [C]
1652,March 29,Old Capitol Open 2025,"('13', '5')",St Thomas,Wisconsin-Milwaukee [B]
1653,March 29,Old Capitol Open 2025,"('11', '10')",St Thomas,Washington University [B]
1654,March 29,Old Capitol Open 2025,"('8', '13')",St Thomas,Iowa
1655,March 30,Old Capitol Open 2025,"('7', '10')",St Thomas,St John's (Minnesota)
1656,March 30,Old Capitol Open 2025,"('5', '13')",St Thomas,Wisconsin-Platteville
1657,March 29,Old Capitol Open 2025,"('12', '5')",Washington University [B],Wisconsin-Milwaukee [B]
1658,March 29,Old Capitol Open 2025,"('10', '11')",Washington University [B],St Thomas
1659,March 29,Old Capitol Open 2025,"('6', '10')",Washington University [B],Luther
1660,March 30,Old Capitol Open 2025,"('11', '1')",Washington University [B],Iowa State [B]
1661,March 30,Old Capitol Open 2025,"('12', '9')",Washington University [B],Minnesota [C]
1662,March 30,Old Capitol Open 2025,"('6', '7')",Washington University [B],Luther
1663,March 29,Old Capitol Open 2025,"('5', '12')",Wisconsin-Milwaukee [B],Washington University [B]
1664,March 29,Old Capitol Open 2025,"('5', '13')",Wisconsin-Milwaukee [B],St Thomas
1665,March 29,Old Capitol Open 2025,"('8', '13')",Wisconsin-Milwaukee [B],Iowa [B]
1666,March 30,Old Capitol Open 2025,"('5', '13')",Wisconsin-Milwaukee [B],Minnesota [C]
1667,March 30,Old Capitol Open 2025,"('13', '8')",Wisconsin-Milwaukee [B],Iowa State [B]
1668,March 29,Old Capitol Open 2025,"('13', '2')",Wisconsin-Platteville,Iowa State [B]
1669,March 29,Old Capitol Open 2025,"('13', '3')",Wisconsin-Platteville,Carthage
1670,March 29,Old Capitol Open 2025,"('10', '12')",Wisconsin-Platteville,Wisconsin-Milwaukee
1671,March 30,Old Capitol Open 2025,"('8', '13')",Wisconsin-Platteville,Winona State
1672,March 30,Old Capitol Open 2025,"('13', '5')",Wisconsin-Platteville,St Thomas
1673,March 30,Old Capitol Open 2025,"('9', '12')",Wisconsin-Platteville,Illinois State
1674,March 29,Old Capitol Open 2025,"('13', '5')",Carthage,Iowa State [B]
1675,March 29,Old Capitol Open 2025,"('3', '13')",Carthage,Wisconsin-Platteville
1676,March 29,Old Capitol Open 2025,"('4', '13')",Carthage,Minnesota [C]
1677,March 30,Old Capitol Open 2025,"('4', '9')",Carthage,Iowa [B]
1678,March 29,Old Capitol Open 2025,"('5', '13')",Iowa State [B],Carthage
1679,March 29,Old Capitol Open 2025,"('2', '13')",Iowa State [B],Wisconsin-Platteville
1680,March 29,Old Capitol Open 2025,"('9', '8')",Iowa State [B],Grinnell [B]
1681,March 30,Old Capitol Open 2025,"('1', '11')",Iowa State [B],Washington University [B]
1682,March 30,Old Capitol Open 2025,"('8', '13')",Iowa State [B],Wisconsin-Milwaukee [B]
1683,March 29,Old Capitol Open 2025,"('13', '0')",Nebraska,Grinnell [B]
1684,March 29,Old Capitol Open 2025,"('13', '5')",Nebraska,Minnesota [C]
1685,March 29,Old Capitol Open 2025,"('9', '13')",Nebraska,Wisconsin-La Crosse
1686,March 30,Old Capitol Open 2025,"('13', '6')",Nebraska,Illinois State
1687,March 30,Old Capitol Open 2025,"('12', '13')",Nebraska,Minnesota-Duluth
1688,March 30,Old Capitol Open 2025,"('11', '5')",Nebraska,St John's (Minnesota)
1689,March 29,Old Capitol Open 2025,"('13', '0')",Minnesota-C,Grinnell [B]
1690,March 29,Old Capitol Open 2025,"('5', '13')",Minnesota-C,Nebraska
1691,March 29,Old Capitol Open 2025,"('13', '4')",Minnesota-C,Carthage
1692,March 30,Old Capitol Open 2025,"('13', '5')",Minnesota-C,Wisconsin-Milwaukee [B]
1693,March 30,Old Capitol Open 2025,"('9', '12')",Minnesota-C,Washington University [B]
1694,March 30,Old Capitol Open 2025,"('12', '3')",Minnesota-C,Iowa [B]
1695,March 29,Old Capitol Open 2025,"('0', '13')",Grinnell [B],Minnesota [C]
1696,March 29,Old Capitol Open 2025,"('0', '13')",Grinnell [B],Nebraska
1697,March 29,Old Capitol Open 2025,"('8', '9')",Grinnell [B],Iowa State [B]
1698,March 29,Sinvite 2025,"('13', '1')",Brigham Young [B],California-San Diego [B]
1699,March 29,Sinvite 2025,"('13', '3')",Brigham Young [B],Northern Arizona
1700,March 29,Sinvite 2025,"('13', '2')",Brigham Young [B],Southern California [B]
1701,March 29,Sinvite 2025,"('11', '10')",Brigham Young [B],Arizona
1702,March 29,Sinvite 2025,"('13', '9')",Arizona,Northern Arizona
1703,March 29,Sinvite 2025,"('12', '4')",Arizona,Southern California [B]
1704,March 29,Sinvite 2025,"('12', '5')",Arizona,San Diego State [B]
1705,March 29,Sinvite 2025,"('10', '11')",Arizona,Brigham Young [B]
1706,March 30,Sinvite 2025,"('10', '4')",Arizona,California-San Diego [B]
1707,March 30,Sinvite 2025,"('11', '10')",Arizona,Southern California [B]
1708,March 29,Sinvite 2025,"('7', '6')",Southern California [B],San Diego State [B]
1709,March 29,Sinvite 2025,"('4', '12')",Southern California [B],Arizona
1710,March 29,Sinvite 2025,"('2', '13')",Southern California [B],Brigham Young [B]
1711,March 29,Sinvite 2025,"('13', '8')",Southern California [B],California-San Diego [B]
1712,March 30,Sinvite 2025,"('10', '9')",Southern California [B],Northern Arizona
1713,March 30,Sinvite 2025,"('10', '11')",Southern California [B],Arizona
1714,March 29,Sinvite 2025,"('9', '13')",Northern Arizona,Arizona
1715,March 29,Sinvite 2025,"('3', '13')",Northern Arizona,Brigham Young [B]
1716,March 29,Sinvite 2025,"('13', '7')",Northern Arizona,California-San Diego [B]
1717,March 29,Sinvite 2025,"('7', '4')",Northern Arizona,San Diego State [B]
1718,March 30,Sinvite 2025,"('9', '10')",Northern Arizona,Southern California [B]
1719,March 29,Sinvite 2025,"('1', '13')",California-San Diego [B],Brigham Young [B]
1720,March 29,Sinvite 2025,"('8', '6')",California-San Diego [B],San Diego State [B]
1721,March 29,Sinvite 2025,"('7', '13')",California-San Diego [B],Northern Arizona
1722,March 29,Sinvite 2025,"('8', '13')",California-San Diego [B],Southern California [B]
1723,March 30,Sinvite 2025,"('4', '10')",California-San Diego [B],Arizona
1724,March 30,Sinvite 2025,"('5', '7')",California-San Diego [B],San Diego State [B]
1725,March 29,Sinvite 2025,"('6', '7')",San Diego State [B],Southern California [B]
1726,March 29,Sinvite 2025,"('6', '8')",San Diego State [B],California-San Diego [B]
1727,March 29,Sinvite 2025,"('5', '12')",San Diego State [B],Arizona
1728,March 29,Sinvite 2025,"('4', '7')",San Diego State [B],Northern Arizona
1729,March 30,Sinvite 2025,"('7', '5')",San Diego State [B],California-San Diego [B]
1730,March 23,Butler Spring Fling 2025,"('13', '2')",Asbury,Butler
1731,March 23,Butler Spring Fling 2025,"('13', '3')",Asbury,Xavier
1732,March 23,Butler Spring Fling 2025,"('13', '2')",Asbury,Hillsdale
1733,March 23,Butler Spring Fling 2025,"('2', '13')",Butler,Asbury
1734,March 23,Butler Spring Fling 2025,"('13', '7')",Butler,Hillsdale
1735,March 23,Butler Spring Fling 2025,"('13', '7')",Butler,Xavier
1736,March 23,Butler Spring Fling 2025,"('9', '7')",Hillsdale,Xavier
1737,March 23,Butler Spring Fling 2025,"('7', '13')",Hillsdale,Butler
1738,March 23,Butler Spring Fling 2025,"('2', '13')",Hillsdale,Asbury
1739,March 23,Butler Spring Fling 2025,"('7', '9')",Xavier,Hillsdale
1740,March 23,Butler Spring Fling 2025,"('3', '13')",Xavier,Asbury
1741,March 23,Butler Spring Fling 2025,"('7', '13')",Xavier,Butler
1742,March 22,Atlantic Coast Open 2025,"('15', '1')",Virginia Tech,Wake Forest
1743,March 22,Atlantic Coast Open 2025,"('13', '9')",Virginia Tech,RIT
1744,March 22,Atlantic Coast Open 2025,"('15', '4')",Virginia Tech,George Washington
1745,March 22,Atlantic Coast Open 2025,"('14', '8')",Virginia Tech,Lehigh
1746,March 23,Atlantic Coast Open 2025,"('15', '11')",Virginia Tech,Duke
1747,March 23,Atlantic Coast Open 2025,"('13', '12')",Virginia Tech,North Carolina-Charlotte
1748,March 23,Atlantic Coast Open 2025,"('14', '9')",Virginia Tech,Appalachian State
1749,March 22,Atlantic Coast Open 2025,"('13', '4')",Lehigh,George Washington
1750,March 22,Atlantic Coast Open 2025,"('13', '7')",Lehigh,RIT
1751,March 22,Atlantic Coast Open 2025,"('15', '9')",Lehigh,Wake Forest
1752,March 22,Atlantic Coast Open 2025,"('8', '14')",Lehigh,Virginia Tech
1753,March 23,Atlantic Coast Open 2025,"('10', '12')",Lehigh,Liberty
1754,March 23,Atlantic Coast Open 2025,"('14', '12')",Lehigh,Dickinson
1755,March 23,Atlantic Coast Open 2025,"('11', '8')",Lehigh,Duke
1756,March 22,Atlantic Coast Open 2025,"('15', '4')",RIT,George Washington
1757,March 22,Atlantic Coast Open 2025,"('9', '13')",RIT,Virginia Tech
1758,March 22,Atlantic Coast Open 2025,"('7', '13')",RIT,Lehigh
1759,March 22,Atlantic Coast Open 2025,"('15', '3')",RIT,Wake Forest
1760,March 23,Atlantic Coast Open 2025,"('15', '13')",RIT,Massachusetts [B]
1761,March 23,Atlantic Coast Open 2025,"('15', '12')",RIT,American
1762,March 23,Atlantic Coast Open 2025,"('15', '9')",RIT,East Carolina
1763,March 22,Atlantic Coast Open 2025,"('1', '15')",Wake Forest,Virginia Tech
1764,March 22,Atlantic Coast Open 2025,"('9', '6')",Wake Forest,George Washington
1765,March 22,Atlantic Coast Open 2025,"('9', '15')",Wake Forest,Lehigh
1766,March 22,Atlantic Coast Open 2025,"('3', '15')",Wake Forest,RIT
1767,March 23,Atlantic Coast Open 2025,"('5', '15')",Wake Forest,George Mason
1768,March 23,Atlantic Coast Open 2025,"('4', '15')",Wake Forest,Florida State
1769,March 23,Atlantic Coast Open 2025,"('4', '10')",Wake Forest,Massachusetts [B]
1770,March 22,Atlantic Coast Open 2025,"('4', '15')",George Washington,RIT
1771,March 22,Atlantic Coast Open 2025,"('4', '13')",George Washington,Lehigh
1772,March 22,Atlantic Coast Open 2025,"('6', '9')",George Washington,Wake Forest
1773,March 22,Atlantic Coast Open 2025,"('4', '15')",George Washington,Virginia Tech
1774,March 23,Atlantic Coast Open 2025,"('15', '1')",George Washington,American [B]
1775,March 23,Atlantic Coast Open 2025,"('15', '7')",George Washington,Virginia Tech [B]
1776,March 22,Atlantic Coast Open 2025,"('11', '10')",Liberty,Massachusetts [B]
1777,March 22,Atlantic Coast Open 2025,"('10', '8')",Liberty,George Mason
1778,March 22,Atlantic Coast Open 2025,"('12', '6')",Liberty,Virginia Tech [B]
1779,March 22,Atlantic Coast Open 2025,"('14', '7')",Liberty,Duke
1780,March 23,Atlantic Coast Open 2025,"('12', '10')",Liberty,Lehigh
1781,March 23,Atlantic Coast Open 2025,"('12', '15')",Liberty,Appalachian State
1782,March 23,Atlantic Coast Open 2025,"('11', '6')",Liberty,North Carolina-Charlotte
1783,March 22,Atlantic Coast Open 2025,"('15', '7')",Duke,Virginia Tech [B]
1784,March 22,Atlantic Coast Open 2025,"('10', '7')",Duke,Massachusetts [B]
1785,March 22,Atlantic Coast Open 2025,"('7', '14')",Duke,Liberty
1786,March 22,Atlantic Coast Open 2025,"('12', '11')",Duke,George Mason
1787,March 23,Atlantic Coast Open 2025,"('11', '15')",Duke,Virginia Tech
1788,March 23,Atlantic Coast Open 2025,"('15', '11')",Duke,Vermont [B]
1789,March 23,Atlantic Coast Open 2025,"('8', '11')",Duke,Lehigh
1790,March 22,Atlantic Coast Open 2025,"('8', '10')",George Mason,Liberty
1791,March 22,Atlantic Coast Open 2025,"('11', '9')",George Mason,Massachusetts [B]
1792,March 22,Atlantic Coast Open 2025,"('11', '7')",George Mason,Virginia Tech [B]
1793,March 22,Atlantic Coast Open 2025,"('11', '12')",George Mason,Duke
1794,March 23,Atlantic Coast Open 2025,"('15', '5')",George Mason,Wake Forest
1795,March 23,Atlantic Coast Open 2025,"('9', '10')",George Mason,East Carolina
1796,March 23,Atlantic Coast Open 2025,"('11', '15')",George Mason,American
1797,March 22,Atlantic Coast Open 2025,"('10', '11')",Massachusetts  [B],Liberty
1798,March 22,Atlantic Coast Open 2025,"('7', '10')",Massachusetts  [B],Duke
1799,March 22,Atlantic Coast Open 2025,"('9', '11')",Massachusetts  [B],George Mason
1800,March 22,Atlantic Coast Open 2025,"('15', '3')",Massachusetts  [B],Virginia Tech [B]
1801,March 23,Atlantic Coast Open 2025,"('13', '15')",Massachusetts  [B],RIT
1802,March 23,Atlantic Coast Open 2025,"('13', '15')",Massachusetts  [B],Messiah
1803,March 23,Atlantic Coast Open 2025,"('10', '4')",Massachusetts  [B],Wake Forest
1804,March 22,Atlantic Coast Open 2025,"('7', '15')",Virginia Tech [B],Duke
1805,March 22,Atlantic Coast Open 2025,"('6', '12')",Virginia Tech [B],Liberty
1806,March 22,Atlantic Coast Open 2025,"('7', '11')",Virginia Tech [B],George Mason
1807,March 22,Atlantic Coast Open 2025,"('3', '15')",Virginia Tech [B],Massachusetts [B]
1808,March 23,Atlantic Coast Open 2025,"('15', '5')",Virginia Tech [B],George Washington [B]
1809,March 23,Atlantic Coast Open 2025,"('7', '15')",Virginia Tech [B],George Washington
1810,March 22,Atlantic Coast Open 2025,"('14', '8')",Appalachian State,Messiah
1811,March 22,Atlantic Coast Open 2025,"('14', '12')",Appalachian State,Florida State
1812,March 22,Atlantic Coast Open 2025,"('15', '1')",Appalachian State,American [B]
1813,March 22,Atlantic Coast Open 2025,"('13', '8')",Appalachian State,Vermont [B]
1814,March 23,Atlantic Coast Open 2025,"('15', '11')",Appalachian State,Dickinson
1815,March 23,Atlantic Coast Open 2025,"('15', '12')",Appalachian State,Liberty
1816,March 23,Atlantic Coast Open 2025,"('9', '14')",Appalachian State,Virginia Tech
1817,March 22,Atlantic Coast Open 2025,"('15', '1')",Vermont [B],American [B]
1818,March 22,Atlantic Coast Open 2025,"('9', '8')",Vermont [B],Florida State
1819,March 22,Atlantic Coast Open 2025,"('9', '7')",Vermont [B],Messiah
1820,March 22,Atlantic Coast Open 2025,"('8', '13')",Vermont [B],Appalachian State
1821,March 23,Atlantic Coast Open 2025,"('11', '15')",Vermont [B],North Carolina-Charlotte
1822,March 23,Atlantic Coast Open 2025,"('11', '15')",Vermont [B],Duke
1823,March 23,Atlantic Coast Open 2025,"('14', '12')",Vermont [B],Dickinson
1824,March 22,Atlantic Coast Open 2025,"('15', '11')",Florida State,Messiah
1825,March 22,Atlantic Coast Open 2025,"('8', '9')",Florida State,Vermont [B]
1826,March 22,Atlantic Coast Open 2025,"('12', '14')",Florida State,Appalachian State
1827,March 22,Atlantic Coast Open 2025,"('14', '5')",Florida State,American [B]
1828,March 23,Atlantic Coast Open 2025,"('13', '14')",Florida State,East Carolina
1829,March 23,Atlantic Coast Open 2025,"('15', '4')",Florida State,Wake Forest
1830,March 23,Atlantic Coast Open 2025,"('13', '8')",Florida State,Messiah
1831,March 22,Atlantic Coast Open 2025,"('11', '15')",Messiah,Florida State
1832,March 22,Atlantic Coast Open 2025,"('8', '14')",Messiah,Appalachian State
1833,March 22,Atlantic Coast Open 2025,"('15', '6')",Messiah,American [B]
1834,March 22,Atlantic Coast Open 2025,"('7', '9')",Messiah,Vermont [B]
1835,March 23,Atlantic Coast Open 2025,"('13', '14')",Messiah,American
1836,March 23,Atlantic Coast Open 2025,"('15', '13')",Messiah,Massachusetts [B]
1837,March 23,Atlantic Coast Open 2025,"('8', '13')",Messiah,Florida State
1838,March 22,Atlantic Coast Open 2025,"('1', '15')",American [B],Vermont [B]
1839,March 22,Atlantic Coast Open 2025,"('6', '15')",American [B],Messiah
1840,March 22,Atlantic Coast Open 2025,"('1', '15')",American [B],Appalachian State
1841,March 22,Atlantic Coast Open 2025,"('5', '14')",American [B],Florida State
1842,March 23,Atlantic Coast Open 2025,"('1', '15')",American [B],George Washington
1843,March 23,Atlantic Coast Open 2025,"('10', '11')",American [B],George Washington [B]
1844,March 22,Atlantic Coast Open 2025,"('15', '1')",North Carolina-Charlotte,George Washington [B]
1845,March 22,Atlantic Coast Open 2025,"('12', '6')",North Carolina-Charlotte,East Carolina
1846,March 22,Atlantic Coast Open 2025,"('11', '6')",North Carolina-Charlotte,American
1847,March 22,Atlantic Coast Open 2025,"('11', '7')",North Carolina-Charlotte,Dickinson
1848,March 23,Atlantic Coast Open 2025,"('15', '11')",North Carolina-Charlotte,Vermont [B]
1849,March 23,Atlantic Coast Open 2025,"('12', '13')",North Carolina-Charlotte,Virginia Tech
1850,March 23,Atlantic Coast Open 2025,"('6', '11')",North Carolina-Charlotte,Liberty
1851,March 22,Atlantic Coast Open 2025,"('12', '8')",Dickinson,American
1852,March 22,Atlantic Coast Open 2025,"('8', '9')",Dickinson,East Carolina
1853,March 22,Atlantic Coast Open 2025,"('15', '2')",Dickinson,George Washington [B]
1854,March 22,Atlantic Coast Open 2025,"('7', '11')",Dickinson,North Carolina-Charlotte
1855,March 23,Atlantic Coast Open 2025,"('11', '15')",Dickinson,Appalachian State
1856,March 23,Atlantic Coast Open 2025,"('12', '14')",Dickinson,Lehigh
1857,March 23,Atlantic Coast Open 2025,"('12', '14')",Dickinson,Vermont [B]
1858,March 22,Atlantic Coast Open 2025,"('12', '9')",American,East Carolina
1859,March 22,Atlantic Coast Open 2025,"('8', '12')",American,Dickinson
1860,March 22,Atlantic Coast Open 2025,"('14', '5')",American,George Washington [B]
1861,March 22,Atlantic Coast Open 2025,"('6', '11')",American,North Carolina-Charlotte
1862,March 23,Atlantic Coast Open 2025,"('14', '13')",American,Messiah
1863,March 23,Atlantic Coast Open 2025,"('12', '15')",American,RIT
1864,March 23,Atlantic Coast Open 2025,"('15', '11')",American,George Mason
1865,March 22,Atlantic Coast Open 2025,"('9', '12')",East Carolina,American
1866,March 22,Atlantic Coast Open 2025,"('6', '12')",East Carolina,North Carolina-Charlotte
1867,March 22,Atlantic Coast Open 2025,"('9', '8')",East Carolina,Dickinson
1868,March 22,Atlantic Coast Open 2025,"('15', '0')",East Carolina,George Washington [B]
1869,March 23,Atlantic Coast Open 2025,"('14', '13')",East Carolina,Florida State
1870,March 23,Atlantic Coast Open 2025,"('10', '9')",East Carolina,George Mason
1871,March 23,Atlantic Coast Open 2025,"('9', '15')",East Carolina,RIT
1872,March 22,Atlantic Coast Open 2025,"('1', '15')",George Washington [B],North Carolina-Charlotte
1873,March 22,Atlantic Coast Open 2025,"('5', '14')",George Washington [B],American
1874,March 22,Atlantic Coast Open 2025,"('2', '15')",George Washington [B],Dickinson
1875,March 22,Atlantic Coast Open 2025,"('0', '15')",George Washington [B],East Carolina
1876,March 23,Atlantic Coast Open 2025,"('5', '15')",George Washington [B],Virginia Tech [B]
1877,March 23,Atlantic Coast Open 2025,"('11', '10')",George Washington [B],American [B]
1878,March 22,Meltdown 2025,"('9', '5')",Winona State,Wisconsin-Whitewater
1879,March 22,Meltdown 2025,"('11', '10')",Winona State,Northern Iowa
1880,March 22,Meltdown 2025,"('11', '6')",Winona State,Rose-Hulman
1881,March 22,Meltdown 2025,"('10', '9')",Winona State,St Thomas
1882,March 23,Meltdown 2025,"('5', '11')",Winona State,St Olaf
1883,March 23,Meltdown 2025,"('7', '10')",Winona State,Kenyon
1884,March 22,Meltdown 2025,"('11', '5')",Northern Iowa,Rose-Hulman
1885,March 22,Meltdown 2025,"('10', '11')",Northern Iowa,Winona State
1886,March 22,Meltdown 2025,"('11', '8')",Northern Iowa,St Thomas
1887,March 22,Meltdown 2025,"('13', '5')",Northern Iowa,Wisconsin-Whitewater
1888,March 23,Meltdown 2025,"('10', '5')",Northern Iowa,Wisconsin-Stevens Point
1889,March 23,Meltdown 2025,"('11', '4')",Northern Iowa,Wisconsin-Whitewater
1890,March 22,Meltdown 2025,"('5', '9')",Wisconsin-Whitewater,Winona State
1891,March 22,Meltdown 2025,"('12', '4')",Wisconsin-Whitewater,Rose-Hulman
1892,March 22,Meltdown 2025,"('9', '8')",Wisconsin-Whitewater,St Thomas
1893,March 22,Meltdown 2025,"('5', '13')",Wisconsin-Whitewater,Northern Iowa
1894,March 23,Meltdown 2025,"('7', '4')",Wisconsin-Whitewater,Grace
1895,March 23,Meltdown 2025,"('4', '11')",Wisconsin-Whitewater,Northern Iowa
1896,March 22,Meltdown 2025,"('11', '6')",St Thomas,Rose-Hulman
1897,March 22,Meltdown 2025,"('8', '11')",St Thomas,Northern Iowa
1898,March 22,Meltdown 2025,"('8', '9')",St Thomas,Wisconsin-Whitewater
1899,March 22,Meltdown 2025,"('9', '10')",St Thomas,Winona State
1900,March 23,Meltdown 2025,"('3', '7')",St Thomas,Minnesota State-Mankato
1901,March 23,Meltdown 2025,"('6', '7')",St Thomas,Illinois-Chicago
1902,March 22,Meltdown 2025,"('5', '11')",Rose-Hulman,Northern Iowa
1903,March 22,Meltdown 2025,"('6', '11')",Rose-Hulman,St Thomas
1904,March 22,Meltdown 2025,"('4', '12')",Rose-Hulman,Wisconsin-Whitewater
1905,March 22,Meltdown 2025,"('6', '11')",Rose-Hulman,Winona State
1906,March 23,Meltdown 2025,"('9', '2')",Rose-Hulman,Carthage
1907,March 23,Meltdown 2025,"('6', '9')",Rose-Hulman,Minnesota State-Mankato
1908,March 22,Meltdown 2025,"('13', '3')",Kenyon,Illinois-Chicago
1909,March 22,Meltdown 2025,"('13', '3')",Kenyon,Carthage
1910,March 22,Meltdown 2025,"('13', '4')",Kenyon,Minnesota State-Mankato
1911,March 22,Meltdown 2025,"('12', '11')",Kenyon,St Olaf
1912,March 23,Meltdown 2025,"('7', '8')",Kenyon,Truman State
1913,March 23,Meltdown 2025,"('10', '7')",Kenyon,Winona State
1914,March 22,Meltdown 2025,"('13', '5')",St Olaf,Minnesota State-Mankato
1915,March 22,Meltdown 2025,"('13', '0')",St Olaf,Carthage
1916,March 22,Meltdown 2025,"('13', '1')",St Olaf,Illinois-Chicago
1917,March 22,Meltdown 2025,"('11', '12')",St Olaf,Kenyon
1918,March 23,Meltdown 2025,"('11', '5')",St Olaf,Winona State
1919,March 23,Meltdown 2025,"('10', '6')",St Olaf,Truman State
1920,March 22,Meltdown 2025,"('5', '13')",Minnesota State-Mankato,St Olaf
1921,March 22,Meltdown 2025,"('13', '8')",Minnesota State-Mankato,Illinois-Chicago
1922,March 22,Meltdown 2025,"('4', '13')",Minnesota State-Mankato,Kenyon
1923,March 22,Meltdown 2025,"('11', '10')",Minnesota State-Mankato,Carthage
1924,March 23,Meltdown 2025,"('7', '3')",Minnesota State-Mankato,St Thomas
1925,March 23,Meltdown 2025,"('9', '6')",Minnesota State-Mankato,Rose-Hulman
1926,March 22,Meltdown 2025,"('10', '7')",Illinois-Chicago,Carthage
1927,March 22,Meltdown 2025,"('3', '13')",Illinois-Chicago,Kenyon
1928,March 22,Meltdown 2025,"('8', '13')",Illinois-Chicago,Minnesota State-Mankato
1929,March 22,Meltdown 2025,"('1', '13')",Illinois-Chicago,St Olaf
1930,March 23,Meltdown 2025,"('5', '9')",Illinois-Chicago,Loyola-Chicago
1931,March 23,Meltdown 2025,"('7', '6')",Illinois-Chicago,St Thomas
1932,March 22,Meltdown 2025,"('7', '10')",Carthage,Illinois-Chicago
1933,March 22,Meltdown 2025,"('0', '13')",Carthage,St Olaf
1934,March 22,Meltdown 2025,"('3', '13')",Carthage,Kenyon
1935,March 22,Meltdown 2025,"('10', '11')",Carthage,Minnesota State-Mankato
1936,March 23,Meltdown 2025,"('2', '9')",Carthage,Rose-Hulman
1937,March 23,Meltdown 2025,"('1', '10')",Carthage,Loyola-Chicago
1938,March 22,Meltdown 2025,"('8', '7')",Truman State,Loyola-Chicago
1939,March 22,Meltdown 2025,"('13', '5')",Truman State,Wisconsin-Stevens Point
1940,March 22,Meltdown 2025,"('13', '2')",Truman State,Grace
1941,March 23,Meltdown 2025,"('8', '7')",Truman State,Kenyon
1942,March 23,Meltdown 2025,"('6', '10')",Truman State,St Olaf
1943,March 22,Meltdown 2025,"('11', '7')",Grace,Wisconsin-Stevens Point
1944,March 22,Meltdown 2025,"('7', '8')",Grace,Loyola-Chicago
1945,March 22,Meltdown 2025,"('2', '13')",Grace,Truman State
1946,March 23,Meltdown 2025,"('4', '7')",Grace,Wisconsin-Whitewater
1947,March 23,Meltdown 2025,"('7', '3')",Grace,Wisconsin-Stevens Point
1948,March 22,Meltdown 2025,"('10', '6')",Wisconsin-Stevens Point,Loyola-Chicago
1949,March 22,Meltdown 2025,"('7', '11')",Wisconsin-Stevens Point,Grace
1950,March 22,Meltdown 2025,"('5', '13')",Wisconsin-Stevens Point,Truman State
1951,March 23,Meltdown 2025,"('5', '10')",Wisconsin-Stevens Point,Northern Iowa
1952,March 23,Meltdown 2025,"('3', '7')",Wisconsin-Stevens Point,Grace
1953,March 22,Meltdown 2025,"('6', '10')",Loyola-Chicago,Wisconsin-Stevens Point
1954,March 22,Meltdown 2025,"('7', '8')",Loyola-Chicago,Truman State
1955,March 22,Meltdown 2025,"('8', '7')",Loyola-Chicago,Grace
1956,March 23,Meltdown 2025,"('9', '5')",Loyola-Chicago,Illinois-Chicago
1957,March 23,Meltdown 2025,"('10', '1')",Loyola-Chicago,Carthage
1958,March 22,PBR State Open,"('12', '6')",Boston University,MIT
1959,March 22,PBR State Open,"('15', '3')",Boston University,Bentley
1960,March 22,PBR State Open,"('15', '7')",Boston University,Bowdoin
1961,March 23,PBR State Open,"('15', '6')",Boston University,Worcester Polytechnic
1962,March 23,PBR State Open,"('7', '9')",Boston University,Bates
1963,March 23,PBR State Open,"('11', '10')",Boston University,Brandeis
1964,March 22,PBR State Open,"('12', '6')",Bowdoin,Bentley
1965,March 22,PBR State Open,"('15', '3')",Bowdoin,Worcester Polytechnic
1966,March 22,PBR State Open,"('10', '9')",Bowdoin,Bates
1967,March 22,PBR State Open,"('7', '15')",Bowdoin,Boston University
1968,March 23,PBR State Open,"('9', '5')",Bowdoin,Brandeis
1969,March 23,PBR State Open,"('13', '5')",Bowdoin,MIT
1970,March 22,PBR State Open,"('15', '2')",Brandeis,Worcester Polytechnic
1971,March 22,PBR State Open,"('15', '3')",Brandeis,Bentley
1972,March 22,PBR State Open,"('10', '9')",Brandeis,MIT
1973,March 23,PBR State Open,"('10', '8')",Brandeis,Bates
1974,March 23,PBR State Open,"('5', '9')",Brandeis,Bowdoin
1975,March 23,PBR State Open,"('10', '11')",Brandeis,Boston University
1976,March 22,PBR State Open,"('6', '12')",MIT,Boston University
1977,March 22,PBR State Open,"('11', '10')",MIT,Bates
1978,March 22,PBR State Open,"('9', '10')",MIT,Brandeis
1979,March 22,PBR State Open,"('13', '7')",MIT,Worcester Polytechnic
1980,March 23,PBR State Open,"('15', '1')",MIT,Bentley
1981,March 23,PBR State Open,"('5', '13')",MIT,Bowdoin
1982,March 22,PBR State Open,"('10', '11')",Bates,MIT
1983,March 22,PBR State Open,"('9', '10')",Bates,Bowdoin
1984,March 22,PBR State Open,"('15', '5')",Bates,Bentley
1985,March 23,PBR State Open,"('8', '10')",Bates,Brandeis
1986,March 23,PBR State Open,"('9', '7')",Bates,Boston University
1987,March 23,PBR State Open,"('13', '4')",Bates,Worcester Polytechnic
1988,March 22,PBR State Open,"('2', '15')",Worcester Polytechnic,Brandeis
1989,March 22,PBR State Open,"('3', '15')",Worcester Polytechnic,Bowdoin
1990,March 22,PBR State Open,"('7', '13')",Worcester Polytechnic,MIT
1991,March 23,PBR State Open,"('6', '15')",Worcester Polytechnic,Boston University
1992,March 23,PBR State Open,"('12', '4')",Worcester Polytechnic,Bentley
1993,March 23,PBR State Open,"('4', '13')",Worcester Polytechnic,Bates
1994,March 22,PBR State Open,"('6', '12')",Bentley,Bowdoin
1995,March 22,PBR State Open,"('3', '15')",Bentley,Brandeis
1996,March 22,PBR State Open,"('3', '15')",Bentley,Boston University
1997,March 22,PBR State Open,"('5', '15')",Bentley,Bates
1998,March 23,PBR State Open,"('1', '15')",Bentley,MIT
1999,March 23,PBR State Open,"('4', '12')",Bentley,Worcester Polytechnic
2000,March 15,Grand Rapids Invite 2025,"('11', '6')",Michigan State,Wisconsin-Milwaukee
2001,March 15,Grand Rapids Invite 2025,"('12', '9')",Michigan State,Ohio
2002,March 15,Grand Rapids Invite 2025,"('14', '9')",Michigan State,Cedarville
2003,March 16,Grand Rapids Invite 2025,"('13', '9')",Michigan State,Pittsburgh [B]
2004,March 16,Grand Rapids Invite 2025,"('12', '11')",Michigan State,Notre Dame
2005,March 16,Grand Rapids Invite 2025,"('12', '11')",Michigan State,Davenport
2006,March 15,Grand Rapids Invite 2025,"('6', '11')",Wisconsin-Milwaukee,Michigan State
2007,March 15,Grand Rapids Invite 2025,"('13', '10')",Wisconsin-Milwaukee,Cedarville
2008,March 15,Grand Rapids Invite 2025,"('13', '9')",Wisconsin-Milwaukee,Ohio
2009,March 16,Grand Rapids Invite 2025,"('14', '11')",Wisconsin-Milwaukee,Michigan Tech
2010,March 16,Grand Rapids Invite 2025,"('9', '15')",Wisconsin-Milwaukee,Davenport
2011,March 16,Grand Rapids Invite 2025,"('6', '11')",Wisconsin-Milwaukee,Notre Dame
2012,March 15,Grand Rapids Invite 2025,"('15', '10')",Ohio,Cedarville
2013,March 15,Grand Rapids Invite 2025,"('9', '12')",Ohio,Michigan State
2014,March 15,Grand Rapids Invite 2025,"('9', '13')",Ohio,Wisconsin-Milwaukee
2015,March 15,Grand Rapids Invite 2025,"('5', '10')",Ohio,Wisconsin [B]
2016,March 16,Grand Rapids Invite 2025,"('8', '12')",Ohio,Western Michigan
2017,March 16,Grand Rapids Invite 2025,"('15', '7')",Ohio,Wisconsin-Platteville
2018,March 16,Grand Rapids Invite 2025,"('15', '3')",Ohio,Eastern Michigan
2019,March 15,Grand Rapids Invite 2025,"('10', '15')",Cedarville,Ohio
2020,March 15,Grand Rapids Invite 2025,"('10', '13')",Cedarville,Wisconsin-Milwaukee
2021,March 15,Grand Rapids Invite 2025,"('9', '14')",Cedarville,Michigan State
2022,March 15,Grand Rapids Invite 2025,"('10', '9')",Cedarville,Grand Valley
2023,March 16,Grand Rapids Invite 2025,"('4', '15')",Cedarville,Davenport
2024,March 16,Grand Rapids Invite 2025,"('6', '15')",Cedarville,Michigan Tech
2025,March 16,Grand Rapids Invite 2025,"('9', '11')",Cedarville,Wisconsin [B]
2026,March 15,Grand Rapids Invite 2025,"('13', '6')",Davenport,Michigan Tech
2027,March 15,Grand Rapids Invite 2025,"('13', '6')",Davenport,Notre Dame
2028,March 15,Grand Rapids Invite 2025,"('15', '5')",Davenport,Toronto
2029,March 16,Grand Rapids Invite 2025,"('15', '4')",Davenport,Cedarville
2030,March 16,Grand Rapids Invite 2025,"('15', '9')",Davenport,Wisconsin-Milwaukee
2031,March 16,Grand Rapids Invite 2025,"('11', '12')",Davenport,Michigan State
2032,March 15,Grand Rapids Invite 2025,"('10', '7')",Notre Dame,Toronto
2033,March 15,Grand Rapids Invite 2025,"('6', '13')",Notre Dame,Davenport
2034,March 15,Grand Rapids Invite 2025,"('14', '6')",Notre Dame,Michigan Tech
2035,March 16,Grand Rapids Invite 2025,"('13', '7')",Notre Dame,Wisconsin [B]
2036,March 16,Grand Rapids Invite 2025,"('11', '12')",Notre Dame,Michigan State
2037,March 16,Grand Rapids Invite 2025,"('11', '6')",Notre Dame,Wisconsin-Milwaukee
2038,March 15,Grand Rapids Invite 2025,"('6', '13')",Michigan Tech,Davenport
2039,March 15,Grand Rapids Invite 2025,"('10', '7')",Michigan Tech,Toronto
2040,March 15,Grand Rapids Invite 2025,"('6', '14')",Michigan Tech,Notre Dame
2041,March 15,Grand Rapids Invite 2025,"('10', '6')",Michigan Tech,Eastern Michigan
2042,March 16,Grand Rapids Invite 2025,"('11', '14')",Michigan Tech,Wisconsin-Milwaukee
2043,March 16,Grand Rapids Invite 2025,"('15', '6')",Michigan Tech,Cedarville
2044,March 16,Grand Rapids Invite 2025,"('9', '10')",Michigan Tech,Pittsburgh [B]
2045,March 15,Grand Rapids Invite 2025,"('7', '10')",Toronto,Notre Dame
2046,March 15,Grand Rapids Invite 2025,"('7', '10')",Toronto,Michigan Tech
2047,March 15,Grand Rapids Invite 2025,"('5', '15')",Toronto,Davenport
2048,March 15,Grand Rapids Invite 2025,"('5', '14')",Toronto,Pittsburgh [B]
2049,March 16,Grand Rapids Invite 2025,"('15', '7')",Toronto,Wisconsin-Platteville
2050,March 16,Grand Rapids Invite 2025,"('15', '7')",Toronto,Western Michigan
2051,March 16,Grand Rapids Invite 2025,"('11', '13')",Toronto,Grand Valley
2052,March 15,Grand Rapids Invite 2025,"('14', '10')",Grand Valley,Wisconsin-Platteville
2053,March 15,Grand Rapids Invite 2025,"('12', '6')",Grand Valley,Michigan [B]
2054,March 15,Grand Rapids Invite 2025,"('9', '5')",Grand Valley,Wisconsin [B]
2055,March 15,Grand Rapids Invite 2025,"('9', '10')",Grand Valley,Cedarville
2056,March 16,Grand Rapids Invite 2025,"('10', '7')",Grand Valley,Ball State
2057,March 16,Grand Rapids Invite 2025,"('12', '9')",Grand Valley,Michigan [B]
2058,March 16,Grand Rapids Invite 2025,"('13', '11')",Grand Valley,Toronto
2059,March 15,Grand Rapids Invite 2025,"('10', '8')",Wisconsin [B],Michigan [B]
2060,March 15,Grand Rapids Invite 2025,"('13', '8')",Wisconsin [B],Wisconsin-Platteville
2061,March 15,Grand Rapids Invite 2025,"('5', '9')",Wisconsin [B],Grand Valley
2062,March 15,Grand Rapids Invite 2025,"('10', '5')",Wisconsin [B],Ohio
2063,March 16,Grand Rapids Invite 2025,"('7', '13')",Wisconsin [B],Notre Dame
2064,March 16,Grand Rapids Invite 2025,"('6', '15')",Wisconsin [B],Pittsburgh [B]
2065,March 16,Grand Rapids Invite 2025,"('11', '9')",Wisconsin [B],Cedarville
2066,March 15,Grand Rapids Invite 2025,"('8', '10')",Michigan [B],Wisconsin [B]
2067,March 15,Grand Rapids Invite 2025,"('6', '12')",Michigan [B],Grand Valley
2068,March 15,Grand Rapids Invite 2025,"('8', '7')",Michigan [B],Wisconsin-Platteville
2069,March 16,Grand Rapids Invite 2025,"('15', '8')",Michigan [B],Eastern Michigan
2070,March 16,Grand Rapids Invite 2025,"('9', '12')",Michigan [B],Grand Valley
2071,March 16,Grand Rapids Invite 2025,"('11', '12')",Michigan [B],Western Michigan
2072,March 15,Grand Rapids Invite 2025,"('10', '14')",Wisconsin-Platteville,Grand Valley
2073,March 15,Grand Rapids Invite 2025,"('8', '13')",Wisconsin-Platteville,Wisconsin [B]
2074,March 15,Grand Rapids Invite 2025,"('7', '8')",Wisconsin-Platteville,Michigan [B]
2075,March 16,Grand Rapids Invite 2025,"('7', '15')",Wisconsin-Platteville,Toronto
2076,March 16,Grand Rapids Invite 2025,"('7', '15')",Wisconsin-Platteville,Ohio
2077,March 16,Grand Rapids Invite 2025,"('6', '8')",Wisconsin-Platteville,Ball State
2078,March 15,Grand Rapids Invite 2025,"('15', '9')",Pittsburgh [B],Eastern Michigan
2079,March 15,Grand Rapids Invite 2025,"('15', '4')",Pittsburgh [B],Western Michigan
2080,March 15,Grand Rapids Invite 2025,"('15', '4')",Pittsburgh [B],Ball State
2081,March 15,Grand Rapids Invite 2025,"('14', '5')",Pittsburgh [B],Toronto
2082,March 16,Grand Rapids Invite 2025,"('9', '13')",Pittsburgh [B],Michigan State
2083,March 16,Grand Rapids Invite 2025,"('15', '6')",Pittsburgh [B],Wisconsin [B]
2084,March 16,Grand Rapids Invite 2025,"('10', '9')",Pittsburgh [B],Michigan Tech
2085,March 15,Grand Rapids Invite 2025,"('9', '15')",Eastern Michigan,Pittsburgh [B]
2086,March 15,Grand Rapids Invite 2025,"('11', '4')",Eastern Michigan,Ball State
2087,March 15,Grand Rapids Invite 2025,"('12', '5')",Eastern Michigan,Western Michigan
2088,March 15,Grand Rapids Invite 2025,"('6', '10')",Eastern Michigan,Michigan Tech
2089,March 16,Grand Rapids Invite 2025,"('8', '15')",Eastern Michigan,Michigan [B]
2090,March 16,Grand Rapids Invite 2025,"('10', '8')",Eastern Michigan,Ball State
2091,March 16,Grand Rapids Invite 2025,"('3', '15')",Eastern Michigan,Ohio
2092,March 15,Grand Rapids Invite 2025,"('13', '10')",Western Michigan,Ball State
2093,March 15,Grand Rapids Invite 2025,"('4', '15')",Western Michigan,Pittsburgh [B]
2094,March 15,Grand Rapids Invite 2025,"('5', '12')",Western Michigan,Eastern Michigan
2095,March 16,Grand Rapids Invite 2025,"('12', '8')",Western Michigan,Ohio
2096,March 16,Grand Rapids Invite 2025,"('7', '15')",Western Michigan,Toronto
2097,March 16,Grand Rapids Invite 2025,"('12', '11')",Western Michigan,Michigan [B]
2098,March 15,Grand Rapids Invite 2025,"('10', '13')",Ball State,Western Michigan
2099,March 15,Grand Rapids Invite 2025,"('4', '11')",Ball State,Eastern Michigan
2100,March 15,Grand Rapids Invite 2025,"('4', '15')",Ball State,Pittsburgh [B]
2101,March 16,Grand Rapids Invite 2025,"('7', '10')",Ball State,Grand Valley
2102,March 16,Grand Rapids Invite 2025,"('8', '10')",Ball State,Eastern Michigan
2103,March 16,Grand Rapids Invite 2025,"('8', '6')",Ball State,Wisconsin-Platteville
2104,March 15,Grand Rapids Invite 2025,"('15', '3')",Winona State,Wisconsin [C]
2105,March 15,Grand Rapids Invite 2025,"('15', '0')",Winona State,Wisconsin-Milwaukee [B]
2106,March 15,Grand Rapids Invite 2025,"('15', '8')",Winona State,Rose-Hulman
2107,March 16,Grand Rapids Invite 2025,"('15', '9')",Winona State,Luther
2108,March 16,Grand Rapids Invite 2025,"('15', '14')",Winona State,Michigan State [B]
2109,March 16,Grand Rapids Invite 2025,"('13', '14')",Winona State,Michigan State [B]
2110,March 15,Grand Rapids Invite 2025,"('10', '4')",Michigan State [B],Luther
2111,March 15,Grand Rapids Invite 2025,"('8', '6')",Michigan State [B],Rose-Hulman
2112,March 15,Grand Rapids Invite 2025,"('12', '5')",Michigan State [B],Wisconsin [C]
2113,March 16,Grand Rapids Invite 2025,"('15', '7')",Michigan State [B],Wisconsin-Milwaukee [B]
2114,March 16,Grand Rapids Invite 2025,"('14', '15')",Michigan State [B],Winona State
2115,March 16,Grand Rapids Invite 2025,"('14', '13')",Michigan State [B],Winona State
2116,March 15,Grand Rapids Invite 2025,"('4', '10')",Luther,Michigan State [B]
2117,March 15,Grand Rapids Invite 2025,"('12', '5')",Luther,Wisconsin [C]
2118,March 15,Grand Rapids Invite 2025,"('15', '3')",Luther,Wisconsin-Milwaukee [B]
2119,March 16,Grand Rapids Invite 2025,"('9', '15')",Luther,Winona State
2120,March 16,Grand Rapids Invite 2025,"('11', '8')",Luther,Rose-Hulman
2121,March 16,Grand Rapids Invite 2025,"('8', '4')",Luther,Rose-Hulman
2122,March 15,Grand Rapids Invite 2025,"('14', '6')",Rose-Hulman,Wisconsin-Milwaukee [B]
2123,March 15,Grand Rapids Invite 2025,"('6', '8')",Rose-Hulman,Michigan State [B]
2124,March 15,Grand Rapids Invite 2025,"('8', '15')",Rose-Hulman,Winona State
2125,March 16,Grand Rapids Invite 2025,"('15', '7')",Rose-Hulman,Wisconsin [C]
2126,March 16,Grand Rapids Invite 2025,"('8', '11')",Rose-Hulman,Luther
2127,March 16,Grand Rapids Invite 2025,"('4', '8')",Rose-Hulman,Luther
2128,March 15,Grand Rapids Invite 2025,"('6', '14')",Wisconsin-Milwaukee [B],Rose-Hulman
2129,March 15,Grand Rapids Invite 2025,"('0', '15')",Wisconsin-Milwaukee [B],Winona State
2130,March 15,Grand Rapids Invite 2025,"('3', '15')",Wisconsin-Milwaukee [B],Luther
2131,March 16,Grand Rapids Invite 2025,"('7', '15')",Wisconsin-Milwaukee [B],Michigan State [B]
2132,March 16,Grand Rapids Invite 2025,"('8', '4')",Wisconsin-Milwaukee [B],Wisconsin [C]
2133,March 16,Grand Rapids Invite 2025,"('5', '6')",Wisconsin-Milwaukee [B],Wisconsin [C]
2134,March 15,Grand Rapids Invite 2025,"('3', '15')",Wisconsin-C,Winona State
2135,March 15,Grand Rapids Invite 2025,"('5', '12')",Wisconsin-C,Luther
2136,March 15,Grand Rapids Invite 2025,"('5', '12')",Wisconsin-C,Michigan State [B]
2137,March 16,Grand Rapids Invite 2025,"('7', '15')",Wisconsin-C,Rose-Hulman
2138,March 16,Grand Rapids Invite 2025,"('4', '8')",Wisconsin-C,Wisconsin-Milwaukee [B]
2139,March 16,Grand Rapids Invite 2025,"('6', '5')",Wisconsin-C,Wisconsin-Milwaukee [B]
2140,March 15,Natalie's Animal Rescue 2025,"('13', '2')",Towson,Cornell [B]
2141,March 15,Natalie's Animal Rescue 2025,"('13', '2')",Towson,Drexel
2142,March 15,Natalie's Animal Rescue 2025,"('13', '0')",Towson,Siena
2143,March 15,Natalie's Animal Rescue 2025,"('13', '1')",Towson,Villanova
2144,March 16,Natalie's Animal Rescue 2025,"('15', '2')",Towson,Cornell [B]
2145,March 16,Natalie's Animal Rescue 2025,"('13', '7')",Towson,Drexel
2146,March 15,Natalie's Animal Rescue 2025,"('11', '9')",Drexel,Villanova
2147,March 15,Natalie's Animal Rescue 2025,"('11', '9')",Drexel,Cornell [B]
2148,March 15,Natalie's Animal Rescue 2025,"('2', '13')",Drexel,Towson
2149,March 15,Natalie's Animal Rescue 2025,"('13', '4')",Drexel,Siena
2150,March 16,Natalie's Animal Rescue 2025,"('12', '7')",Drexel,Villanova
2151,March 16,Natalie's Animal Rescue 2025,"('7', '13')",Drexel,Towson
2152,March 15,Natalie's Animal Rescue 2025,"('9', '11')",Villanova,Drexel
2153,March 15,Natalie's Animal Rescue 2025,"('13', '1')",Villanova,Siena
2154,March 15,Natalie's Animal Rescue 2025,"('13', '7')",Villanova,Cornell [B]
2155,March 15,Natalie's Animal Rescue 2025,"('1', '13')",Villanova,Towson
2156,March 16,Natalie's Animal Rescue 2025,"('7', '12')",Villanova,Drexel
2157,March 16,Natalie's Animal Rescue 2025,"('4', '7')",Villanova,Cornell [B]
2158,March 15,Natalie's Animal Rescue 2025,"('2', '13')",Cornell [B],Towson
2159,March 15,Natalie's Animal Rescue 2025,"('9', '11')",Cornell [B],Drexel
2160,March 15,Natalie's Animal Rescue 2025,"('13', '5')",Cornell [B],Siena
2161,March 15,Natalie's Animal Rescue 2025,"('7', '13')",Cornell [B],Villanova
2162,March 16,Natalie's Animal Rescue 2025,"('13', '1')",Cornell [B],Siena
2163,March 16,Natalie's Animal Rescue 2025,"('2', '15')",Cornell [B],Towson
2164,March 16,Natalie's Animal Rescue 2025,"('7', '4')",Cornell [B],Villanova
2165,March 15,Natalie's Animal Rescue 2025,"('1', '13')",Siena,Villanova
2166,March 15,Natalie's Animal Rescue 2025,"('5', '13')",Siena,Cornell [B]
2167,March 15,Natalie's Animal Rescue 2025,"('0', '13')",Siena,Towson
2168,March 15,Natalie's Animal Rescue 2025,"('4', '13')",Siena,Drexel
2169,March 16,Natalie's Animal Rescue 2025,"('1', '13')",Siena,Cornell [B]
2170,March 15,Silicon Valley Rally 2025,"('10', '6')",San Jose State,California [B]
2171,March 15,Silicon Valley Rally 2025,"('11', '7')",San Jose State,Cal Poly-Humboldt
2172,March 15,Silicon Valley Rally 2025,"('9', '8')",San Jose State,California-Santa Cruz [B]
2173,March 15,Silicon Valley Rally 2025,"('12', '7')",San Jose State,Chico State
2174,March 16,Silicon Valley Rally 2025,"('10', '7')",San Jose State,Cal Poly-Humboldt
2175,March 16,Silicon Valley Rally 2025,"('7', '8')",San Jose State,California-Santa Cruz [B]
2176,March 15,Silicon Valley Rally 2025,"('13', '3')",California-Santa Cruz [B],Chico State
2177,March 15,Silicon Valley Rally 2025,"('8', '9')",California-Santa Cruz [B],San Jose State
2178,March 15,Silicon Valley Rally 2025,"('10', '5')",California-Santa Cruz [B],California [B]
2179,March 15,Silicon Valley Rally 2025,"('11', '8')",California-Santa Cruz [B],Cal Poly-Humboldt
2180,March 16,Silicon Valley Rally 2025,"('10', '5')",California-Santa Cruz [B],California [B]
2181,March 16,Silicon Valley Rally 2025,"('8', '7')",California-Santa Cruz [B],San Jose State
2182,March 15,Silicon Valley Rally 2025,"('11', '8')",Cal Poly-Humboldt,Chico State
2183,March 15,Silicon Valley Rally 2025,"('7', '11')",Cal Poly-Humboldt,San Jose State
2184,March 15,Silicon Valley Rally 2025,"('13', '9')",Cal Poly-Humboldt,California [B]
2185,March 15,Silicon Valley Rally 2025,"('8', '11')",Cal Poly-Humboldt,California-Santa Cruz [B]
2186,March 16,Silicon Valley Rally 2025,"('7', '10')",Cal Poly-Humboldt,San Jose State
2187,March 16,Silicon Valley Rally 2025,"('10', '7')",Cal Poly-Humboldt,Chico State
2188,March 15,Silicon Valley Rally 2025,"('6', '10')",California [B],San Jose State
2189,March 15,Silicon Valley Rally 2025,"('9', '13')",California [B],Cal Poly-Humboldt
2190,March 15,Silicon Valley Rally 2025,"('5', '10')",California [B],California-Santa Cruz [B]
2191,March 15,Silicon Valley Rally 2025,"('9', '8')",California [B],Chico State
2192,March 16,Silicon Valley Rally 2025,"('5', '10')",California [B],California-Santa Cruz [B]
2193,March 16,Silicon Valley Rally 2025,"('9', '8')",California [B],Chico State
2194,March 15,Silicon Valley Rally 2025,"('8', '11')",Chico State,Cal Poly-Humboldt
2195,March 15,Silicon Valley Rally 2025,"('3', '13')",Chico State,California-Santa Cruz [B]
2196,March 15,Silicon Valley Rally 2025,"('7', '12')",Chico State,San Jose State
2197,March 15,Silicon Valley Rally 2025,"('8', '9')",Chico State,California [B]
2198,March 16,Silicon Valley Rally 2025,"('7', '10')",Chico State,Cal Poly-Humboldt
2199,March 16,Silicon Valley Rally 2025,"('8', '9')",Chico State,California [B]
2200,March 15,Spring Spook,"('12', '8')",Oberlin,Kent State
2201,March 15,Spring Spook,"('11', '6')",Oberlin,Wright State
2202,March 16,Spring Spook,"('15', '8')",Oberlin,Toledo
2203,March 16,Spring Spook,"('15', '9')",Oberlin,Kent State
2204,March 16,Spring Spook,"('14', '7')",Oberlin,Kentucky
2205,March 15,Spring Spook,"('11', '7')",Miami University,Wright State
2206,March 15,Spring Spook,"('7', '6')",Miami University,Kent State
2207,March 16,Spring Spook,"('7', '13')",Miami University,Akron
2208,March 16,Spring Spook,"('12', '6')",Miami University,Wright State
2209,March 16,Spring Spook,"('15', '4')",Miami University,Toledo
2210,March 15,Spring Spook,"('8', '12')",Kent State,Oberlin
2211,March 15,Spring Spook,"('6', '7')",Kent State,Miami University (Ohio)
2212,March 16,Spring Spook,"('15', '7')",Kent State,Cincinnati [B]
2213,March 16,Spring Spook,"('9', '15')",Kent State,Oberlin
2214,March 16,Spring Spook,"('12', '10')",Kent State,Akron
2215,March 15,Spring Spook,"('7', '11')",Wright State,Miami University (Ohio)
2216,March 15,Spring Spook,"('6', '11')",Wright State,Oberlin
2217,March 16,Spring Spook,"('3', '15')",Wright State,Kentucky
2218,March 16,Spring Spook,"('6', '12')",Wright State,Miami University (Ohio)
2219,March 16,Spring Spook,"('7', '13')",Wright State,Cincinnati [B]
2220,March 15,Spring Spook,"('13', '4')",Kentucky,Akron
2221,March 15,Spring Spook,"('8', '6')",Kentucky,Cincinnati [B]
2222,March 16,Spring Spook,"('15', '3')",Kentucky,Wright State
2223,March 16,Spring Spook,"('15', '6')",Kentucky,Akron
2224,March 16,Spring Spook,"('7', '14')",Kentucky,Oberlin
2225,March 15,Spring Spook,"('9', '8')",Cincinnati  [B],Toledo
2226,March 15,Spring Spook,"('6', '8')",Cincinnati  [B],Kentucky
2227,March 16,Spring Spook,"('7', '15')",Cincinnati  [B],Kent State
2228,March 16,Spring Spook,"('8', '15')",Cincinnati  [B],Toledo
2229,March 16,Spring Spook,"('13', '7')",Cincinnati  [B],Wright State
2230,March 15,Spring Spook,"('4', '13')",Akron,Kentucky
2231,March 15,Spring Spook,"('8', '3')",Akron,Toledo
2232,March 16,Spring Spook,"('13', '7')",Akron,Miami University (Ohio)
2233,March 16,Spring Spook,"('6', '15')",Akron,Kentucky
2234,March 16,Spring Spook,"('10', '12')",Akron,Kent State
2235,March 15,Spring Spook,"('8', '9')",Toledo,Cincinnati [B]
2236,March 15,Spring Spook,"('3', '8')",Toledo,Akron
2237,March 16,Spring Spook,"('8', '15')",Toledo,Oberlin
2238,March 16,Spring Spook,"('15', '8')",Toledo,Cincinnati [B]
2239,March 16,Spring Spook,"('4', '15')",Toledo,Miami University (Ohio)
2240,March 09,MIT Invite,"('8', '9')",MIT,Northeastern [C]
2241,March 09,MIT Invite,"('13', '1')",MIT,Harvard [B]
2242,March 09,MIT Invite,"('13', '3')",MIT,MIT [B]
2243,March 09,MIT Invite,"('7', '6')",MIT,Harvard
2244,March 09,MIT Invite,"('13', '2')",Harvard,Harvard [B]
2245,March 09,MIT Invite,"('13', '1')",Harvard,MIT [B]
2246,March 09,MIT Invite,"('6', '7')",Harvard,MIT
2247,March 09,MIT Invite,"('8', '5')",Harvard,Northeastern [C]
2248,March 09,MIT Invite,"('9', '8')",Northeastern-C,MIT
2249,March 09,MIT Invite,"('7', '5')",Northeastern-C,Harvard [B]
2250,March 09,MIT Invite,"('7', '9')",Northeastern-C,MIT [B]
2251,March 09,MIT Invite,"('5', '8')",Northeastern-C,Harvard
2252,March 09,MIT Invite,"('2', '13')",Harvard [B],Harvard
2253,March 09,MIT Invite,"('1', '13')",Harvard [B],MIT
2254,March 09,MIT Invite,"('5', '7')",Harvard [B],Northeastern [C]
2255,March 09,MIT Invite,"('8', '6')",Harvard [B],MIT [B]
2256,March 09,MIT Invite,"('1', '13')",MIT [B],Harvard
2257,March 09,MIT Invite,"('3', '13')",MIT [B],MIT
2258,March 09,MIT Invite,"('9', '7')",MIT [B],Northeastern [C]
2259,March 09,MIT Invite,"('6', '8')",MIT [B],Harvard [B]
2260,March 29,Southwest Showdown 2025,"('13', '10')",Southern California,Occidental
2261,March 29,Southwest Showdown 2025,"('13', '2')",Southern California,Cal State-Long Beach
2262,March 29,Southwest Showdown 2025,"('13', '10')",Southern California,Claremont
2263,March 30,Southwest Showdown 2025,"('3', '13')",Southern California,Claremont
2264,March 30,Southwest Showdown 2025,"('8', '13')",Southern California,San Diego State
2265,March 30,Southwest Showdown 2025,"('10', '13')",Southern California,San Jose State
2266,March 29,Southwest Showdown 2025,"('13', '5')",Claremont,Cal State-Long Beach
2267,March 29,Southwest Showdown 2025,"('13', '6')",Claremont,Occidental
2268,March 29,Southwest Showdown 2025,"('10', '13')",Claremont,Southern California
2269,March 30,Southwest Showdown 2025,"('13', '3')",Claremont,Southern California
2270,March 30,Southwest Showdown 2025,"('11', '10')",Claremont,San Jose State
2271,March 30,Southwest Showdown 2025,"('11', '10')",Claremont,San Diego State
2272,March 29,Southwest Showdown 2025,"('10', '13')",Occidental,Southern California
2273,March 29,Southwest Showdown 2025,"('6', '13')",Occidental,Claremont
2274,March 29,Southwest Showdown 2025,"('11', '8')",Occidental,Cal State-Long Beach
2275,March 30,Southwest Showdown 2025,"('13', '5')",Occidental,Cal State-Long Beach
2276,March 30,Southwest Showdown 2025,"('13', '1')",Occidental,California-Santa Barbara [B]
2277,March 30,Southwest Showdown 2025,"('10', '11')",Occidental,UCLA [B]
2278,March 29,Southwest Showdown 2025,"('5', '13')",Cal State-Long Beach,Claremont
2279,March 29,Southwest Showdown 2025,"('2', '13')",Cal State-Long Beach,Southern California
2280,March 29,Southwest Showdown 2025,"('8', '11')",Cal State-Long Beach,Occidental
2281,March 30,Southwest Showdown 2025,"('5', '13')",Cal State-Long Beach,Occidental
2282,March 30,Southwest Showdown 2025,"('6', '11')",Cal State-Long Beach,UCLA [B]
2283,March 29,Southwest Showdown 2025,"('9', '6')",San Jose State,UCLA [B]
2284,March 29,Southwest Showdown 2025,"('13', '2')",San Jose State,California-Santa Barbara [B]
2285,March 29,Southwest Showdown 2025,"('9', '8')",San Jose State,San Diego State
2286,March 30,Southwest Showdown 2025,"('13', '11')",San Jose State,San Diego State
2287,March 30,Southwest Showdown 2025,"('10', '11')",San Jose State,Claremont
2288,March 30,Southwest Showdown 2025,"('13', '10')",San Jose State,Southern California
2289,March 29,Southwest Showdown 2025,"('13', '3')",San Diego State,California-Santa Barbara [B]
2290,March 29,Southwest Showdown 2025,"('11', '5')",San Diego State,UCLA [B]
2291,March 29,Southwest Showdown 2025,"('8', '9')",San Diego State,San Jose State
2292,March 30,Southwest Showdown 2025,"('11', '13')",San Diego State,San Jose State
2293,March 30,Southwest Showdown 2025,"('13', '8')",San Diego State,Southern California
2294,March 30,Southwest Showdown 2025,"('10', '11')",San Diego State,Claremont
2295,March 29,Southwest Showdown 2025,"('6', '9')",UCLA [B],San Jose State
2296,March 29,Southwest Showdown 2025,"('5', '11')",UCLA [B],San Diego State
2297,March 29,Southwest Showdown 2025,"('12', '7')",UCLA [B],California-Santa Barbara [B]
2298,March 30,Southwest Showdown 2025,"('13', '7')",UCLA [B],California-Santa Barbara [B]
2299,March 30,Southwest Showdown 2025,"('11', '6')",UCLA [B],Cal State-Long Beach
2300,March 30,Southwest Showdown 2025,"('11', '10')",UCLA [B],Occidental
2301,March 29,Southwest Showdown 2025,"('3', '13')",California-Santa Barbara [B],San Diego State
2302,March 29,Southwest Showdown 2025,"('2', '13')",California-Santa Barbara [B],San Jose State
2303,March 29,Southwest Showdown 2025,"('7', '12')",California-Santa Barbara [B],UCLA [B]
2304,March 30,Southwest Showdown 2025,"('7', '13')",California-Santa Barbara [B],UCLA [B]
2305,March 30,Southwest Showdown 2025,"('1', '13')",California-Santa Barbara [B],Occidental
2306,March 22,2025 Annual Magic City Invite,"('13', '2')",Miami,South Florida [B]
2307,March 22,2025 Annual Magic City Invite,"('13', '6')",Miami,Samford
2308,March 22,2025 Annual Magic City Invite,"('13', '9')",Miami,Alabama [B]
2309,March 22,2025 Annual Magic City Invite,"('13', '3')",Miami,Mississippi
2310,March 23,2025 Annual Magic City Invite,"('15', '6')",Miami,Mississippi
2311,March 23,2025 Annual Magic City Invite,"('15', '8')",Miami,Union (Tennessee)
2312,March 23,2025 Annual Magic City Invite,"('9', '14')",Miami,Alabama-Birmingham
2313,March 22,2025 Annual Magic City Invite,"('8', '12')",Alabama [B],Samford
2314,March 22,2025 Annual Magic City Invite,"('13', '2')",Alabama [B],South Florida [B]
2315,March 22,2025 Annual Magic City Invite,"('9', '13')",Alabama [B],Miami (Florida)
2316,March 22,2025 Annual Magic City Invite,"('13', '10')",Alabama [B],Mississippi State [B]
2317,March 23,2025 Annual Magic City Invite,"('5', '15')",Alabama [B],Union (Tennessee)
2318,March 23,2025 Annual Magic City Invite,"('7', '11')",Alabama [B],Mississippi
2319,March 23,2025 Annual Magic City Invite,"('9', '8')",Alabama [B],South Florida [B]
2320,March 22,2025 Annual Magic City Invite,"('12', '8')",Samford,Alabama [B]
2321,March 22,2025 Annual Magic City Invite,"('6', '13')",Samford,Miami (Florida)
2322,March 22,2025 Annual Magic City Invite,"('13', '4')",Samford,South Florida [B]
2323,March 22,2025 Annual Magic City Invite,"('9', '12')",Samford,Alabama-Birmingham
2324,March 23,2025 Annual Magic City Invite,"('9', '11')",Samford,Mississippi State [B]
2325,March 23,2025 Annual Magic City Invite,"('15', '6')",Samford,South Florida [B]
2326,March 23,2025 Annual Magic City Invite,"('8', '13')",Samford,Mississippi
2327,March 22,2025 Annual Magic City Invite,"('2', '13')",South Florida [B],Miami (Florida)
2328,March 22,2025 Annual Magic City Invite,"('2', '13')",South Florida [B],Alabama [B]
2329,March 22,2025 Annual Magic City Invite,"('4', '13')",South Florida [B],Samford
2330,March 22,2025 Annual Magic City Invite,"('4', '13')",South Florida [B],Union (Tennessee)
2331,March 23,2025 Annual Magic City Invite,"('4', '15')",South Florida [B],Alabama-Birmingham
2332,March 23,2025 Annual Magic City Invite,"('6', '15')",South Florida [B],Samford
2333,March 23,2025 Annual Magic City Invite,"('8', '9')",South Florida [B],Alabama [B]
2334,March 22,2025 Annual Magic City Invite,"('13', '6')",Alabama-Birmingham,Mississippi State [B]
2335,March 22,2025 Annual Magic City Invite,"('13', '4')",Alabama-Birmingham,Mississippi
2336,March 22,2025 Annual Magic City Invite,"('9', '8')",Alabama-Birmingham,Union (Tennessee)
2337,March 22,2025 Annual Magic City Invite,"('12', '9')",Alabama-Birmingham,Samford
2338,March 23,2025 Annual Magic City Invite,"('15', '4')",Alabama-Birmingham,South Florida [B]
2339,March 23,2025 Annual Magic City Invite,"('15', '10')",Alabama-Birmingham,Mississippi State [B]
2340,March 23,2025 Annual Magic City Invite,"('14', '9')",Alabama-Birmingham,Miami (Florida)
2341,March 22,2025 Annual Magic City Invite,"('13', '3')",Union,Mississippi
2342,March 22,2025 Annual Magic City Invite,"('13', '4')",Union,Mississippi State [B]
2343,March 22,2025 Annual Magic City Invite,"('8', '9')",Union,Alabama-Birmingham
2344,March 22,2025 Annual Magic City Invite,"('13', '4')",Union,South Florida [B]
2345,March 23,2025 Annual Magic City Invite,"('15', '5')",Union,Alabama [B]
2346,March 23,2025 Annual Magic City Invite,"('8', '15')",Union,Miami (Florida)
2347,March 23,2025 Annual Magic City Invite,"('11', '4')",Union,Mississippi State [B]
2348,March 22,2025 Annual Magic City Invite,"('6', '13')",Mississippi State [B],Alabama-Birmingham
2349,March 22,2025 Annual Magic City Invite,"('4', '13')",Mississippi State [B],Union (Tennessee)
2350,March 22,2025 Annual Magic City Invite,"('13', '10')",Mississippi State [B],Mississippi
2351,March 22,2025 Annual Magic City Invite,"('10', '13')",Mississippi State [B],Alabama [B]
2352,March 23,2025 Annual Magic City Invite,"('11', '9')",Mississippi State [B],Samford
2353,March 23,2025 Annual Magic City Invite,"('10', '15')",Mississippi State [B],Alabama-Birmingham
2354,March 23,2025 Annual Magic City Invite,"('4', '11')",Mississippi State [B],Union (Tennessee)
2355,March 22,2025 Annual Magic City Invite,"('3', '13')",Mississippi,Union (Tennessee)
2356,March 22,2025 Annual Magic City Invite,"('4', '13')",Mississippi,Alabama-Birmingham
2357,March 22,2025 Annual Magic City Invite,"('10', '13')",Mississippi,Mississippi State [B]
2358,March 22,2025 Annual Magic City Invite,"('3', '13')",Mississippi,Miami (Florida)
2359,March 23,2025 Annual Magic City Invite,"('6', '15')",Mississippi,Miami (Florida)
2360,March 23,2025 Annual Magic City Invite,"('11', '7')",Mississippi,Alabama [B]
2361,March 23,2025 Annual Magic City Invite,"('13', '8')",Mississippi,Samford
2362,March 22,Jersey Devil 2025,"('13', '7')",Penn State [B],West Chester [B]
2363,March 22,Jersey Devil 2025,"('9', '6')",Penn State [B],Villanova
2364,March 22,Jersey Devil 2025,"('9', '8')",Penn State [B],Northeastern [C]
2365,March 23,Jersey Devil 2025,"('13', '3')",Penn State [B],Lehigh [B]
2366,March 23,Jersey Devil 2025,"('13', '3')",Penn State [B],Dartmouth [B]
2367,March 23,Jersey Devil 2025,"('15', '12')",Penn State [B],Northeastern [C]
2368,March 22,Jersey Devil 2025,"('8', '9')",Northeastern-C,Villanova
2369,March 22,Jersey Devil 2025,"('10', '7')",Northeastern-C,New Jersey Tech
2370,March 22,Jersey Devil 2025,"('8', '4')",Northeastern-C,Lehigh [B]
2371,March 22,Jersey Devil 2025,"('8', '9')",Northeastern-C,Penn State [B]
2372,March 22,Jersey Devil 2025,"('10', '8')",Northeastern-C,West Chester [B]
2373,March 23,Jersey Devil 2025,"('8', '3')",Northeastern-C,Dartmouth [B]
2374,March 23,Jersey Devil 2025,"('12', '15')",Northeastern-C,Penn State [B]
2375,March 22,Jersey Devil 2025,"('10', '9')",Lehigh [B],West Chester [B]
2376,March 22,Jersey Devil 2025,"('4', '8')",Lehigh [B],Northeastern [C]
2377,March 22,Jersey Devil 2025,"('7', '6')",Lehigh [B],Villanova
2378,March 22,Jersey Devil 2025,"('13', '3')",Lehigh [B],Dartmouth [B]
2379,March 23,Jersey Devil 2025,"('3', '13')",Lehigh [B],Penn State [B]
2380,March 23,Jersey Devil 2025,"('9', '7')",Lehigh [B],Villanova
2381,March 22,Jersey Devil 2025,"('9', '8')",Villanova,Northeastern [C]
2382,March 22,Jersey Devil 2025,"('13', '6')",Villanova,Dartmouth [B]
2383,March 22,Jersey Devil 2025,"('6', '9')",Villanova,Penn State [B]
2384,March 22,Jersey Devil 2025,"('6', '7')",Villanova,Lehigh [B]
2385,March 23,Jersey Devil 2025,"('7', '8')",Villanova,West Chester [B]
2386,March 23,Jersey Devil 2025,"('7', '9')",Villanova,Lehigh [B]
2387,March 22,Jersey Devil 2025,"('13', '8')",New Jersey Tech,Dartmouth [B]
2388,March 22,Jersey Devil 2025,"('7', '10')",New Jersey Tech,Northeastern [C]
2389,March 22,Jersey Devil 2025,"('9', '7')",New Jersey Tech,West Chester [B]
2390,March 23,Jersey Devil 2025,"('-', '15')",New Jersey Tech,Dartmouth [B]
2391,March 22,Jersey Devil 2025,"('8', '13')",Dartmouth [B],New Jersey Tech
2392,March 22,Jersey Devil 2025,"('6', '13')",Dartmouth [B],Villanova
2393,March 22,Jersey Devil 2025,"('8', '2')",Dartmouth [B],West Chester [B]
2394,March 22,Jersey Devil 2025,"('3', '13')",Dartmouth [B],Lehigh [B]
2395,March 23,Jersey Devil 2025,"('3', '8')",Dartmouth [B],Northeastern [C]
2396,March 23,Jersey Devil 2025,"('3', '13')",Dartmouth [B],Penn State [B]
2397,March 23,Jersey Devil 2025,"('15', '-')",Dartmouth [B],New Jersey Tech
2398,March 22,Jersey Devil 2025,"('9', '10')",West Chester [B],Lehigh [B]
2399,March 22,Jersey Devil 2025,"('7', '13')",West Chester [B],Penn State [B]
2400,March 22,Jersey Devil 2025,"('7', '9')",West Chester [B],New Jersey Tech
2401,March 22,Jersey Devil 2025,"('2', '8')",West Chester [B],Dartmouth [B]
2402,March 22,Jersey Devil 2025,"('8', '10')",West Chester [B],Northeastern [C]
2403,March 23,Jersey Devil 2025,"('8', '7')",West Chester [B],Villanova
2404,March 21,Northwest Challenge 2025 (mens),"('14', '13')",Brigham Young,Western Washington
2405,March 21,Northwest Challenge 2025 (mens),"('15', '14')",Brigham Young,Oregon State
2406,March 21,Northwest Challenge 2025 (mens),"('12', '15')",Brigham Young,Washington
2407,March 22,Northwest Challenge 2025 (mens),"('15', '11')",Brigham Young,California-Santa Barbara
2408,March 22,Northwest Challenge 2025 (mens),"('15', '11')",Brigham Young,Gonzaga
2409,March 22,Northwest Challenge 2025 (mens),"('15', '9')",Brigham Young,Wisconsin
2410,March 21,Northwest Challenge 2025 (mens),"('15', '12')",Washington,Brigham Young
2411,March 22,Northwest Challenge 2025 (mens),"('14', '15')",Washington,Virginia
2412,March 22,Northwest Challenge 2025 (mens),"('15', '7')",Washington,California-San Diego
2413,March 22,Northwest Challenge 2025 (mens),"('15', '11')",Washington,Utah
2414,March 23,Northwest Challenge 2025 (mens),"('15', '14')",Washington,British Columbia
2415,March 23,Northwest Challenge 2025 (mens),"('12', '15')",Washington,Oregon State
2416,March 23,Northwest Challenge 2025 (mens),"('15', '10')",Washington,Victoria
2417,March 21,Northwest Challenge 2025 (mens),"('14', '15')",Oregon State,Brigham Young
2418,March 22,Northwest Challenge 2025 (mens),"('14', '13')",Oregon State,Victoria
2419,March 22,Northwest Challenge 2025 (mens),"('14', '15')",Oregon State,UCLA
2420,March 22,Northwest Challenge 2025 (mens),"('15', '14')",Oregon State,Western Washington
2421,March 23,Northwest Challenge 2025 (mens),"('15', '10')",Oregon State,Utah State
2422,March 23,Northwest Challenge 2025 (mens),"('15', '12')",Oregon State,Washington
2423,March 23,Northwest Challenge 2025 (mens),"('15', '13')",Oregon State,Western Washington
2424,March 21,Northwest Challenge 2025 (mens),"('13', '14')",Western Washington,Brigham Young
2425,March 22,Northwest Challenge 2025 (mens),"('15', '13')",Western Washington,UCLA
2426,March 22,Northwest Challenge 2025 (mens),"('13', '15')",Western Washington,Victoria
2427,March 22,Northwest Challenge 2025 (mens),"('14', '15')",Western Washington,Oregon State
2428,March 22,Northwest Challenge 2025 (mens),"('15', '11')",Western Washington,California-San Diego
2429,March 23,Northwest Challenge 2025 (mens),"('15', '11')",Western Washington,California-Santa Barbara
2430,March 23,Northwest Challenge 2025 (mens),"('14', '13')",Western Washington,Victoria
2431,March 23,Northwest Challenge 2025 (mens),"('13', '15')",Western Washington,Oregon State
2432,March 22,Northwest Challenge 2025 (mens),"('11', '15')",California-Santa Barbara,Brigham Young
2433,March 22,Northwest Challenge 2025 (mens),"('14', '10')",California-Santa Barbara,Wisconsin
2434,March 22,Northwest Challenge 2025 (mens),"('15', '6')",California-Santa Barbara,Gonzaga
2435,March 23,Northwest Challenge 2025 (mens),"('11', '15')",California-Santa Barbara,Western Washington
2436,March 23,Northwest Challenge 2025 (mens),"('9', '15')",California-Santa Barbara,California-Santa Cruz
2437,March 23,Northwest Challenge 2025 (mens),"('15', '9')",California-Santa Barbara,Utah State
2438,March 22,Northwest Challenge 2025 (mens),"('15', '11')",Wisconsin,Gonzaga
2439,March 22,Northwest Challenge 2025 (mens),"('10', '14')",Wisconsin,California-Santa Barbara
2440,March 22,Northwest Challenge 2025 (mens),"('9', '15')",Wisconsin,Brigham Young
2441,March 22,Northwest Challenge 2025 (mens),"('14', '15')",Wisconsin,Utah State
2442,March 23,Northwest Challenge 2025 (mens),"('11', '15')",Wisconsin,California-San Diego
2443,March 23,Northwest Challenge 2025 (mens),"('8', '15')",Wisconsin,Virginia
2444,March 23,Northwest Challenge 2025 (mens),"('11', '3')",Wisconsin,Gonzaga
2445,March 22,Northwest Challenge 2025 (mens),"('11', '15')",Gonzaga,Wisconsin
2446,March 22,Northwest Challenge 2025 (mens),"('11', '15')",Gonzaga,Brigham Young
2447,March 22,Northwest Challenge 2025 (mens),"('6', '15')",Gonzaga,California-Santa Barbara
2448,March 22,Northwest Challenge 2025 (mens),"('5', '15')",Gonzaga,British Columbia
2449,March 23,Northwest Challenge 2025 (mens),"('8', '15')",Gonzaga,Utah
2450,March 23,Northwest Challenge 2025 (mens),"('5', '15')",Gonzaga,UCLA
2451,March 23,Northwest Challenge 2025 (mens),"('3', '11')",Gonzaga,Wisconsin
2452,March 22,Northwest Challenge 2025 (mens),"('15', '13')",California-San Diego,Utah
2453,March 22,Northwest Challenge 2025 (mens),"('7', '15')",California-San Diego,Washington
2454,March 22,Northwest Challenge 2025 (mens),"('13', '11')",California-San Diego,Virginia
2455,March 22,Northwest Challenge 2025 (mens),"('11', '15')",California-San Diego,Western Washington
2456,March 23,Northwest Challenge 2025 (mens),"('15', '11')",California-San Diego,Wisconsin
2457,March 23,Northwest Challenge 2025 (mens),"('9', '15')",California-San Diego,Utah
2458,March 22,Northwest Challenge 2025 (mens),"('13', '15')",Utah,California-San Diego
2459,March 22,Northwest Challenge 2025 (mens),"('15', '11')",Utah,Virginia
2460,March 22,Northwest Challenge 2025 (mens),"('11', '15')",Utah,Washington
2461,March 22,Northwest Challenge 2025 (mens),"('10', '15')",Utah,Victoria
2462,March 23,Northwest Challenge 2025 (mens),"('15', '8')",Utah,Gonzaga
2463,March 23,Northwest Challenge 2025 (mens),"('15', '9')",Utah,California-San Diego
2464,March 22,Northwest Challenge 2025 (mens),"('15', '14')",Virginia,Washington
2465,March 22,Northwest Challenge 2025 (mens),"('11', '15')",Virginia,Utah
2466,March 22,Northwest Challenge 2025 (mens),"('11', '13')",Virginia,California-San Diego
2467,March 23,Northwest Challenge 2025 (mens),"('15', '8')",Virginia,Wisconsin
2468,March 23,Northwest Challenge 2025 (mens),"('13', '14')",Virginia,UCLA
2469,March 22,Northwest Challenge 2025 (mens),"('13', '14')",Victoria,Oregon State
2470,March 22,Northwest Challenge 2025 (mens),"('15', '13')",Victoria,Western Washington
2471,March 22,Northwest Challenge 2025 (mens),"('15', '4')",Victoria,UCLA
2472,March 22,Northwest Challenge 2025 (mens),"('15', '10')",Victoria,Utah
2473,March 23,Northwest Challenge 2025 (mens),"('13', '12')",Victoria,California-Santa Cruz
2474,March 23,Northwest Challenge 2025 (mens),"('13', '14')",Victoria,Western Washington
2475,March 23,Northwest Challenge 2025 (mens),"('10', '15')",Victoria,Washington
2476,March 22,Northwest Challenge 2025 (mens),"('13', '15')",UCLA,Western Washington
2477,March 22,Northwest Challenge 2025 (mens),"('15', '14')",UCLA,Oregon State
2478,March 22,Northwest Challenge 2025 (mens),"('4', '15')",UCLA,Victoria
2479,March 23,Northwest Challenge 2025 (mens),"('15', '5')",UCLA,Gonzaga
2480,March 23,Northwest Challenge 2025 (mens),"('14', '13')",UCLA,Virginia
2481,March 22,Northwest Challenge 2025 (mens),"('15', '12')",California-Santa Cruz,Utah State
2482,March 22,Northwest Challenge 2025 (mens),"('17', '14')",California-Santa Cruz,British Columbia
2483,March 23,Northwest Challenge 2025 (mens),"('12', '13')",California-Santa Cruz,Victoria
2484,March 23,Northwest Challenge 2025 (mens),"('15', '9')",California-Santa Cruz,California-Santa Barbara
2485,March 23,Northwest Challenge 2025 (mens),"('12', '13')",California-Santa Cruz,British Columbia
2486,March 22,Northwest Challenge 2025 (mens),"('16', '9')",British Columbia,Utah State
2487,March 22,Northwest Challenge 2025 (mens),"('14', '17')",British Columbia,California-Santa Cruz
2488,March 22,Northwest Challenge 2025 (mens),"('15', '5')",British Columbia,Gonzaga
2489,March 23,Northwest Challenge 2025 (mens),"('14', '15')",British Columbia,Washington
2490,March 23,Northwest Challenge 2025 (mens),"('15', '10')",British Columbia,Utah State
2491,March 23,Northwest Challenge 2025 (mens),"('13', '12')",British Columbia,California-Santa Cruz
2492,March 22,Northwest Challenge 2025 (mens),"('12', '15')",Utah State,California-Santa Cruz
2493,March 22,Northwest Challenge 2025 (mens),"('9', '16')",Utah State,British Columbia
2494,March 22,Northwest Challenge 2025 (mens),"('15', '14')",Utah State,Wisconsin
2495,March 23,Northwest Challenge 2025 (mens),"('10', '15')",Utah State,Oregon State
2496,March 23,Northwest Challenge 2025 (mens),"('10', '15')",Utah State,British Columbia
2497,March 23,Northwest Challenge 2025 (mens),"('9', '15')",Utah State,California-Santa Barbara
2498,March 22,Salt City Classic,"('13', '2')",Ottawa,Carleton University
2499,March 22,Salt City Classic,"('13', '5')",Ottawa,Syracuse
2500,March 22,Salt City Classic,"('13', '7')",Ottawa,SUNY-Buffalo
2501,March 22,Salt City Classic,"('13', '6')",Ottawa,Rhode Island
2502,March 23,Salt City Classic,"('15', '10')",Ottawa,Williams
2503,March 23,Salt City Classic,"('15', '6')",Ottawa,Rochester
2504,March 22,Salt City Classic,"('11', '9')",SUNY-Buffalo,Syracuse
2505,March 22,Salt City Classic,"('11', '10')",SUNY-Buffalo,Rhode Island
2506,March 22,Salt City Classic,"('13', '8')",SUNY-Buffalo,Carleton University
2507,March 22,Salt City Classic,"('7', '13')",SUNY-Buffalo,Ottawa
2508,March 23,Salt City Classic,"('10', '12')",SUNY-Buffalo,Rochester
2509,March 23,Salt City Classic,"('12', '11')",SUNY-Buffalo,Williams
2510,March 22,Salt City Classic,"('9', '11')",Syracuse,SUNY-Buffalo
2511,March 22,Salt City Classic,"('5', '13')",Syracuse,Ottawa
2512,March 22,Salt City Classic,"('12', '7')",Syracuse,Rhode Island
2513,March 22,Salt City Classic,"('13', '1')",Syracuse,Carleton University
2514,March 23,Salt City Classic,"('8', '9')",Syracuse,Rhode Island
2515,March 23,Salt City Classic,"('13', '8')",Syracuse,SUNY-Binghamton
2516,March 22,Salt City Classic,"('10', '11')",Rhode Island,SUNY-Buffalo
2517,March 22,Salt City Classic,"('7', '12')",Rhode Island,Syracuse
2518,March 22,Salt City Classic,"('13', '10')",Rhode Island,Carleton University
2519,March 22,Salt City Classic,"('6', '13')",Rhode Island,Ottawa
2520,March 23,Salt City Classic,"('12', '7')",Rhode Island,Rensselaer Polytechnic Institute
2521,March 23,Salt City Classic,"('9', '8')",Rhode Island,Syracuse
2522,March 23,Salt City Classic,"('7', '15')",Rhode Island,Carleton University
2523,March 22,Salt City Classic,"('2', '13')",Carleton University,Ottawa
2524,March 22,Salt City Classic,"('8', '13')",Carleton University,SUNY-Buffalo
2525,March 22,Salt City Classic,"('10', '13')",Carleton University,Rhode Island
2526,March 22,Salt City Classic,"('1', '13')",Carleton University,Syracuse
2527,March 23,Salt City Classic,"('13', '11')",Carleton University,Ithaca
2528,March 23,Salt City Classic,"('14', '13')",Carleton University,SUNY-Binghamton
2529,March 23,Salt City Classic,"('15', '7')",Carleton University,Rhode Island
2530,March 22,Salt City Classic,"('8', '7')",Rochester,SUNY-Binghamton
2531,March 22,Salt City Classic,"('13', '7')",Rochester,Ithaca
2532,March 22,Salt City Classic,"('12', '2')",Rochester,Rensselaer Polytechnic Institute
2533,March 22,Salt City Classic,"('8', '7')",Rochester,Williams
2534,March 23,Salt City Classic,"('12', '10')",Rochester,SUNY-Buffalo
2535,March 23,Salt City Classic,"('6', '15')",Rochester,Ottawa
2536,March 22,Salt City Classic,"('13', '4')",Williams,Rensselaer Polytechnic Institute
2537,March 22,Salt City Classic,"('11', '7')",Williams,Ithaca
2538,March 22,Salt City Classic,"('11', '6')",Williams,SUNY-Binghamton
2539,March 22,Salt City Classic,"('7', '8')",Williams,Rochester
2540,March 23,Salt City Classic,"('10', '15')",Williams,Ottawa
2541,March 23,Salt City Classic,"('11', '12')",Williams,SUNY-Buffalo
2542,March 22,Salt City Classic,"('13', '4')",SUNY-Binghamton,Ithaca
2543,March 22,Salt City Classic,"('7', '8')",SUNY-Binghamton,Rochester
2544,March 22,Salt City Classic,"('13', '4')",SUNY-Binghamton,Rensselaer Polytechnic Institute
2545,March 22,Salt City Classic,"('6', '11')",SUNY-Binghamton,Williams
2546,March 23,Salt City Classic,"('13', '14')",SUNY-Binghamton,Carleton University
2547,March 23,Salt City Classic,"('8', '13')",SUNY-Binghamton,Syracuse
2548,March 22,Salt City Classic,"('4', '13')",Ithaca,SUNY-Binghamton
2549,March 22,Salt City Classic,"('7', '11')",Ithaca,Williams
2550,March 22,Salt City Classic,"('7', '13')",Ithaca,Rochester
2551,March 22,Salt City Classic,"('13', '2')",Ithaca,Rensselaer Polytechnic Institute
2552,March 23,Salt City Classic,"('11', '13')",Ithaca,Carleton University
2553,March 23,Salt City Classic,"('15', '6')",Ithaca,Rensselaer Polytechnic Institute
2554,March 22,Salt City Classic,"('4', '13')",Rensselaer Polytechnic Institute,Williams
2555,March 22,Salt City Classic,"('4', '13')",Rensselaer Polytechnic Institute,SUNY-Binghamton
2556,March 22,Salt City Classic,"('2', '12')",Rensselaer Polytechnic Institute,Rochester
2557,March 22,Salt City Classic,"('2', '13')",Rensselaer Polytechnic Institute,Ithaca
2558,March 23,Salt City Classic,"('7', '12')",Rensselaer Polytechnic Institute,Rhode Island
2559,March 23,Salt City Classic,"('6', '15')",Rensselaer Polytechnic Institute,Ithaca
2560,March 15,Men's Centex 2025,"('13', '5')",Tufts,Dartmouth
2561,March 15,Men's Centex 2025,"('11', '8')",Tufts,Wisconsin
2562,March 15,Men's Centex 2025,"('9', '7')",Tufts,Middlebury
2563,March 15,Men's Centex 2025,"('5', '10')",Tufts,Texas
2564,March 16,Men's Centex 2025,"('14', '11')",Tufts,Illinois
2565,March 16,Men's Centex 2025,"('13', '8')",Tufts,Chicago
2566,March 16,Men's Centex 2025,"('13', '10')",Tufts,Texas
2567,March 15,Men's Centex 2025,"('13', '9')",Wisconsin,Middlebury
2568,March 15,Men's Centex 2025,"('8', '11')",Wisconsin,Tufts
2569,March 15,Men's Centex 2025,"('8', '7')",Wisconsin,Dartmouth
2570,March 15,Men's Centex 2025,"('8', '12')",Wisconsin,Chicago
2571,March 16,Men's Centex 2025,"('15', '11')",Wisconsin,Utah Valley
2572,March 16,Men's Centex 2025,"('10', '15')",Wisconsin,Texas
2573,March 16,Men's Centex 2025,"('15', '10')",Wisconsin,Chicago
2574,March 15,Men's Centex 2025,"('9', '13')",Middlebury,Wisconsin
2575,March 15,Men's Centex 2025,"('13', '7')",Middlebury,Dartmouth
2576,March 15,Men's Centex 2025,"('7', '9')",Middlebury,Tufts
2577,March 15,Men's Centex 2025,"('8', '10')",Middlebury,Colorado College
2578,March 16,Men's Centex 2025,"('15', '12')",Middlebury,Iowa State
2579,March 16,Men's Centex 2025,"('14', '15')",Middlebury,Dartmouth
2580,March 16,Men's Centex 2025,"('13', '3')",Middlebury,Missouri
2581,March 15,Men's Centex 2025,"('5', '13')",Dartmouth,Tufts
2582,March 15,Men's Centex 2025,"('7', '13')",Dartmouth,Middlebury
2583,March 15,Men's Centex 2025,"('7', '8')",Dartmouth,Wisconsin
2584,March 15,Men's Centex 2025,"('6', '8')",Dartmouth,Illinois
2585,March 16,Men's Centex 2025,"('15', '12')",Dartmouth,Arizona State
2586,March 16,Men's Centex 2025,"('15', '14')",Dartmouth,Middlebury
2587,March 16,Men's Centex 2025,"('9', '8')",Dartmouth,Tulane
2588,March 15,Men's Centex 2025,"('13', '12')",Texas,Utah Valley
2589,March 15,Men's Centex 2025,"('13', '3')",Texas,Tulane
2590,March 15,Men's Centex 2025,"('11', '8')",Texas,Chicago
2591,March 15,Men's Centex 2025,"('10', '5')",Texas,Tufts
2592,March 16,Men's Centex 2025,"('15', '11')",Texas,Oklahoma Christian
2593,March 16,Men's Centex 2025,"('15', '10')",Texas,Wisconsin
2594,March 16,Men's Centex 2025,"('10', '13')",Texas,Tufts
2595,March 15,Men's Centex 2025,"('12', '8')",Chicago,Tulane
2596,March 15,Men's Centex 2025,"('10', '9')",Chicago,Utah Valley
2597,March 15,Men's Centex 2025,"('8', '11')",Chicago,Texas
2598,March 15,Men's Centex 2025,"('12', '8')",Chicago,Wisconsin
2599,March 16,Men's Centex 2025,"('15', '10')",Chicago,Colorado College
2600,March 16,Men's Centex 2025,"('8', '13')",Chicago,Tufts
2601,March 16,Men's Centex 2025,"('10', '15')",Chicago,Wisconsin
2602,March 15,Men's Centex 2025,"('12', '13')",Utah Valley,Texas
2603,March 15,Men's Centex 2025,"('9', '10')",Utah Valley,Chicago
2604,March 15,Men's Centex 2025,"('13', '10')",Utah Valley,Tulane
2605,March 15,Men's Centex 2025,"('13', '2')",Utah Valley,Missouri
2606,March 16,Men's Centex 2025,"('11', '15')",Utah Valley,Wisconsin
2607,March 16,Men's Centex 2025,"('15', '6')",Utah Valley,Oklahoma Christian
2608,March 16,Men's Centex 2025,"('14', '9')",Utah Valley,Illinois
2609,March 15,Men's Centex 2025,"('8', '12')",Tulane,Chicago
2610,March 15,Men's Centex 2025,"('3', '13')",Tulane,Texas
2611,March 15,Men's Centex 2025,"('10', '13')",Tulane,Utah Valley
2612,March 15,Men's Centex 2025,"('7', '8')",Tulane,Oklahoma Christian
2613,March 16,Men's Centex 2025,"('15', '12')",Tulane,Colorado [B]
2614,March 16,Men's Centex 2025,"('14', '13')",Tulane,Missouri
2615,March 16,Men's Centex 2025,"('8', '9')",Tulane,Dartmouth
2616,March 15,Men's Centex 2025,"('11', '10')",Illinois,Mississippi State
2617,March 15,Men's Centex 2025,"('9', '7')",Illinois,Arizona State
2618,March 15,Men's Centex 2025,"('11', '4')",Illinois,Colorado College
2619,March 15,Men's Centex 2025,"('8', '6')",Illinois,Dartmouth
2620,March 16,Men's Centex 2025,"('11', '14')",Illinois,Tufts
2621,March 16,Men's Centex 2025,"('15', '11')",Illinois,Colorado College
2622,March 16,Men's Centex 2025,"('9', '14')",Illinois,Utah Valley
2623,March 15,Men's Centex 2025,"('9', '8')",Colorado College,Arizona State
2624,March 15,Men's Centex 2025,"('8', '5')",Colorado College,Mississippi State
2625,March 15,Men's Centex 2025,"('4', '11')",Colorado College,Illinois
2626,March 15,Men's Centex 2025,"('10', '8')",Colorado College,Middlebury
2627,March 16,Men's Centex 2025,"('10', '15')",Colorado College,Chicago
2628,March 16,Men's Centex 2025,"('11', '15')",Colorado College,Illinois
2629,March 15,Men's Centex 2025,"('10', '11')",Mississippi State,Illinois
2630,March 15,Men's Centex 2025,"('5', '8')",Mississippi State,Colorado College
2631,March 15,Men's Centex 2025,"('9', '8')",Mississippi State,Arizona State
2632,March 15,Men's Centex 2025,"('6', '11')",Mississippi State,North Texas
2633,March 16,Men's Centex 2025,"('15', '10')",Mississippi State,Arkansas
2634,March 16,Men's Centex 2025,"('15', '11')",Mississippi State,Oklahoma State
2635,March 16,Men's Centex 2025,"('6', '15')",Mississippi State,Iowa
2636,March 15,Men's Centex 2025,"('8', '9')",Arizona State,Colorado College
2637,March 15,Men's Centex 2025,"('7', '9')",Arizona State,Illinois
2638,March 15,Men's Centex 2025,"('8', '9')",Arizona State,Mississippi State
2639,March 15,Men's Centex 2025,"('12', '4')",Arizona State,Tarleton State
2640,March 16,Men's Centex 2025,"('12', '15')",Arizona State,Dartmouth
2641,March 16,Men's Centex 2025,"('11', '15')",Arizona State,Iowa State
2642,March 16,Men's Centex 2025,"('13', '9')",Arizona State,North Texas
2643,March 15,Men's Centex 2025,"('12', '10')",Oklahoma Christian,Texas A&M
2644,March 15,Men's Centex 2025,"('12', '10')",Oklahoma Christian,Missouri
2645,March 15,Men's Centex 2025,"('11', '4')",Oklahoma Christian,Iowa
2646,March 15,Men's Centex 2025,"('8', '7')",Oklahoma Christian,Tulane
2647,March 16,Men's Centex 2025,"('11', '15')",Oklahoma Christian,Texas
2648,March 16,Men's Centex 2025,"('6', '15')",Oklahoma Christian,Utah Valley
2649,March 15,Men's Centex 2025,"('11', '10')",Missouri,Iowa
2650,March 15,Men's Centex 2025,"('10', '12')",Missouri,Oklahoma Christian
2651,March 15,Men's Centex 2025,"('11', '5')",Missouri,Texas A&M
2652,March 15,Men's Centex 2025,"('2', '13')",Missouri,Utah Valley
2653,March 16,Men's Centex 2025,"('15', '10')",Missouri,North Texas
2654,March 16,Men's Centex 2025,"('13', '14')",Missouri,Tulane
2655,March 16,Men's Centex 2025,"('3', '13')",Missouri,Middlebury
2656,March 15,Men's Centex 2025,"('10', '11')",Iowa,Missouri
2657,March 15,Men's Centex 2025,"('9', '7')",Iowa,Texas A&M
2658,March 15,Men's Centex 2025,"('4', '11')",Iowa,Oklahoma Christian
2659,March 15,Men's Centex 2025,"('7', '13')",Iowa,Iowa State
2660,March 16,Men's Centex 2025,"('15', '12')",Iowa,Harding
2661,March 16,Men's Centex 2025,"('15', '13')",Iowa,Texas A&M
2662,March 16,Men's Centex 2025,"('15', '6')",Iowa,Mississippi State
2663,March 15,Men's Centex 2025,"('10', '12')",Texas A&M,Oklahoma Christian
2664,March 15,Men's Centex 2025,"('7', '9')",Texas A&M,Iowa
2665,March 15,Men's Centex 2025,"('5', '11')",Texas A&M,Missouri
2666,March 15,Men's Centex 2025,"('1', '13')",Texas A&M,Colorado [B]
2667,March 16,Men's Centex 2025,"('14', '12')",Texas A&M,Boston College
2668,March 16,Men's Centex 2025,"('13', '15')",Texas A&M,Iowa
2669,March 16,Men's Centex 2025,"('12', '13')",Texas A&M,Oklahoma State
2670,March 15,Men's Centex 2025,"('11', '10')",Colorado [B],Texas-Dallas
2671,March 15,Men's Centex 2025,"('13', '6')",Colorado [B],Texas A&M [B]
2672,March 15,Men's Centex 2025,"('13', '3')",Colorado [B],Oklahoma State
2673,March 15,Men's Centex 2025,"('13', '1')",Colorado [B],Texas A&M
2674,March 16,Men's Centex 2025,"('12', '15')",Colorado [B],Tulane
2675,March 16,Men's Centex 2025,"('15', '10')",Colorado [B],North Texas
2676,March 16,Men's Centex 2025,"('3', '13')",Colorado [B],Iowa State
2677,March 15,Men's Centex 2025,"('13', '7')",Oklahoma State,Texas A&M [B]
2678,March 15,Men's Centex 2025,"('10', '9')",Oklahoma State,Texas-Dallas
2679,March 15,Men's Centex 2025,"('3', '13')",Oklahoma State,Colorado [B]
2680,March 15,Men's Centex 2025,"('12', '8')",Oklahoma State,Texas State
2681,March 16,Men's Centex 2025,"('15', '13')",Oklahoma State,Tarleton State
2682,March 16,Men's Centex 2025,"('11', '15')",Oklahoma State,Mississippi State
2683,March 16,Men's Centex 2025,"('13', '12')",Oklahoma State,Texas A&M
2684,March 15,Men's Centex 2025,"('10', '11')",Texas-Dallas,Colorado [B]
2685,March 15,Men's Centex 2025,"('9', '10')",Texas-Dallas,Oklahoma State
2686,March 15,Men's Centex 2025,"('11', '6')",Texas-Dallas,Texas A&M [B]
2687,March 15,Men's Centex 2025,"('8', '9')",Texas-Dallas,Arkansas
2688,March 16,Men's Centex 2025,"('15', '13')",Texas-Dallas,Texas [B]
2689,March 16,Men's Centex 2025,"('11', '15')",Texas-Dallas,Baylor
2690,March 16,Men's Centex 2025,"('7', '11')",Texas-Dallas,Trinity
2691,March 15,Men's Centex 2025,"('7', '13')",Texas A&M [B],Oklahoma State
2692,March 15,Men's Centex 2025,"('6', '13')",Texas A&M [B],Colorado [B]
2693,March 15,Men's Centex 2025,"('6', '11')",Texas A&M [B],Texas-Dallas
2694,March 15,Men's Centex 2025,"('9', '11')",Texas A&M [B],Texas [B]
2695,March 16,Men's Centex 2025,"('11', '15')",Texas A&M [B],Baylor
2696,March 16,Men's Centex 2025,"('13', '15')",Texas A&M [B],Texas [B]
2697,March 15,Men's Centex 2025,"('11', '10')",Tarleton State,Boston College
2698,March 15,Men's Centex 2025,"('11', '10')",Tarleton State,Baylor
2699,March 15,Men's Centex 2025,"('7', '13')",Tarleton State,Texas [B]
2700,March 15,Men's Centex 2025,"('4', '12')",Tarleton State,Arizona State
2701,March 16,Men's Centex 2025,"('13', '15')",Tarleton State,Oklahoma State
2702,March 16,Men's Centex 2025,"('8', '15')",Tarleton State,Arkansas
2703,March 16,Men's Centex 2025,"('13', '15')",Tarleton State,Harding
2704,March 15,Men's Centex 2025,"('10', '11')",Boston College,Tarleton State
2705,March 15,Men's Centex 2025,"('12', '2')",Boston College,Texas [B]
2706,March 15,Men's Centex 2025,"('11', '5')",Boston College,Baylor
2707,March 15,Men's Centex 2025,"('13', '3')",Boston College,Trinity
2708,March 16,Men's Centex 2025,"('12', '14')",Boston College,Texas A&M
2709,March 16,Men's Centex 2025,"('15', '5')",Boston College,Harding
2710,March 16,Men's Centex 2025,"('15', '10')",Boston College,Arkansas
2711,March 15,Men's Centex 2025,"('12', '9')",Baylor,Texas [B]
2712,March 15,Men's Centex 2025,"('10', '11')",Baylor,Tarleton State
2713,March 15,Men's Centex 2025,"('5', '11')",Baylor,Boston College
2714,March 15,Men's Centex 2025,"('5', '13')",Baylor,Harding
2715,March 16,Men's Centex 2025,"('15', '11')",Baylor,Texas A&M [B]
2716,March 16,Men's Centex 2025,"('15', '11')",Baylor,Texas-Dallas
2717,March 16,Men's Centex 2025,"('14', '9')",Baylor,Texas State
2718,March 15,Men's Centex 2025,"('9', '12')",Texas [B],Baylor
2719,March 15,Men's Centex 2025,"('2', '12')",Texas [B],Boston College
2720,March 15,Men's Centex 2025,"('13', '7')",Texas [B],Tarleton State
2721,March 15,Men's Centex 2025,"('11', '9')",Texas [B],Texas A&M [B]
2722,March 16,Men's Centex 2025,"('13', '15')",Texas [B],Texas-Dallas
2723,March 16,Men's Centex 2025,"('15', '13')",Texas [B],Texas A&M [B]
2724,March 15,Men's Centex 2025,"('13', '4')",Iowa State,Harding
2725,March 15,Men's Centex 2025,"('13', '0')",Iowa State,Trinity
2726,March 15,Men's Centex 2025,"('13', '8')",Iowa State,North Texas
2727,March 15,Men's Centex 2025,"('13', '7')",Iowa State,Iowa
2728,March 16,Men's Centex 2025,"('12', '15')",Iowa State,Middlebury
2729,March 16,Men's Centex 2025,"('15', '11')",Iowa State,Arizona State
2730,March 16,Men's Centex 2025,"('13', '3')",Iowa State,Colorado [B]
2731,March 15,Men's Centex 2025,"('4', '13')",Harding,Iowa State
2732,March 15,Men's Centex 2025,"('9', '8')",Harding,Texas State
2733,March 15,Men's Centex 2025,"('9', '8')",Harding,Trinity
2734,March 15,Men's Centex 2025,"('13', '5')",Harding,Baylor
2735,March 16,Men's Centex 2025,"('12', '15')",Harding,Iowa
2736,March 16,Men's Centex 2025,"('5', '15')",Harding,Boston College
2737,March 16,Men's Centex 2025,"('15', '13')",Harding,Tarleton State
2738,March 15,Men's Centex 2025,"('8', '9')",Trinity,Arkansas
2739,March 15,Men's Centex 2025,"('0', '13')",Trinity,Iowa State
2740,March 15,Men's Centex 2025,"('8', '9')",Trinity,Harding
2741,March 15,Men's Centex 2025,"('3', '13')",Trinity,Boston College
2742,March 16,Men's Centex 2025,"('13', '15')",Trinity,Texas State
2743,March 16,Men's Centex 2025,"('11', '7')",Trinity,Texas-Dallas
2744,March 15,Men's Centex 2025,"('11', '7')",North Texas,Texas State
2745,March 15,Men's Centex 2025,"('13', '5')",North Texas,Arkansas
2746,March 15,Men's Centex 2025,"('8', '13')",North Texas,Iowa State
2747,March 15,Men's Centex 2025,"('11', '6')",North Texas,Mississippi State
2748,March 16,Men's Centex 2025,"('10', '15')",North Texas,Missouri
2749,March 16,Men's Centex 2025,"('10', '15')",North Texas,Colorado [B]
2750,March 16,Men's Centex 2025,"('9', '13')",North Texas,Arizona State
2751,March 15,Men's Centex 2025,"('9', '8')",Arkansas,Trinity
2752,March 15,Men's Centex 2025,"('5', '13')",Arkansas,North Texas
2753,March 15,Men's Centex 2025,"('10', '5')",Arkansas,Texas State
2754,March 15,Men's Centex 2025,"('9', '8')",Arkansas,Texas-Dallas
2755,March 16,Men's Centex 2025,"('10', '15')",Arkansas,Mississippi State
2756,March 16,Men's Centex 2025,"('15', '8')",Arkansas,Tarleton State
2757,March 16,Men's Centex 2025,"('10', '15')",Arkansas,Boston College
2758,March 15,Men's Centex 2025,"('7', '11')",Texas State,North Texas
2759,March 15,Men's Centex 2025,"('8', '9')",Texas State,Harding
2760,March 15,Men's Centex 2025,"('5', '10')",Texas State,Arkansas
2761,March 15,Men's Centex 2025,"('8', '12')",Texas State,Oklahoma State
2762,March 16,Men's Centex 2025,"('15', '13')",Texas State,Trinity
2763,March 16,Men's Centex 2025,"('9', '14')",Texas State,Baylor
2764,March 15,Palouse Open 2025,"('13', '8')",Washington State,Whitworth
2765,March 15,Palouse Open 2025,"('13', '12')",Washington State,Heartbreak
2766,March 15,Palouse Open 2025,"('13', '5')",Washington State,Central Washington
2767,March 16,Palouse Open 2025,"('8', '13')",Washington State,Whitworth
2768,March 15,Palouse Open 2025,"('8', '13')",Whitworth,Washington State
2769,March 15,Palouse Open 2025,"('13', '8')",Whitworth,Central Washington
2770,March 15,Palouse Open 2025,"('13', '12')",Whitworth,Heartbreak
2771,March 16,Palouse Open 2025,"('13', '8')",Whitworth,Central Washington
2772,March 16,Palouse Open 2025,"('13', '8')",Whitworth,Washington State
2773,March 15,Palouse Open 2025,"('13', '12')",Central Washington,Heartbreak
2774,March 15,Palouse Open 2025,"('8', '13')",Central Washington,Whitworth
2775,March 15,Palouse Open 2025,"('5', '13')",Central Washington,Washington State
2776,March 16,Palouse Open 2025,"('8', '13')",Central Washington,Whitworth
2777,March 15,Palouse Open 2025,"('12', '13')",Heartbreak,Central Washington
2778,March 15,Palouse Open 2025,"('12', '13')",Heartbreak,Washington State
2779,March 15,Palouse Open 2025,"('12', '13')",Heartbreak,Whitworth
2780,March 15,Southerns 2025,"('13', '5')",Charleston,Georgia College
2781,March 15,Southerns 2025,"('13', '4')",Charleston,Georgia Southern
2782,March 15,Southerns 2025,"('10', '3')",Charleston,Georgia Tech [B]
2783,March 15,Southerns 2025,"('9', '5')",Charleston,Georgia [B]
2784,March 15,Southerns 2025,"('15', '5')",Charleston,Georgia Southern
2785,March 15,Southerns 2025,"('12', '5')",Georgia Tech [B],Georgia Southern
2786,March 15,Southerns 2025,"('8', '6')",Georgia Tech [B],Georgia [B]
2787,March 15,Southerns 2025,"('10', '6')",Georgia Tech [B],Georgia College
2788,March 15,Southerns 2025,"('3', '10')",Georgia Tech [B],Charleston
2789,March 15,Southerns 2025,"('9', '5')",Georgia Tech [B],Georgia [B]
2790,March 15,Southerns 2025,"('6', '8')",Georgia [B],Georgia Tech [B]
2791,March 15,Southerns 2025,"('10', '8')",Georgia [B],Georgia Southern
2792,March 15,Southerns 2025,"('8', '5')",Georgia [B],Georgia College
2793,March 15,Southerns 2025,"('5', '9')",Georgia [B],Charleston
2794,March 15,Southerns 2025,"('5', '9')",Georgia [B],Georgia Tech [B]
2795,March 15,Southerns 2025,"('5', '12')",Georgia Southern,Georgia Tech [B]
2796,March 15,Southerns 2025,"('4', '13')",Georgia Southern,Charleston
2797,March 15,Southerns 2025,"('8', '10')",Georgia Southern,Georgia [B]
2798,March 15,Southerns 2025,"('12', '4')",Georgia Southern,Georgia College
2799,March 15,Southerns 2025,"('13', '6')",Georgia Southern,Georgia College
2800,March 15,Southerns 2025,"('5', '15')",Georgia Southern,Charleston
2801,March 15,Southerns 2025,"('5', '13')",Georgia College,Charleston
2802,March 15,Southerns 2025,"('6', '10')",Georgia College,Georgia Tech [B]
2803,March 15,Southerns 2025,"('5', '8')",Georgia College,Georgia [B]
2804,March 15,Southerns 2025,"('4', '12')",Georgia College,Georgia Southern
2805,March 15,Southerns 2025,"('6', '13')",Georgia College,Georgia Southern
2806,March 15,Tally Classic XIX,"('10', '13')",South Florida,Clemson
2807,March 15,Tally Classic XIX,"('15', '7')",South Florida,North Florida
2808,March 15,Tally Classic XIX,"('9', '6')",South Florida,Kennesaw State
2809,March 15,Tally Classic XIX,"('8', '15')",Kennesaw State,LSU
2810,March 15,Tally Classic XIX,"('6', '9')",Kennesaw State,South Florida
2811,March 15,Tally Classic XIX,"('8', '7')",Kennesaw State,North Florida
2812,March 15,Tally Classic XIX,"('7', '15')",North Florida,Auburn
2813,March 15,Tally Classic XIX,"('7', '15')",North Florida,South Florida
2814,March 15,Tally Classic XIX,"('7', '8')",North Florida,Kennesaw State
2815,March 15,Tally Classic XIX,"('14', '15')",Berry,Georgia State
2816,March 15,Tally Classic XIX,"('15', '9')",Berry,Harvard
2817,March 15,Tally Classic XIX,"('11', '10')",Berry,Minnesota-Duluth
2818,March 15,Tally Classic XIX,"('11', '15')",Harvard,Florida State
2819,March 15,Tally Classic XIX,"('12', '10')",Harvard,Minnesota-Duluth
2820,March 15,Tally Classic XIX,"('9', '15')",Harvard,Berry
2821,March 15,Tally Classic XIX,"('13', '15')",Minnesota-Duluth,Central Florida
2822,March 15,Tally Classic XIX,"('10', '12')",Minnesota-Duluth,Harvard
2823,March 15,Tally Classic XIX,"('10', '11')",Minnesota-Duluth,Berry
2824,March 15,Tally Classic XIX,"('11', '5')",Florida Tech,Florida [B]
2825,March 15,Tally Classic XIX,"('11', '6')",Florida Tech,Jacksonville State
2826,March 15,Tally Classic XIX,"('11', '0')",Florida Tech,South Florida [B]
2827,March 15,Tally Classic XIX,"('11', '2')",Florida Tech,Nova Southeastern
2828,March 15,Tally Classic XIX,"('5', '11')",Florida [B],Florida Tech
2829,March 15,Tally Classic XIX,"('8', '1')",Florida [B],South Florida [B]
2830,March 15,Tally Classic XIX,"('6', '4')",Florida [B],Harvard [B]
2831,March 15,Tally Classic XIX,"('7', '6')",Florida [B],Jacksonville State
2832,March 15,Tally Classic XIX,"('7', '6')",Florida [B],Nova Southeastern
2833,March 15,Tally Classic XIX,"('11', '2')",Jacksonville State,Harvard [B]
2834,March 15,Tally Classic XIX,"('6', '11')",Jacksonville State,Florida Tech
2835,March 15,Tally Classic XIX,"('9', '4')",Jacksonville State,Nova Southeastern
2836,March 15,Tally Classic XIX,"('6', '7')",Jacksonville State,Florida [B]
2837,March 15,Tally Classic XIX,"('7', '6')",Nova Southeastern,South Florida [B]
2838,March 15,Tally Classic XIX,"('9', '8')",Nova Southeastern,Harvard [B]
2839,March 15,Tally Classic XIX,"('4', '9')",Nova Southeastern,Jacksonville State
2840,March 15,Tally Classic XIX,"('2', '11')",Nova Southeastern,Florida Tech
2841,March 15,Tally Classic XIX,"('6', '7')",Nova Southeastern,Florida [B]
2842,March 15,Tally Classic XIX,"('2', '11')",Harvard [B],Jacksonville State
2843,March 15,Tally Classic XIX,"('8', '9')",Harvard [B],Nova Southeastern
2844,March 15,Tally Classic XIX,"('4', '6')",Harvard [B],Florida [B]
2845,March 15,Tally Classic XIX,"('7', '6')",Harvard [B],South Florida [B]
2846,March 15,Tally Classic XIX,"('6', '7')",South Florida [B],Nova Southeastern
2847,March 15,Tally Classic XIX,"('1', '8')",South Florida [B],Florida [B]
2848,March 15,Tally Classic XIX,"('0', '11')",South Florida [B],Florida Tech
2849,March 15,Tally Classic XIX,"('6', '7')",South Florida [B],Harvard [B]
2850,March 08,First State Invite,"('13', '6')",Delaware,Salisbury
2851,March 08,First State Invite,"('13', '6')",Delaware,Maryland-Baltimore County
2852,March 08,First State Invite,"('13', '2')",Delaware,College of New Jersey
2853,March 08,First State Invite,"('13', '4')",Delaware,Salisbury
2854,March 08,First State Invite,"('6', '13')",Salisbury,Delaware
2855,March 08,First State Invite,"('9', '7')",Salisbury,College of New Jersey
2856,March 08,First State Invite,"('10', '8')",Salisbury,Maryland-Baltimore County
2857,March 08,First State Invite,"('4', '13')",Salisbury,Delaware
2858,March 08,First State Invite,"('13', '2')",College of New Jersey,Maryland-Baltimore County
2859,March 08,First State Invite,"('7', '9')",College of New Jersey,Salisbury
2860,March 08,First State Invite,"('2', '13')",College of New Jersey,Delaware
2861,March 08,First State Invite,"('2', '13')",Maryland-Baltimore County,College of New Jersey
2862,March 08,First State Invite,"('6', '13')",Maryland-Baltimore County,Delaware
2863,March 08,First State Invite,"('8', '10')",Maryland-Baltimore County,Salisbury
2864,March 08,Stanford Invite 2025-Men's,"('13', '5')",Cal Poly-SLO,British Columbia [B]
2865,March 08,Stanford Invite 2025-Men's,"('13', '11')",Cal Poly-SLO,Whitman
2866,March 08,Stanford Invite 2025-Men's,"('13', '9')",Cal Poly-SLO,California-San Diego
2867,March 09,Stanford Invite 2025-Men's,"('13', '8')",Cal Poly-SLO,California
2868,March 09,Stanford Invite 2025-Men's,"('10', '13')",Cal Poly-SLO,California-Santa Cruz
2869,March 09,Stanford Invite 2025-Men's,"('12', '11')",Cal Poly-SLO,British Columbia
2870,March 08,Stanford Invite 2025-Men's,"('13', '9')",Whitman,California-San Diego
2871,March 08,Stanford Invite 2025-Men's,"('11', '13')",Whitman,Cal Poly-SLO
2872,March 08,Stanford Invite 2025-Men's,"('13', '10')",Whitman,British Columbia [B]
2873,March 08,Stanford Invite 2025-Men's,"('9', '13')",Whitman,Virginia Tech
2874,March 09,Stanford Invite 2025-Men's,"('13', '6')",Whitman,Santa Clara
2875,March 09,Stanford Invite 2025-Men's,"('10', '13')",Whitman,California-Santa Barbara
2876,March 08,Stanford Invite 2025-Men's,"('9', '13')",California-San Diego,Whitman
2877,March 08,Stanford Invite 2025-Men's,"('13', '9')",California-San Diego,British Columbia [B]
2878,March 08,Stanford Invite 2025-Men's,"('9', '13')",California-San Diego,Cal Poly-SLO
2879,March 08,Stanford Invite 2025-Men's,"('12', '9')",California-San Diego,Southern California
2880,March 09,Stanford Invite 2025-Men's,"('9', '13')",California-San Diego,Western Washington
2881,March 09,Stanford Invite 2025-Men's,"('11', '10')",California-San Diego,Stanford
2882,March 09,Stanford Invite 2025-Men's,"('8', '12')",California-San Diego,California
2883,March 08,Stanford Invite 2025-Men's,"('5', '13')",British Columbia  [B],Cal Poly-SLO
2884,March 08,Stanford Invite 2025-Men's,"('9', '13')",British Columbia  [B],California-San Diego
2885,March 08,Stanford Invite 2025-Men's,"('10', '13')",British Columbia  [B],Whitman
2886,March 09,Stanford Invite 2025-Men's,"('7', '13')",British Columbia  [B],UCLA
2887,March 09,Stanford Invite 2025-Men's,"('10', '13')",British Columbia  [B],Wisconsin-Milwaukee
2888,March 08,Stanford Invite 2025-Men's,"('11', '10')",Western Washington,California-Santa Barbara
2889,March 08,Stanford Invite 2025-Men's,"('13', '4')",Western Washington,Wisconsin-Milwaukee
2890,March 08,Stanford Invite 2025-Men's,"('11', '10')",Western Washington,California
2891,March 09,Stanford Invite 2025-Men's,"('13', '9')",Western Washington,California-San Diego
2892,March 09,Stanford Invite 2025-Men's,"('11', '10')",Western Washington,British Columbia
2893,March 09,Stanford Invite 2025-Men's,"('11', '13')",Western Washington,California-Santa Cruz
2894,March 08,Stanford Invite 2025-Men's,"('13', '5')",California,Wisconsin-Milwaukee
2895,March 08,Stanford Invite 2025-Men's,"('13', '8')",California,California-Santa Barbara
2896,March 08,Stanford Invite 2025-Men's,"('10', '11')",California,Western Washington
2897,March 08,Stanford Invite 2025-Men's,"('13', '6')",California,Santa Clara
2898,March 09,Stanford Invite 2025-Men's,"('8', '13')",California,Cal Poly-SLO
2899,March 09,Stanford Invite 2025-Men's,"('10', '9')",California,Virginia Tech
2900,March 09,Stanford Invite 2025-Men's,"('12', '8')",California,California-San Diego
2901,March 08,Stanford Invite 2025-Men's,"('10', '11')",California-Santa Barbara,Western Washington
2902,March 08,Stanford Invite 2025-Men's,"('8', '13')",California-Santa Barbara,California
2903,March 08,Stanford Invite 2025-Men's,"('13', '5')",California-Santa Barbara,Wisconsin-Milwaukee
2904,March 08,Stanford Invite 2025-Men's,"('12', '13')",California-Santa Barbara,Stanford
2905,March 09,Stanford Invite 2025-Men's,"('13', '10')",California-Santa Barbara,Southern California
2906,March 09,Stanford Invite 2025-Men's,"('13', '10')",California-Santa Barbara,Whitman
2907,March 08,Stanford Invite 2025-Men's,"('5', '13')",Wisconsin-Milwaukee,California
2908,March 08,Stanford Invite 2025-Men's,"('4', '13')",Wisconsin-Milwaukee,Western Washington
2909,March 08,Stanford Invite 2025-Men's,"('5', '13')",Wisconsin-Milwaukee,California-Santa Barbara
2910,March 09,Stanford Invite 2025-Men's,"('12', '13')",Wisconsin-Milwaukee,Northwestern
2911,March 09,Stanford Invite 2025-Men's,"('13', '10')",Wisconsin-Milwaukee,British Columbia [B]
2912,March 08,Stanford Invite 2025-Men's,"('13', '3')",British Columbia,Northwestern
2913,March 08,Stanford Invite 2025-Men's,"('13', '2')",British Columbia,Santa Clara
2914,March 08,Stanford Invite 2025-Men's,"('12', '9')",British Columbia,Stanford
2915,March 09,Stanford Invite 2025-Men's,"('13', '8')",British Columbia,Virginia Tech
2916,March 09,Stanford Invite 2025-Men's,"('10', '11')",British Columbia,Western Washington
2917,March 09,Stanford Invite 2025-Men's,"('11', '12')",British Columbia,Cal Poly-SLO
2918,March 08,Stanford Invite 2025-Men's,"('13', '6')",Stanford,Santa Clara
2919,March 08,Stanford Invite 2025-Men's,"('13', '8')",Stanford,Northwestern
2920,March 08,Stanford Invite 2025-Men's,"('9', '12')",Stanford,British Columbia
2921,March 08,Stanford Invite 2025-Men's,"('13', '12')",Stanford,California-Santa Barbara
2922,March 09,Stanford Invite 2025-Men's,"('6', '13')",Stanford,California-Santa Cruz
2923,March 09,Stanford Invite 2025-Men's,"('10', '11')",Stanford,California-San Diego
2924,March 09,Stanford Invite 2025-Men's,"('9', '7')",Stanford,Virginia Tech
2925,March 08,Stanford Invite 2025-Men's,"('6', '13')",Santa Clara,Stanford
2926,March 08,Stanford Invite 2025-Men's,"('2', '13')",Santa Clara,British Columbia
2927,March 08,Stanford Invite 2025-Men's,"('10', '9')",Santa Clara,Northwestern
2928,March 08,Stanford Invite 2025-Men's,"('6', '13')",Santa Clara,California
2929,March 09,Stanford Invite 2025-Men's,"('6', '13')",Santa Clara,Whitman
2930,March 09,Stanford Invite 2025-Men's,"('7', '12')",Santa Clara,Southern California
2931,March 08,Stanford Invite 2025-Men's,"('3', '13')",Northwestern,British Columbia
2932,March 08,Stanford Invite 2025-Men's,"('8', '13')",Northwestern,Stanford
2933,March 08,Stanford Invite 2025-Men's,"('9', '10')",Northwestern,Santa Clara
2934,March 09,Stanford Invite 2025-Men's,"('13', '12')",Northwestern,Wisconsin-Milwaukee
2935,March 09,Stanford Invite 2025-Men's,"('9', '13')",Northwestern,UCLA
2936,March 08,Stanford Invite 2025-Men's,"('13', '7')",California-Santa Cruz,UCLA
2937,March 08,Stanford Invite 2025-Men's,"('13', '6')",California-Santa Cruz,Southern California
2938,March 08,Stanford Invite 2025-Men's,"('13', '7')",California-Santa Cruz,Virginia Tech
2939,March 09,Stanford Invite 2025-Men's,"('13', '6')",California-Santa Cruz,Stanford
2940,March 09,Stanford Invite 2025-Men's,"('13', '10')",California-Santa Cruz,Cal Poly-SLO
2941,March 09,Stanford Invite 2025-Men's,"('13', '11')",California-Santa Cruz,Western Washington
2942,March 08,Stanford Invite 2025-Men's,"('11', '12')",Southern California,Virginia Tech
2943,March 08,Stanford Invite 2025-Men's,"('6', '13')",Southern California,California-Santa Cruz
2944,March 08,Stanford Invite 2025-Men's,"('13', '8')",Southern California,UCLA
2945,March 08,Stanford Invite 2025-Men's,"('9', '12')",Southern California,California-San Diego
2946,March 09,Stanford Invite 2025-Men's,"('10', '13')",Southern California,California-Santa Barbara
2947,March 09,Stanford Invite 2025-Men's,"('12', '7')",Southern California,Santa Clara
2948,March 08,Stanford Invite 2025-Men's,"('12', '11')",Virginia Tech,Southern California
2949,March 08,Stanford Invite 2025-Men's,"('9', '10')",Virginia Tech,UCLA
2950,March 08,Stanford Invite 2025-Men's,"('7', '13')",Virginia Tech,California-Santa Cruz
2951,March 08,Stanford Invite 2025-Men's,"('13', '9')",Virginia Tech,Whitman
2952,March 09,Stanford Invite 2025-Men's,"('8', '13')",Virginia Tech,British Columbia
2953,March 09,Stanford Invite 2025-Men's,"('9', '10')",Virginia Tech,California
2954,March 09,Stanford Invite 2025-Men's,"('7', '9')",Virginia Tech,Stanford
2955,March 08,Stanford Invite 2025-Men's,"('7', '13')",UCLA,California-Santa Cruz
2956,March 08,Stanford Invite 2025-Men's,"('10', '9')",UCLA,Virginia Tech
2957,March 08,Stanford Invite 2025-Men's,"('8', '13')",UCLA,Southern California
2958,March 09,Stanford Invite 2025-Men's,"('13', '7')",UCLA,British Columbia [B]
2959,March 09,Stanford Invite 2025-Men's,"('13', '9')",UCLA,Northwestern
2960,March 01,Florida Warm Up 2025-Weekend 2,"('13', '4')",Ave Maria,Miami (Florida)
2961,March 01,Florida Warm Up 2025-Weekend 2,"('13', '0')",Ave Maria,Florida [B]
2962,March 02,Florida Warm Up 2025-Weekend 2,"('13', '4')",Ave Maria,Ave Maria [B]
2963,March 02,Florida Warm Up 2025-Weekend 2,"('13', '0')",Ave Maria,South Florida [B]
2964,March 02,Florida Warm Up 2025-Weekend 2,"('13', '1')",Ave Maria,Ave Maria [B]
2965,March 01,Florida Warm Up 2025-Weekend 2,"('13', '4')",Ave Maria [B],South Florida [B]
2966,March 01,Florida Warm Up 2025-Weekend 2,"('11', '10')",Ave Maria [B],Miami (Florida)
2967,March 02,Florida Warm Up 2025-Weekend 2,"('4', '13')",Ave Maria [B],Ave Maria
2968,March 02,Florida Warm Up 2025-Weekend 2,"('10', '7')",Ave Maria [B],Florida [B]
2969,March 02,Florida Warm Up 2025-Weekend 2,"('1', '13')",Ave Maria [B],Ave Maria
2970,March 01,Florida Warm Up 2025-Weekend 2,"('4', '13')",Miami,Ave Maria
2971,March 01,Florida Warm Up 2025-Weekend 2,"('13', '3')",Miami,Florida [B]
2972,March 01,Florida Warm Up 2025-Weekend 2,"('10', '11')",Miami,Ave Maria [B]
2973,March 02,Florida Warm Up 2025-Weekend 2,"('13', '4')",Miami,South Florida [B]
2974,March 02,Florida Warm Up 2025-Weekend 2,"('13', '3')",Miami,Florida [B]
2975,March 01,Florida Warm Up 2025-Weekend 2,"('13', '6')",Florida [B],South Florida [B]
2976,March 01,Florida Warm Up 2025-Weekend 2,"('3', '13')",Florida [B],Miami (Florida)
2977,March 01,Florida Warm Up 2025-Weekend 2,"('0', '13')",Florida [B],Ave Maria
2978,March 02,Florida Warm Up 2025-Weekend 2,"('7', '10')",Florida [B],Ave Maria [B]
2979,March 02,Florida Warm Up 2025-Weekend 2,"('3', '13')",Florida [B],Miami (Florida)
2980,March 01,Florida Warm Up 2025-Weekend 2,"('6', '13')",South Florida [B],Florida [B]
2981,March 01,Florida Warm Up 2025-Weekend 2,"('4', '13')",South Florida [B],Ave Maria [B]
2982,March 02,Florida Warm Up 2025-Weekend 2,"('4', '13')",South Florida [B],Miami (Florida)
2983,March 02,Florida Warm Up 2025-Weekend 2,"('0', '13')",South Florida [B],Ave Maria
2984,March 01,Huckin' in the Hills XI,"('8', '6')",Ohio,Drexel
2985,March 01,Huckin' in the Hills XI,"('13', '1')",Ohio,Denison
2986,March 01,Huckin' in the Hills XI,"('13', '6')",Ohio,Penn State-Behrend
2987,March 02,Huckin' in the Hills XI,"('13', '1')",Ohio,Kent State
2988,March 02,Huckin' in the Hills XI,"('11', '12')",Ohio,Butler
2989,March 01,Huckin' in the Hills XI,"('6', '8')",Drexel,Ohio
2990,March 01,Huckin' in the Hills XI,"('8', '3')",Drexel,Penn State-Behrend
2991,March 01,Huckin' in the Hills XI,"('13', '0')",Drexel,Denison
2992,March 02,Huckin' in the Hills XI,"('8', '13')",Drexel,Butler
2993,March 02,Huckin' in the Hills XI,"('8', '9')",Drexel,West Virginia
2994,March 01,Huckin' in the Hills XI,"('13', '1')",Penn State-Behrend,Denison
2995,March 01,Huckin' in the Hills XI,"('3', '8')",Penn State-Behrend,Drexel
2996,March 01,Huckin' in the Hills XI,"('6', '13')",Penn State-Behrend,Ohio
2997,March 02,Huckin' in the Hills XI,"('13', '1')",Penn State-Behrend,Ohio [B]
2998,March 02,Huckin' in the Hills XI,"('6', '8')",Penn State-Behrend,Cleveland State
2999,March 02,Huckin' in the Hills XI,"('11', '7')",Penn State-Behrend,Maryland [B]
3000,March 01,Huckin' in the Hills XI,"('1', '13')",Denison,Penn State-Behrend
3001,March 01,Huckin' in the Hills XI,"('1', '13')",Denison,Ohio
3002,March 01,Huckin' in the Hills XI,"('0', '13')",Denison,Drexel
3003,March 02,Huckin' in the Hills XI,"('5', '10')",Denison,Maryland [B]
3004,March 02,Huckin' in the Hills XI,"('7', '11')",Denison,Ohio [B]
3005,March 01,Huckin' in the Hills XI,"('12', '2')",Akron,Ohio [B]
3006,March 01,Huckin' in the Hills XI,"('8', '2')",Akron,Maryland [B]
3007,March 01,Huckin' in the Hills XI,"('9', '3')",Akron,West Virginia
3008,March 02,Huckin' in the Hills XI,"('4', '13')",Akron,Butler
3009,March 02,Huckin' in the Hills XI,"('11', '10')",Akron,Kent State
3010,March 01,Huckin' in the Hills XI,"('13', '1')",West Virginia,Maryland [B]
3011,March 01,Huckin' in the Hills XI,"('11', '2')",West Virginia,Ohio [B]
3012,March 01,Huckin' in the Hills XI,"('3', '9')",West Virginia,Akron
3013,March 02,Huckin' in the Hills XI,"('8', '11')",West Virginia,Kent State
3014,March 02,Huckin' in the Hills XI,"('9', '8')",West Virginia,Drexel
3015,March 01,Huckin' in the Hills XI,"('1', '13')",Maryland [B],West Virginia
3016,March 01,Huckin' in the Hills XI,"('2', '8')",Maryland [B],Akron
3017,March 01,Huckin' in the Hills XI,"('5', '4')",Maryland [B],Ohio [B]
3018,March 02,Huckin' in the Hills XI,"('10', '5')",Maryland [B],Denison
3019,March 02,Huckin' in the Hills XI,"('7', '11')",Maryland [B],Penn State-Behrend
3020,March 02,Huckin' in the Hills XI,"('7', '9')",Maryland [B],Cleveland State
3021,March 01,Huckin' in the Hills XI,"('2', '12')",Ohio [B],Akron
3022,March 01,Huckin' in the Hills XI,"('2', '11')",Ohio [B],West Virginia
3023,March 01,Huckin' in the Hills XI,"('4', '5')",Ohio [B],Maryland [B]
3024,March 02,Huckin' in the Hills XI,"('1', '13')",Ohio [B],Penn State-Behrend
3025,March 02,Huckin' in the Hills XI,"('11', '7')",Ohio [B],Denison
3026,March 01,Huckin' in the Hills XI,"('13', '1')",Butler,Cleveland State
3027,March 01,Huckin' in the Hills XI,"('13', '1')",Butler,Kent State
3028,March 02,Huckin' in the Hills XI,"('13', '8')",Butler,Drexel
3029,March 02,Huckin' in the Hills XI,"('13', '4')",Butler,Akron
3030,March 02,Huckin' in the Hills XI,"('12', '11')",Butler,Ohio
3031,March 01,Huckin' in the Hills XI,"('5', '4')",Kent State,Cleveland State
3032,March 01,Huckin' in the Hills XI,"('1', '13')",Kent State,Butler
3033,March 02,Huckin' in the Hills XI,"('11', '8')",Kent State,West Virginia
3034,March 02,Huckin' in the Hills XI,"('1', '13')",Kent State,Ohio
3035,March 02,Huckin' in the Hills XI,"('10', '11')",Kent State,Akron
3036,March 01,Huckin' in the Hills XI,"('1', '13')",Cleveland State,Butler
3037,March 01,Huckin' in the Hills XI,"('4', '5')",Cleveland State,Kent State
3038,March 02,Huckin' in the Hills XI,"('8', '6')",Cleveland State,Penn State-Behrend
3039,March 02,Huckin' in the Hills XI,"('9', '7')",Cleveland State,Maryland [B]
3040,March 01,Midwest Throwdown 2025,"('12', '5')",St Olaf,Wisconsin-La Crosse
3041,March 01,Midwest Throwdown 2025,"('10', '3')",St Olaf,Wisconsin [B]
3042,March 01,Midwest Throwdown 2025,"('13', '1')",St Olaf,Carleton College [C]
3043,March 02,Midwest Throwdown 2025,"('13', '2')",St Olaf,Washington University [B]
3044,March 02,Midwest Throwdown 2025,"('9', '10')",St Olaf,Iowa
3045,March 02,Midwest Throwdown 2025,"('9', '6')",St Olaf,Iowa State
3046,March 02,Midwest Throwdown 2025,"('7', '4')",St Olaf,Wisconsin-La Crosse
3047,March 01,Midwest Throwdown 2025,"('5', '12')",Wisconsin-La Crosse,St Olaf
3048,March 01,Midwest Throwdown 2025,"('12', '6')",Wisconsin-La Crosse,Carleton College [C]
3049,March 01,Midwest Throwdown 2025,"('13', '10')",Wisconsin-La Crosse,Wisconsin [B]
3050,March 02,Midwest Throwdown 2025,"('13', '6')",Wisconsin-La Crosse,Wisconsin-Eau Claire
3051,March 02,Midwest Throwdown 2025,"('8', '12')",Wisconsin-La Crosse,Missouri
3052,March 02,Midwest Throwdown 2025,"('10', '9')",Wisconsin-La Crosse,Macalester
3053,March 02,Midwest Throwdown 2025,"('4', '7')",Wisconsin-La Crosse,St Olaf
3054,March 01,Midwest Throwdown 2025,"('9', '6')",Wisconsin [B],Carleton College [C]
3055,March 01,Midwest Throwdown 2025,"('3', '10')",Wisconsin [B],St Olaf
3056,March 01,Midwest Throwdown 2025,"('10', '13')",Wisconsin [B],Wisconsin-La Crosse
3057,March 02,Midwest Throwdown 2025,"('5', '13')",Wisconsin [B],Macalester
3058,March 02,Midwest Throwdown 2025,"('7', '9')",Wisconsin [B],DePaul
3059,March 02,Midwest Throwdown 2025,"('6', '13')",Wisconsin [B],Illinois [B]
3060,March 02,Midwest Throwdown 2025,"('9', '6')",Wisconsin [B],Washington University [B]
3061,March 01,Midwest Throwdown 2025,"('6', '9')",Carleton College-C,Wisconsin [B]
3062,March 01,Midwest Throwdown 2025,"('6', '12')",Carleton College-C,Wisconsin-La Crosse
3063,March 01,Midwest Throwdown 2025,"('1', '13')",Carleton College-C,St Olaf
3064,March 02,Midwest Throwdown 2025,"('11', '4')",Carleton College-C,Wisconsin-Eau Claire [B]
3065,March 02,Midwest Throwdown 2025,"('9', '8')",Carleton College-C,Knox
3066,March 01,Midwest Throwdown 2025,"('13', '3')",Missouri,St John's (Minnesota)
3067,March 01,Midwest Throwdown 2025,"('12', '7')",Missouri,Minnesota [B]
3068,March 01,Midwest Throwdown 2025,"('13', '1')",Missouri,Purdue [B]
3069,March 02,Midwest Throwdown 2025,"('13', '1')",Missouri,Illinois [B]
3070,March 02,Midwest Throwdown 2025,"('12', '8')",Missouri,Wisconsin-La Crosse
3071,March 02,Midwest Throwdown 2025,"('11', '8')",Missouri,Southern Illinois-Edwardsville
3072,March 02,Midwest Throwdown 2025,"('12', '6')",Missouri,Iowa
3073,March 01,Midwest Throwdown 2025,"('13', '2')",Minnesota [B],Purdue [B]
3074,March 01,Midwest Throwdown 2025,"('7', '12')",Minnesota [B],Missouri
3075,March 01,Midwest Throwdown 2025,"('11', '7')",Minnesota [B],St John's (Minnesota)
3076,March 02,Midwest Throwdown 2025,"('8', '10')",Minnesota [B],Iowa
3077,March 02,Midwest Throwdown 2025,"('13', '4')",Minnesota [B],Washington University [B]
3078,March 02,Midwest Throwdown 2025,"('10', '11')",Minnesota [B],Wisconsin-Eau Claire
3079,March 01,Midwest Throwdown 2025,"('3', '13')",St John's,Missouri
3080,March 01,Midwest Throwdown 2025,"('10', '6')",St John's,Purdue [B]
3081,March 01,Midwest Throwdown 2025,"('7', '11')",St John's,Minnesota [B]
3082,March 02,Midwest Throwdown 2025,"('10', '13')",St John's,Iowa State
3083,March 02,Midwest Throwdown 2025,"('12', '10')",St John's,Illinois State
3084,March 01,Midwest Throwdown 2025,"('2', '13')",Purdue [B],Minnesota [B]
3085,March 01,Midwest Throwdown 2025,"('6', '10')",Purdue [B],St John's (Minnesota)
3086,March 01,Midwest Throwdown 2025,"('1', '13')",Purdue [B],Missouri
3087,March 02,Midwest Throwdown 2025,"('13', '2')",Purdue [B],Knox
3088,March 02,Midwest Throwdown 2025,"('10', '3')",Purdue [B],Wisconsin-Eau Claire [B]
3089,March 01,Midwest Throwdown 2025,"('9', '5')",Southern Illinois-Edwardsville,Illinois State
3090,March 01,Midwest Throwdown 2025,"('9', '6')",Southern Illinois-Edwardsville,Iowa
3091,March 01,Midwest Throwdown 2025,"('13', '1')",Southern Illinois-Edwardsville,Wisconsin-Eau Claire [B]
3092,March 02,Midwest Throwdown 2025,"('13', '4')",Southern Illinois-Edwardsville,DePaul
3093,March 02,Midwest Throwdown 2025,"('12', '8')",Southern Illinois-Edwardsville,Macalester
3094,March 02,Midwest Throwdown 2025,"('8', '11')",Southern Illinois-Edwardsville,Missouri
3095,March 02,Midwest Throwdown 2025,"('9', '11')",Southern Illinois-Edwardsville,Marquette
3096,March 01,Midwest Throwdown 2025,"('13', '2')",Iowa,Wisconsin-Eau Claire [B]
3097,March 01,Midwest Throwdown 2025,"('6', '9')",Iowa,Southern Illinois-Edwardsville
3098,March 01,Midwest Throwdown 2025,"('13', '4')",Iowa,Illinois State
3099,March 02,Midwest Throwdown 2025,"('10', '8')",Iowa,Minnesota [B]
3100,March 02,Midwest Throwdown 2025,"('10', '9')",Iowa,St Olaf
3101,March 02,Midwest Throwdown 2025,"('10', '9')",Iowa,Marquette
3102,March 02,Midwest Throwdown 2025,"('6', '12')",Iowa,Missouri
3103,March 01,Midwest Throwdown 2025,"('5', '9')",Illinois State,Southern Illinois-Edwardsville
3104,March 01,Midwest Throwdown 2025,"('10', '3')",Illinois State,Wisconsin-Eau Claire [B]
3105,March 01,Midwest Throwdown 2025,"('4', '13')",Illinois State,Iowa
3106,March 02,Midwest Throwdown 2025,"('5', '13')",Illinois State,Marquette
3107,March 02,Midwest Throwdown 2025,"('10', '12')",Illinois State,St John's (Minnesota)
3108,March 02,Midwest Throwdown 2025,"('12', '8')",Illinois State,Washington University [B]
3109,March 02,Midwest Throwdown 2025,"('12', '7')",Illinois State,Illinois [B]
3110,March 01,Midwest Throwdown 2025,"('2', '13')",Wisconsin-Eau Claire [B],Iowa
3111,March 01,Midwest Throwdown 2025,"('3', '10')",Wisconsin-Eau Claire [B],Illinois State
3112,March 01,Midwest Throwdown 2025,"('1', '13')",Wisconsin-Eau Claire [B],Southern Illinois-Edwardsville
3113,March 02,Midwest Throwdown 2025,"('4', '11')",Wisconsin-Eau Claire [B],Carleton College [C]
3114,March 02,Midwest Throwdown 2025,"('3', '10')",Wisconsin-Eau Claire [B],Purdue [B]
3115,March 01,Midwest Throwdown 2025,"('8', '7')",Marquette,Wisconsin-Eau Claire
3116,March 01,Midwest Throwdown 2025,"('13', '4')",Marquette,DePaul
3117,March 01,Midwest Throwdown 2025,"('13', '4')",Marquette,Knox
3118,March 02,Midwest Throwdown 2025,"('13', '5')",Marquette,Illinois State
3119,March 02,Midwest Throwdown 2025,"('10', '9')",Marquette,Iowa State
3120,March 02,Midwest Throwdown 2025,"('9', '10')",Marquette,Iowa
3121,March 02,Midwest Throwdown 2025,"('11', '9')",Marquette,Southern Illinois-Edwardsville
3122,March 01,Midwest Throwdown 2025,"('7', '8')",Wisconsin-Eau Claire,Marquette
3123,March 01,Midwest Throwdown 2025,"('12', '7')",Wisconsin-Eau Claire,Knox
3124,March 01,Midwest Throwdown 2025,"('10', '5')",Wisconsin-Eau Claire,DePaul
3125,March 02,Midwest Throwdown 2025,"('6', '13')",Wisconsin-Eau Claire,Wisconsin-La Crosse
3126,March 02,Midwest Throwdown 2025,"('12', '5')",Wisconsin-Eau Claire,Illinois [B]
3127,March 02,Midwest Throwdown 2025,"('13', '1')",Wisconsin-Eau Claire,DePaul
3128,March 02,Midwest Throwdown 2025,"('11', '10')",Wisconsin-Eau Claire,Minnesota [B]
3129,March 01,Midwest Throwdown 2025,"('12', '9')",DePaul,Knox
3130,March 01,Midwest Throwdown 2025,"('4', '13')",DePaul,Marquette
3131,March 01,Midwest Throwdown 2025,"('5', '10')",DePaul,Wisconsin-Eau Claire
3132,March 02,Midwest Throwdown 2025,"('4', '13')",DePaul,Southern Illinois-Edwardsville
3133,March 02,Midwest Throwdown 2025,"('9', '7')",DePaul,Wisconsin [B]
3134,March 02,Midwest Throwdown 2025,"('1', '13')",DePaul,Wisconsin-Eau Claire
3135,March 01,Midwest Throwdown 2025,"('9', '12')",Knox,DePaul
3136,March 01,Midwest Throwdown 2025,"('7', '12')",Knox,Wisconsin-Eau Claire
3137,March 01,Midwest Throwdown 2025,"('4', '13')",Knox,Marquette
3138,March 02,Midwest Throwdown 2025,"('2', '13')",Knox,Purdue [B]
3139,March 02,Midwest Throwdown 2025,"('8', '9')",Knox,Carleton College [C]
3140,March 01,Midwest Throwdown 2025,"('13', '10')",Iowa State,Macalester
3141,March 01,Midwest Throwdown 2025,"('13', '3')",Iowa State,Illinois [B]
3142,March 01,Midwest Throwdown 2025,"('13', '2')",Iowa State,Washington University [B]
3143,March 02,Midwest Throwdown 2025,"('13', '10')",Iowa State,St John's (Minnesota)
3144,March 02,Midwest Throwdown 2025,"('9', '10')",Iowa State,Marquette
3145,March 02,Midwest Throwdown 2025,"('6', '9')",Iowa State,St Olaf
3146,March 02,Midwest Throwdown 2025,"('11', '5')",Iowa State,Macalester
3147,March 01,Midwest Throwdown 2025,"('10', '13')",Macalester,Iowa State
3148,March 01,Midwest Throwdown 2025,"('13', '6')",Macalester,Washington University [B]
3149,March 01,Midwest Throwdown 2025,"('10', '3')",Macalester,Illinois [B]
3150,March 02,Midwest Throwdown 2025,"('13', '5')",Macalester,Wisconsin [B]
3151,March 02,Midwest Throwdown 2025,"('8', '12')",Macalester,Southern Illinois-Edwardsville
3152,March 02,Midwest Throwdown 2025,"('9', '10')",Macalester,Wisconsin-La Crosse
3153,March 02,Midwest Throwdown 2025,"('5', '11')",Macalester,Iowa State
3154,March 01,Midwest Throwdown 2025,"('12', '7')",Illinois [B],Washington University [B]
3155,March 01,Midwest Throwdown 2025,"('3', '13')",Illinois [B],Iowa State
3156,March 01,Midwest Throwdown 2025,"('3', '10')",Illinois [B],Macalester
3157,March 02,Midwest Throwdown 2025,"('1', '13')",Illinois [B],Missouri
3158,March 02,Midwest Throwdown 2025,"('5', '12')",Illinois [B],Wisconsin-Eau Claire
3159,March 02,Midwest Throwdown 2025,"('13', '6')",Illinois [B],Wisconsin [B]
3160,March 02,Midwest Throwdown 2025,"('7', '12')",Illinois [B],Illinois State
3161,March 01,Midwest Throwdown 2025,"('7', '12')",Washington University [B],Illinois [B]
3162,March 01,Midwest Throwdown 2025,"('6', '13')",Washington University [B],Macalester
3163,March 01,Midwest Throwdown 2025,"('2', '13')",Washington University [B],Iowa State
3164,March 02,Midwest Throwdown 2025,"('2', '13')",Washington University [B],St Olaf
3165,March 02,Midwest Throwdown 2025,"('4', '13')",Washington University [B],Minnesota [B]
3166,March 02,Midwest Throwdown 2025,"('8', '12')",Washington University [B],Illinois State
3167,March 02,Midwest Throwdown 2025,"('6', '9')",Washington University [B],Wisconsin [B]
3168,March 01,PLU BBQ (men),"('13', '4')",Parkland - PLU Alumni,Oregon State [B]
3169,March 01,PLU BBQ (men),"('13', '2')",Parkland - PLU Alumni,Gonzaga
3170,March 01,PLU BBQ (men),"('11', '13')",Parkland - PLU Alumni,Oregon [B]
3171,March 02,PLU BBQ (men),"('15', '8')",Parkland - PLU Alumni,Whitworth
3172,March 02,PLU BBQ (men),"('15', '5')",Parkland - PLU Alumni,Oregon [B]
3173,March 02,PLU BBQ (men),"('15', '14')",Parkland - PLU Alumni,Gonzaga
3174,March 01,PLU BBQ (men),"('13', '11')",Gonzaga,Oregon [B]
3175,March 01,PLU BBQ (men),"('2', '13')",Gonzaga,Parkland - PLU Alumni
3176,March 01,PLU BBQ (men),"('13', '8')",Gonzaga,Oregon State [B]
3177,March 02,PLU BBQ (men),"('15', '10')",Gonzaga,Portland
3178,March 02,PLU BBQ (men),"('15', '8')",Gonzaga,Oregon State [B]
3179,March 02,PLU BBQ (men),"('14', '15')",Gonzaga,Parkland - PLU Alumni
3180,March 01,PLU BBQ (men),"('4', '13')",Oregon State [B],Parkland - PLU Alumni
3181,March 01,PLU BBQ (men),"('8', '13')",Oregon State [B],Gonzaga
3182,March 01,PLU BBQ (men),"('13', '12')",Oregon State [B],Oregon [B]
3183,March 02,PLU BBQ (men),"('15', '9')",Oregon State [B],Reed
3184,March 02,PLU BBQ (men),"('8', '15')",Oregon State [B],Gonzaga
3185,March 01,PLU BBQ (men),"('11', '13')",Oregon [B],Gonzaga
3186,March 01,PLU BBQ (men),"('13', '11')",Oregon [B],Parkland - PLU Alumni
3187,March 01,PLU BBQ (men),"('12', '13')",Oregon [B],Oregon State [B]
3188,March 02,PLU BBQ (men),"('15', '14')",Oregon [B],Seattle
3189,March 02,PLU BBQ (men),"('5', '15')",Oregon [B],Parkland - PLU Alumni
3190,March 02,PLU BBQ (men),"('15', '9')",Oregon [B],Whitworth
3191,March 01,PLU BBQ (men),"('13', '11')",Seattle,Willamette
3192,March 01,PLU BBQ (men),"('13', '7')",Seattle,Washington State
3193,March 01,PLU BBQ (men),"('13', '6')",Seattle,Whitworth
3194,March 02,PLU BBQ (men),"('14', '15')",Seattle,Oregon [B]
3195,March 02,PLU BBQ (men),"('10', '15')",Seattle,Portland
3196,March 01,PLU BBQ (men),"('13', '7')",Whitworth,Washington State
3197,March 01,PLU BBQ (men),"('12', '11')",Whitworth,Willamette
3198,March 01,PLU BBQ (men),"('6', '13')",Whitworth,Seattle
3199,March 02,PLU BBQ (men),"('8', '15')",Whitworth,Parkland - PLU Alumni
3200,March 02,PLU BBQ (men),"('13', '15')",Whitworth,Reed
3201,March 02,PLU BBQ (men),"('9', '15')",Whitworth,Oregon [B]
3202,March 01,PLU BBQ (men),"('7', '13')",Washington State,Whitworth
3203,March 01,PLU BBQ (men),"('7', '13')",Washington State,Seattle
3204,March 01,PLU BBQ (men),"('13', '8')",Washington State,Willamette
3205,March 02,PLU BBQ (men),"('7', '15')",Washington State,Pacific Lutheran
3206,March 02,PLU BBQ (men),"('8', '9')",Washington State,Portland State
3207,March 01,PLU BBQ (men),"('11', '13')",Willamette,Seattle
3208,March 01,PLU BBQ (men),"('11', '12')",Willamette,Whitworth
3209,March 01,PLU BBQ (men),"('8', '13')",Willamette,Washington State
3210,March 02,PLU BBQ (men),"('13', '9')",Willamette,Portland State
3211,March 02,PLU BBQ (men),"('13', '10')",Willamette,Pacific Lutheran
3212,March 01,PLU BBQ (men),"('13', '4')",Reed,Portland State
3213,March 01,PLU BBQ (men),"('13', '5')",Reed,Portland
3214,March 01,PLU BBQ (men),"('13', '9')",Reed,Pacific Lutheran
3215,March 02,PLU BBQ (men),"('9', '15')",Reed,Oregon State [B]
3216,March 02,PLU BBQ (men),"('15', '13')",Reed,Whitworth
3217,March 02,PLU BBQ (men),"('11', '15')",Reed,Portland
3218,March 01,PLU BBQ (men),"('13', '12')",Portland,Pacific Lutheran
3219,March 01,PLU BBQ (men),"('5', '13')",Portland,Reed
3220,March 01,PLU BBQ (men),"('13', '6')",Portland,Portland State
3221,March 02,PLU BBQ (men),"('10', '15')",Portland,Gonzaga
3222,March 02,PLU BBQ (men),"('15', '10')",Portland,Seattle
3223,March 02,PLU BBQ (men),"('15', '11')",Portland,Reed
3224,March 01,PLU BBQ (men),"('12', '13')",Pacific Lutheran,Portland
3225,March 01,PLU BBQ (men),"('13', '8')",Pacific Lutheran,Portland State
3226,March 01,PLU BBQ (men),"('9', '13')",Pacific Lutheran,Reed
3227,March 02,PLU BBQ (men),"('15', '7')",Pacific Lutheran,Washington State
3228,March 02,PLU BBQ (men),"('10', '13')",Pacific Lutheran,Willamette
3229,March 02,PLU BBQ (men),"('15', '9')",Pacific Lutheran,Portland State
3230,March 01,PLU BBQ (men),"('4', '13')",Portland State,Reed
3231,March 01,PLU BBQ (men),"('8', '13')",Portland State,Pacific Lutheran
3232,March 01,PLU BBQ (men),"('6', '13')",Portland State,Portland
3233,March 02,PLU BBQ (men),"('9', '13')",Portland State,Willamette
3234,March 02,PLU BBQ (men),"('9', '8')",Portland State,Washington State
3235,March 02,PLU BBQ (men),"('9', '15')",Portland State,Pacific Lutheran
3236,March 01,Snow Melt 2025,"('13', '1')",Lewis & Clark,Colorado Mesa
3237,March 01,Snow Melt 2025,"('13', '5')",Lewis & Clark,Montana State
3238,March 01,Snow Melt 2025,"('13', '1')",Lewis & Clark,Colorado Mines [B]
3239,March 01,Snow Melt 2025,"('13', '4')",Lewis & Clark,Denver
3240,March 02,Snow Melt 2025,"('15', '2')",Lewis & Clark,California [B]
3241,March 02,Snow Melt 2025,"('15', '9')",Lewis & Clark,Colorado College
3242,March 02,Snow Melt 2025,"('13', '11')",Lewis & Clark,Colorado Mines (Entropy)
3243,March 01,Snow Melt 2025,"('5', '13')",Montana State,Lewis & Clark
3244,March 01,Snow Melt 2025,"('13', '6')",Montana State,Colorado Mesa
3245,March 01,Snow Melt 2025,"('13', '1')",Montana State,Colorado Mines [B]
3246,March 01,Snow Melt 2025,"('8', '7')",Montana State,Denver
3247,March 02,Snow Melt 2025,"('15', '10')",Montana State,Colorado State [B]
3248,March 02,Snow Melt 2025,"('10', '14')",Montana State,Colorado Mines (Entropy)
3249,March 02,Snow Melt 2025,"('10', '13')",Montana State,Colorado College
3250,March 01,Snow Melt 2025,"('13', '0')",Denver,Colorado Mines [B]
3251,March 01,Snow Melt 2025,"('13', '0')",Denver,Colorado Mesa
3252,March 01,Snow Melt 2025,"('4', '13')",Denver,Lewis & Clark
3253,March 01,Snow Melt 2025,"('7', '8')",Denver,Montana State
3254,March 02,Snow Melt 2025,"('14', '15')",Denver,Colorado College
3255,March 02,Snow Melt 2025,"('15', '6')",Denver,California [B]
3256,March 02,Snow Melt 2025,"('15', '1')",Denver,Colorado State [B]
3257,March 01,Snow Melt 2025,"('1', '13')",Colorado Mesa,Lewis & Clark
3258,March 01,Snow Melt 2025,"('0', '13')",Colorado Mesa,Denver
3259,March 01,Snow Melt 2025,"('6', '13')",Colorado Mesa,Montana State
3260,March 01,Snow Melt 2025,"('7', '6')",Colorado Mesa,Colorado Mines [B]
3261,March 02,Snow Melt 2025,"('1', '15')",Colorado Mesa,Colorado Mines (Entropy)
3262,March 02,Snow Melt 2025,"('9', '13')",Colorado Mesa,Colorado State [B]
3263,March 02,Snow Melt 2025,"('11', '10')",Colorado Mesa,Denver [B]
3264,March 01,Snow Melt 2025,"('0', '13')",Colorado Mines [B],Denver
3265,March 01,Snow Melt 2025,"('1', '13')",Colorado Mines [B],Lewis & Clark
3266,March 01,Snow Melt 2025,"('1', '13')",Colorado Mines [B],Montana State
3267,March 01,Snow Melt 2025,"('6', '7')",Colorado Mines [B],Colorado Mesa
3268,March 02,Snow Melt 2025,"('10', '12')",Colorado Mines [B],Denver [B]
3269,March 02,Snow Melt 2025,"('7', '14')",Colorado Mines [B],California [B]
3270,February 28,Snow Melt 2025,"('13', '6')",Colorado College,Brigham Young [B]
3271,March 01,Snow Melt 2025,"('13', '4')",Colorado College,Denver [B]
3272,March 01,Snow Melt 2025,"('13', '5')",Colorado College,California [B]
3273,March 01,Snow Melt 2025,"('12', '13')",Colorado College,Colorado Mines (Entropy)
3274,March 02,Snow Melt 2025,"('15', '14')",Colorado College,Denver
3275,March 02,Snow Melt 2025,"('9', '15')",Colorado College,Lewis & Clark
3276,March 02,Snow Melt 2025,"('13', '10')",Colorado College,Montana State
3277,March 01,Snow Melt 2025,"('5', '13')",California [B],Colorado College
3278,March 01,Snow Melt 2025,"('12', '5')",California [B],Denver [B]
3279,March 01,Snow Melt 2025,"('8', '9')",California [B],Colorado State [B]
3280,March 01,Snow Melt 2025,"('3', '13')",California [B],Brigham Young [B]
3281,March 02,Snow Melt 2025,"('2', '15')",California [B],Lewis & Clark
3282,March 02,Snow Melt 2025,"('6', '15')",California [B],Denver
3283,March 02,Snow Melt 2025,"('14', '7')",California [B],Colorado Mines [B]
3284,March 01,Snow Melt 2025,"('4', '13')",Denver [B],Colorado College
3285,March 01,Snow Melt 2025,"('5', '12')",Denver [B],California [B]
3286,March 01,Snow Melt 2025,"('1', '13')",Denver [B],Brigham Young [B]
3287,March 01,Snow Melt 2025,"('5', '10')",Denver [B],Colorado State [B]
3288,March 02,Snow Melt 2025,"('12', '10')",Denver [B],Colorado Mines [B]
3289,March 02,Snow Melt 2025,"('10', '11')",Denver [B],Colorado Mesa
3290,March 01,Snow Melt 2025,"('13', '5')",Colorado Mines,Colorado State [B]
3291,March 01,Snow Melt 2025,"('11', '9')",Colorado Mines,Brigham Young [B]
3292,March 01,Snow Melt 2025,"('13', '12')",Colorado Mines,Colorado College
3293,March 02,Snow Melt 2025,"('15', '1')",Colorado Mines,Colorado Mesa
3294,March 02,Snow Melt 2025,"('14', '10')",Colorado Mines,Montana State
3295,March 02,Snow Melt 2025,"('11', '13')",Colorado Mines,Lewis & Clark
3296,February 28,Snow Melt 2025,"('6', '13')",Brigham Young [B],Colorado College
3297,March 01,Snow Melt 2025,"('9', '11')",Brigham Young [B],Colorado Mines (Entropy)
3298,March 01,Snow Melt 2025,"('13', '9')",Brigham Young [B],Colorado State [B]
3299,March 01,Snow Melt 2025,"('13', '1')",Brigham Young [B],Denver [B]
3300,March 01,Snow Melt 2025,"('13', '3')",Brigham Young [B],California [B]
3301,March 01,Snow Melt 2025,"('5', '13')",Colorado State [B],Colorado Mines (Entropy)
3302,March 01,Snow Melt 2025,"('9', '13')",Colorado State [B],Brigham Young [B]
3303,March 01,Snow Melt 2025,"('9', '8')",Colorado State [B],California [B]
3304,March 01,Snow Melt 2025,"('10', '5')",Colorado State [B],Denver [B]
3305,March 02,Snow Melt 2025,"('10', '15')",Colorado State [B],Montana State
3306,March 02,Snow Melt 2025,"('13', '9')",Colorado State [B],Colorado Mesa
3307,March 02,Snow Melt 2025,"('1', '15')",Colorado State [B],Denver
3308,March 01,UMass Invite 2025,"('12', '9')",Middlebury,Wesleyan
3309,March 01,UMass Invite 2025,"('10', '7')",Middlebury,Connecticut
3310,March 01,UMass Invite 2025,"('13', '3')",Middlebury,Tufts [B]
3311,March 01,UMass Invite 2025,"('10', '7')",Middlebury,Vermont [B]
3312,March 02,UMass Invite 2025,"('12', '8')",Middlebury,Connecticut
3313,March 02,UMass Invite 2025,"('12', '9')",Middlebury,Williams
3314,March 01,UMass Invite 2025,"('9', '10')",Vermont [B],Tufts [B]
3315,March 01,UMass Invite 2025,"('9', '7')",Vermont [B],Connecticut
3316,March 01,UMass Invite 2025,"('10', '8')",Vermont [B],Wesleyan
3317,March 01,UMass Invite 2025,"('7', '10')",Vermont [B],Middlebury
3318,March 02,UMass Invite 2025,"('9', '8')",Vermont [B],Columbia
3319,March 02,UMass Invite 2025,"('5', '12')",Vermont [B],Williams
3320,March 02,UMass Invite 2025,"('7', '4')",Vermont [B],Connecticut
3321,March 01,UMass Invite 2025,"('11', '8')",Connecticut,Tufts [B]
3322,March 01,UMass Invite 2025,"('7', '10')",Connecticut,Middlebury
3323,March 01,UMass Invite 2025,"('7', '9')",Connecticut,Vermont [B]
3324,March 01,UMass Invite 2025,"('7', '6')",Connecticut,Wesleyan
3325,March 02,UMass Invite 2025,"('8', '5')",Connecticut,Maine
3326,March 02,UMass Invite 2025,"('8', '12')",Connecticut,Middlebury
3327,March 02,UMass Invite 2025,"('4', '7')",Connecticut,Vermont [B]
3328,March 01,UMass Invite 2025,"('8', '11')",Tufts [B],Connecticut
3329,March 01,UMass Invite 2025,"('10', '9')",Tufts [B],Vermont [B]
3330,March 01,UMass Invite 2025,"('9', '6')",Tufts [B],Wesleyan
3331,March 01,UMass Invite 2025,"('3', '13')",Tufts [B],Middlebury
3332,March 02,UMass Invite 2025,"('6', '9')",Tufts [B],Massachusetts [B]
3333,March 01,UMass Invite 2025,"('9', '12')",Wesleyan,Middlebury
3334,March 01,UMass Invite 2025,"('6', '9')",Wesleyan,Tufts [B]
3335,March 01,UMass Invite 2025,"('8', '10')",Wesleyan,Vermont [B]
3336,March 01,UMass Invite 2025,"('6', '7')",Wesleyan,Connecticut
3337,March 02,UMass Invite 2025,"('11', '8')",Wesleyan,Boston University
3338,March 02,UMass Invite 2025,"('13', '8')",Wesleyan,Maine
3339,March 02,UMass Invite 2025,"('11', '8')",Wesleyan,Columbia
3340,March 01,UMass Invite 2025,"('12', '5')",Williams,Maine
3341,March 01,UMass Invite 2025,"('10', '9')",Williams,Columbia
3342,March 01,UMass Invite 2025,"('7', '8')",Williams,Boston University
3343,March 01,UMass Invite 2025,"('12', '1')",Williams,Massachusetts [B]
3344,March 02,UMass Invite 2025,"('12', '5')",Williams,Vermont [B]
3345,March 02,UMass Invite 2025,"('9', '12')",Williams,Middlebury
3346,March 01,UMass Invite 2025,"('5', '12')",Maine,Williams
3347,March 01,UMass Invite 2025,"('9', '8')",Maine,Massachusetts [B]
3348,March 01,UMass Invite 2025,"('9', '7')",Maine,Boston University
3349,March 01,UMass Invite 2025,"('7', '6')",Maine,Columbia
3350,March 02,UMass Invite 2025,"('5', '8')",Maine,Connecticut
3351,March 02,UMass Invite 2025,"('8', '13')",Maine,Wesleyan
3352,March 01,UMass Invite 2025,"('10', '7')",Columbia,Boston University
3353,March 01,UMass Invite 2025,"('9', '10')",Columbia,Williams
3354,March 01,UMass Invite 2025,"('8', '5')",Columbia,Massachusetts [B]
3355,March 01,UMass Invite 2025,"('6', '7')",Columbia,Maine
3356,March 02,UMass Invite 2025,"('8', '9')",Columbia,Vermont [B]
3357,March 02,UMass Invite 2025,"('9', '8')",Columbia,Massachusetts [B]
3358,March 02,UMass Invite 2025,"('8', '11')",Columbia,Wesleyan
3359,March 01,UMass Invite 2025,"('9', '6')",Boston University,Massachusetts [B]
3360,March 01,UMass Invite 2025,"('7', '10')",Boston University,Columbia
3361,March 01,UMass Invite 2025,"('7', '9')",Boston University,Maine
3362,March 01,UMass Invite 2025,"('8', '7')",Boston University,Williams
3363,March 02,UMass Invite 2025,"('8', '11')",Boston University,Wesleyan
3364,March 01,UMass Invite 2025,"('6', '9')",Massachusetts  [B],Boston University
3365,March 01,UMass Invite 2025,"('8', '9')",Massachusetts  [B],Maine
3366,March 01,UMass Invite 2025,"('5', '8')",Massachusetts  [B],Columbia
3367,March 01,UMass Invite 2025,"('1', '12')",Massachusetts  [B],Williams
3368,March 02,UMass Invite 2025,"('9', '6')",Massachusetts  [B],Tufts [B]
3369,March 02,UMass Invite 2025,"('8', '9')",Massachusetts  [B],Columbia
3370,February 22,Dust Bowl 2025,"('13', '9')",Oklahoma Christian,Northern Iowa
3371,February 22,Dust Bowl 2025,"('13', '0')",Oklahoma Christian,Kansas State
3372,February 22,Dust Bowl 2025,"('9', '7')",Oklahoma Christian,Texas-Dallas
3373,February 23,Dust Bowl 2025,"('12', '3')",Oklahoma Christian,Wichita State
3374,February 23,Dust Bowl 2025,"('8', '7')",Oklahoma Christian,North Texas
3375,February 23,Dust Bowl 2025,"('9', '8')",Oklahoma Christian,Missouri S&T
3376,February 22,Dust Bowl 2025,"('12', '10')",Northern Iowa,Texas-Dallas
3377,February 22,Dust Bowl 2025,"('9', '13')",Northern Iowa,Oklahoma Christian
3378,February 22,Dust Bowl 2025,"('13', '7')",Northern Iowa,Washington University [B]
3379,February 22,Dust Bowl 2025,"('13', '8')",Northern Iowa,Kansas State
3380,February 23,Dust Bowl 2025,"('8', '9')",Northern Iowa,Grinnell
3381,February 23,Dust Bowl 2025,"('4', '8')",Northern Iowa,Saint Louis
3382,February 22,Dust Bowl 2025,"('10', '12')",Texas-Dallas,Northern Iowa
3383,February 22,Dust Bowl 2025,"('8', '7')",Texas-Dallas,Texas Tech
3384,February 22,Dust Bowl 2025,"('10', '9')",Texas-Dallas,Washington University [B]
3385,February 22,Dust Bowl 2025,"('7', '9')",Texas-Dallas,Oklahoma Christian
3386,February 23,Dust Bowl 2025,"('5', '11')",Texas-Dallas,Oklahoma State
3387,February 22,Dust Bowl 2025,"('6', '13')",Washington University [B],Kansas
3388,February 22,Dust Bowl 2025,"('12', '7')",Washington University [B],Kansas State
3389,February 22,Dust Bowl 2025,"('9', '10')",Washington University [B],Texas-Dallas
3390,February 22,Dust Bowl 2025,"('7', '13')",Washington University [B],Northern Iowa
3391,February 23,Dust Bowl 2025,"('7', '8')",Washington University [B],Oklahoma
3392,February 22,Dust Bowl 2025,"('7', '12')",Kansas State,Washington University [B]
3393,February 22,Dust Bowl 2025,"('0', '13')",Kansas State,Oklahoma Christian
3394,February 22,Dust Bowl 2025,"('8', '13')",Kansas State,Northern Iowa
3395,February 23,Dust Bowl 2025,"('10', '7')",Kansas State,Harding
3396,February 23,Dust Bowl 2025,"('11', '7')",Kansas State,Dallas
3397,February 22,Dust Bowl 2025,"('9', '5')",Grinnell,Harding
3398,February 22,Dust Bowl 2025,"('11', '2')",Grinnell,Texas Tech
3399,February 22,Dust Bowl 2025,"('10', '8')",Grinnell,Kansas
3400,February 23,Dust Bowl 2025,"('9', '8')",Grinnell,Northern Iowa
3401,February 23,Dust Bowl 2025,"('4', '9')",Grinnell,Missouri S&T
3402,February 23,Dust Bowl 2025,"('8', '9')",Grinnell,North Texas
3403,February 22,Dust Bowl 2025,"('9', '6')",Wichita State,Texas Tech
3404,February 22,Dust Bowl 2025,"('12', '8')",Wichita State,Kansas
3405,February 22,Dust Bowl 2025,"('12', '7')",Wichita State,Harding
3406,February 23,Dust Bowl 2025,"('3', '12')",Wichita State,Oklahoma Christian
3407,February 22,Dust Bowl 2025,"('13', '6')",Kansas,Washington University [B]
3408,February 22,Dust Bowl 2025,"('9', '3')",Kansas,Harding
3409,February 22,Dust Bowl 2025,"('8', '12')",Kansas,Wichita State
3410,February 22,Dust Bowl 2025,"('8', '10')",Kansas,Grinnell
3411,February 23,Dust Bowl 2025,"('7', '10')",Kansas,Truman State
3412,February 23,Dust Bowl 2025,"('11', '4')",Kansas,Dallas
3413,February 22,Dust Bowl 2025,"('7', '8')",Texas Tech,Texas-Dallas
3414,February 22,Dust Bowl 2025,"('6', '9')",Texas Tech,Wichita State
3415,February 22,Dust Bowl 2025,"('2', '11')",Texas Tech,Grinnell
3416,February 22,Dust Bowl 2025,"('8', '7')",Texas Tech,Harding
3417,February 23,Dust Bowl 2025,"('7', '9')",Texas Tech,Nebraska
3418,February 22,Dust Bowl 2025,"('5', '9')",Harding,Grinnell
3419,February 22,Dust Bowl 2025,"('3', '9')",Harding,Kansas
3420,February 22,Dust Bowl 2025,"('7', '8')",Harding,Texas Tech
3421,February 22,Dust Bowl 2025,"('7', '12')",Harding,Wichita State
3422,February 23,Dust Bowl 2025,"('10', '5')",Harding,Dallas
3423,February 23,Dust Bowl 2025,"('7', '10')",Harding,Kansas State
3424,February 22,Dust Bowl 2025,"('10', '8')",Missouri S&T,Oklahoma State
3425,February 22,Dust Bowl 2025,"('10', '9')",Missouri S&T,North Texas
3426,February 22,Dust Bowl 2025,"('13', '8')",Missouri S&T,Truman State
3427,February 23,Dust Bowl 2025,"('13', '2')",Missouri S&T,Dallas
3428,February 23,Dust Bowl 2025,"('7', '5')",Missouri S&T,Saint Louis
3429,February 23,Dust Bowl 2025,"('9', '4')",Missouri S&T,Grinnell
3430,February 23,Dust Bowl 2025,"('8', '9')",Missouri S&T,Oklahoma Christian
3431,February 22,Dust Bowl 2025,"('13', '1')",North Texas,Dallas
3432,February 22,Dust Bowl 2025,"('9', '10')",North Texas,Missouri S&T
3433,February 22,Dust Bowl 2025,"('8', '4')",North Texas,Oklahoma State
3434,February 23,Dust Bowl 2025,"('12', '5')",North Texas,John Brown
3435,February 23,Dust Bowl 2025,"('7', '8')",North Texas,Oklahoma Christian
3436,February 23,Dust Bowl 2025,"('9', '8')",North Texas,Grinnell
3437,February 22,Dust Bowl 2025,"('12', '4')",Truman State,Oklahoma
3438,February 22,Dust Bowl 2025,"('11', '8')",Truman State,Oklahoma State
3439,February 22,Dust Bowl 2025,"('13', '4')",Truman State,Dallas
3440,February 22,Dust Bowl 2025,"('8', '13')",Truman State,Missouri S&T
3441,February 23,Dust Bowl 2025,"('10', '7')",Truman State,Kansas
3442,February 23,Dust Bowl 2025,"('13', '4')",Truman State,Oklahoma State
3443,February 22,Dust Bowl 2025,"('11', '10')",Oklahoma State,Nebraska
3444,February 22,Dust Bowl 2025,"('8', '10')",Oklahoma State,Missouri S&T
3445,February 22,Dust Bowl 2025,"('8', '11')",Oklahoma State,Truman State
3446,February 22,Dust Bowl 2025,"('4', '8')",Oklahoma State,North Texas
3447,February 22,Dust Bowl 2025,"('12', '7')",Oklahoma State,Dallas
3448,February 23,Dust Bowl 2025,"('11', '5')",Oklahoma State,Texas-Dallas
3449,February 23,Dust Bowl 2025,"('4', '13')",Oklahoma State,Truman State
3450,February 22,Dust Bowl 2025,"('1', '13')",Dallas,North Texas
3451,February 22,Dust Bowl 2025,"('4', '13')",Dallas,Truman State
3452,February 22,Dust Bowl 2025,"('7', '12')",Dallas,Oklahoma State
3453,February 23,Dust Bowl 2025,"('2', '13')",Dallas,Missouri S&T
3454,February 23,Dust Bowl 2025,"('5', '10')",Dallas,Harding
3455,February 23,Dust Bowl 2025,"('7', '11')",Dallas,Kansas State
3456,February 23,Dust Bowl 2025,"('4', '11')",Dallas,Kansas
3457,February 22,Dust Bowl 2025,"('7', '6')",John Brown,Nebraska
3458,February 22,Dust Bowl 2025,"('10', '9')",John Brown,Oklahoma
3459,February 22,Dust Bowl 2025,"('9', '8')",John Brown,Saint Louis
3460,February 23,Dust Bowl 2025,"('5', '12')",John Brown,North Texas
3461,February 22,Dust Bowl 2025,"('9', '5')",Saint Louis,Oklahoma
3462,February 22,Dust Bowl 2025,"('13', '5')",Saint Louis,Nebraska
3463,February 22,Dust Bowl 2025,"('8', '9')",Saint Louis,John Brown
3464,February 23,Dust Bowl 2025,"('5', '7')",Saint Louis,Missouri S&T
3465,February 23,Dust Bowl 2025,"('8', '4')",Saint Louis,Northern Iowa
3466,February 22,Dust Bowl 2025,"('6', '7')",Nebraska,John Brown
3467,February 22,Dust Bowl 2025,"('10', '11')",Nebraska,Oklahoma State
3468,February 22,Dust Bowl 2025,"('5', '13')",Nebraska,Saint Louis
3469,February 22,Dust Bowl 2025,"('10', '6')",Nebraska,Oklahoma
3470,February 23,Dust Bowl 2025,"('9', '7')",Nebraska,Texas Tech
3471,February 22,Dust Bowl 2025,"('4', '12')",Oklahoma,Truman State
3472,February 22,Dust Bowl 2025,"('5', '9')",Oklahoma,Saint Louis
3473,February 22,Dust Bowl 2025,"('9', '10')",Oklahoma,John Brown
3474,February 22,Dust Bowl 2025,"('6', '10')",Oklahoma,Nebraska
3475,February 23,Dust Bowl 2025,"('8', '7')",Oklahoma,Washington University [B]
3476,March 08,Grand Northeast Kickoff 2025,"('8', '5')",Bates,Northeastern [B]
3477,March 08,Grand Northeast Kickoff 2025,"('5', '6')",Bates,Colby
3478,March 08,Grand Northeast Kickoff 2025,"('9', '0')",Bates,New Hampshire
3479,March 08,Grand Northeast Kickoff 2025,"('13', '0')",Bates,Middlebury [B]
3480,March 09,Grand Northeast Kickoff 2025,"('8', '5')",Bates,Brown [B]
3481,March 09,Grand Northeast Kickoff 2025,"('9', '7')",Bates,Amherst
3482,March 09,Grand Northeast Kickoff 2025,"('15', '10')",Bates,Northeastern [B]
3483,March 08,Grand Northeast Kickoff 2025,"('5', '8')",Northeastern [B],Bates
3484,March 08,Grand Northeast Kickoff 2025,"('7', '4')",Northeastern [B],Brown [B]
3485,March 08,Grand Northeast Kickoff 2025,"('11', '0')",Northeastern [B],Middlebury [B]
3486,March 08,Grand Northeast Kickoff 2025,"('10', '1')",Northeastern [B],New Hampshire
3487,March 09,Grand Northeast Kickoff 2025,"('8', '4')",Northeastern [B],Amherst
3488,March 09,Grand Northeast Kickoff 2025,"('8', '7')",Northeastern [B],Colby
3489,March 09,Grand Northeast Kickoff 2025,"('10', '15')",Northeastern [B],Bates
3490,March 08,Grand Northeast Kickoff 2025,"('8', '4')",Brown [B],Colby
3491,March 08,Grand Northeast Kickoff 2025,"('4', '7')",Brown [B],Northeastern [B]
3492,March 08,Grand Northeast Kickoff 2025,"('5', '4')",Brown [B],Amherst
3493,March 09,Grand Northeast Kickoff 2025,"('10', '1')",Brown [B],New Hampshire
3494,March 09,Grand Northeast Kickoff 2025,"('5', '8')",Brown [B],Bates
3495,March 09,Grand Northeast Kickoff 2025,"('13', '0')",Brown [B],Middlebury [B]
3496,March 09,Grand Northeast Kickoff 2025,"('5', '15')",Brown [B],Colby
3497,March 08,Grand Northeast Kickoff 2025,"('4', '8')",Colby,Brown [B]
3498,March 08,Grand Northeast Kickoff 2025,"('6', '5')",Colby,Bates
3499,March 08,Grand Northeast Kickoff 2025,"('8', '2')",Colby,Amherst
3500,March 09,Grand Northeast Kickoff 2025,"('12', '3')",Colby,Middlebury [B]
3501,March 09,Grand Northeast Kickoff 2025,"('7', '8')",Colby,Northeastern [B]
3502,March 09,Grand Northeast Kickoff 2025,"('11', '4')",Colby,New Hampshire
3503,March 09,Grand Northeast Kickoff 2025,"('15', '5')",Colby,Brown [B]
3504,March 08,Grand Northeast Kickoff 2025,"('12', '0')",Amherst,Middlebury [B]
3505,March 08,Grand Northeast Kickoff 2025,"('8', '1')",Amherst,New Hampshire
3506,March 08,Grand Northeast Kickoff 2025,"('4', '5')",Amherst,Brown [B]
3507,March 08,Grand Northeast Kickoff 2025,"('2', '8')",Amherst,Colby
3508,March 09,Grand Northeast Kickoff 2025,"('9', '3')",Amherst,New Hampshire
3509,March 09,Grand Northeast Kickoff 2025,"('4', '8')",Amherst,Northeastern [B]
3510,March 09,Grand Northeast Kickoff 2025,"('7', '9')",Amherst,Bates
3511,March 08,Grand Northeast Kickoff 2025,"('1', '8')",New Hampshire,Amherst
3512,March 08,Grand Northeast Kickoff 2025,"('0', '9')",New Hampshire,Bates
3513,March 08,Grand Northeast Kickoff 2025,"('1', '10')",New Hampshire,Northeastern [B]
3514,March 09,Grand Northeast Kickoff 2025,"('3', '9')",New Hampshire,Amherst
3515,March 09,Grand Northeast Kickoff 2025,"('1', '10')",New Hampshire,Brown [B]
3516,March 09,Grand Northeast Kickoff 2025,"('8', '5')",New Hampshire,Middlebury [B]
3517,March 09,Grand Northeast Kickoff 2025,"('4', '11')",New Hampshire,Colby
3518,March 08,Grand Northeast Kickoff 2025,"('0', '12')",Middlebury [B],Amherst
3519,March 08,Grand Northeast Kickoff 2025,"('0', '11')",Middlebury [B],Northeastern [B]
3520,March 08,Grand Northeast Kickoff 2025,"('0', '13')",Middlebury [B],Bates
3521,March 09,Grand Northeast Kickoff 2025,"('3', '12')",Middlebury [B],Colby
3522,March 09,Grand Northeast Kickoff 2025,"('5', '8')",Middlebury [B],New Hampshire
3523,March 09,Grand Northeast Kickoff 2025,"('0', '13')",Middlebury [B],Brown [B]
3524,March 01,Big Sky Brawl 2025,"('12', '11')",Nevada-Reno,Montana
3525,March 01,Big Sky Brawl 2025,"('9', '5')",Nevada-Reno,Boise State
3526,March 01,Big Sky Brawl 2025,"('4', '9')",Nevada-Reno,Montana
3527,March 02,Big Sky Brawl 2025,"('10', '4')",Nevada-Reno,Boise State
3528,March 02,Big Sky Brawl 2025,"('10', '6')",Nevada-Reno,Montana
3529,March 02,Big Sky Brawl 2025,"('12', '6')",Nevada-Reno,Boise State
3530,March 01,Big Sky Brawl 2025,"('13', '4')",Montana,Boise State
3531,March 01,Big Sky Brawl 2025,"('11', '12')",Montana,Nevada-Reno
3532,March 01,Big Sky Brawl 2025,"('7', '9')",Montana,Boise State
3533,March 01,Big Sky Brawl 2025,"('9', '4')",Montana,Nevada-Reno
3534,March 02,Big Sky Brawl 2025,"('9', '4')",Montana,Boise State
3535,March 02,Big Sky Brawl 2025,"('6', '10')",Montana,Nevada-Reno
3536,March 01,Big Sky Brawl 2025,"('4', '13')",Boise State,Montana
3537,March 01,Big Sky Brawl 2025,"('5', '9')",Boise State,Nevada-Reno
3538,March 01,Big Sky Brawl 2025,"('9', '7')",Boise State,Montana
3539,March 02,Big Sky Brawl 2025,"('4', '10')",Boise State,Nevada-Reno
3540,March 02,Big Sky Brawl 2025,"('4', '9')",Boise State,Montana
3541,March 02,Big Sky Brawl 2025,"('6', '12')",Boise State,Nevada-Reno
3542,March 01,Garden State 2025,"('9', '8')",Rhode Island,Bowdoin
3543,March 01,Garden State 2025,"('9', '4')",Rhode Island,Haverford
3544,March 01,Garden State 2025,"('9', '4')",Rhode Island,Brown [B]
3545,March 01,Garden State 2025,"('5', '2')",Rhode Island,Penn State [B]
3546,March 02,Garden State 2025,"('13', '4')",Rhode Island,Army
3547,March 02,Garden State 2025,"('10', '7')",Rhode Island,Penn State [B]
3548,March 02,Garden State 2025,"('6', '11')",Rhode Island,Bowdoin
3549,March 01,Garden State 2025,"('8', '9')",Bowdoin,Rhode Island
3550,March 01,Garden State 2025,"('12', '8')",Bowdoin,Penn State [B]
3551,March 01,Garden State 2025,"('10', '5')",Bowdoin,Haverford
3552,March 01,Garden State 2025,"('4', '1')",Bowdoin,Brown [B]
3553,March 02,Garden State 2025,"('12', '6')",Bowdoin,Connecticut College
3554,March 02,Garden State 2025,"('13', '4')",Bowdoin,Salisbury
3555,March 02,Garden State 2025,"('11', '6')",Bowdoin,Rhode Island
3556,March 01,Garden State 2025,"('8', '7')",Haverford,Penn State [B]
3557,March 01,Garden State 2025,"('10', '7')",Haverford,Brown [B]
3558,March 01,Garden State 2025,"('4', '9')",Haverford,Rhode Island
3559,March 01,Garden State 2025,"('5', '10')",Haverford,Bowdoin
3560,March 02,Garden State 2025,"('8', '10')",Haverford,Salisbury
3561,March 02,Garden State 2025,"('8', '7')",Haverford,Connecticut College
3562,March 01,Garden State 2025,"('7', '8')",Penn State [B],Haverford
3563,March 01,Garden State 2025,"('8', '12')",Penn State [B],Bowdoin
3564,March 01,Garden State 2025,"('7', '5')",Penn State [B],Brown [B]
3565,March 01,Garden State 2025,"('2', '5')",Penn State [B],Rhode Island
3566,March 02,Garden State 2025,"('9', '6')",Penn State [B],Brown [B]
3567,March 02,Garden State 2025,"('7', '10')",Penn State [B],Rhode Island
3568,March 02,Garden State 2025,"('2', '3')",Penn State [B],Salisbury
3569,March 01,Garden State 2025,"('7', '10')",Brown [B],Haverford
3570,March 01,Garden State 2025,"('5', '7')",Brown [B],Penn State [B]
3571,March 01,Garden State 2025,"('4', '9')",Brown [B],Rhode Island
3572,March 01,Garden State 2025,"('1', '4')",Brown [B],Bowdoin
3573,March 02,Garden State 2025,"('6', '9')",Brown [B],Penn State [B]
3574,March 02,Garden State 2025,"('12', '7')",Brown [B],Army
3575,March 01,Garden State 2025,"('8', '6')",Salisbury,Pennsylvania Western
3576,March 01,Garden State 2025,"('9', '6')",Salisbury,Massachusetts-Lowell
3577,March 01,Garden State 2025,"('7', '4')",Salisbury,Swarthmore
3578,March 01,Garden State 2025,"('8', '7')",Salisbury,Central Connecticut State
3579,March 02,Garden State 2025,"('10', '8')",Salisbury,Haverford
3580,March 02,Garden State 2025,"('4', '13')",Salisbury,Bowdoin
3581,March 02,Garden State 2025,"('3', '2')",Salisbury,Penn State [B]
3582,March 01,Garden State 2025,"('11', '6')",Swarthmore,Massachusetts-Lowell
3583,March 01,Garden State 2025,"('7', '9')",Swarthmore,Central Connecticut State
3584,March 01,Garden State 2025,"('10', '5')",Swarthmore,Pennsylvania Western
3585,March 01,Garden State 2025,"('4', '7')",Swarthmore,Salisbury
3586,March 02,Garden State 2025,"('11', '7')",Swarthmore,Stevens Tech
3587,March 02,Garden State 2025,"('13', '3')",Swarthmore,Cornell [B]
3588,March 01,Garden State 2025,"('9', '7')",Central Connecticut State,Swarthmore
3589,March 01,Garden State 2025,"('6', '7')",Central Connecticut State,Massachusetts-Lowell
3590,March 01,Garden State 2025,"('8', '7')",Central Connecticut State,Pennsylvania Western
3591,March 01,Garden State 2025,"('7', '8')",Central Connecticut State,Salisbury
3592,March 02,Garden State 2025,"('8', '10')",Central Connecticut State,Cornell [B]
3593,March 02,Garden State 2025,"('8', '2')",Central Connecticut State,Stevens Tech
3594,March 01,Garden State 2025,"('6', '11')",Massachusetts-Lowell,Swarthmore
3595,March 01,Garden State 2025,"('6', '9')",Massachusetts-Lowell,Salisbury
3596,March 01,Garden State 2025,"('7', '6')",Massachusetts-Lowell,Central Connecticut State
3597,March 01,Garden State 2025,"('6', '3')",Massachusetts-Lowell,Pennsylvania Western
3598,March 02,Garden State 2025,"('5', '9')",Massachusetts-Lowell,Stevens Tech
3599,March 02,Garden State 2025,"('15', '1')",Massachusetts-Lowell,Pennsylvania Western
3600,March 01,Garden State 2025,"('6', '8')",Pennsylvania Western,Salisbury
3601,March 01,Garden State 2025,"('5', '10')",Pennsylvania Western,Swarthmore
3602,March 01,Garden State 2025,"('7', '8')",Pennsylvania Western,Central Connecticut State
3603,March 01,Garden State 2025,"('3', '6')",Pennsylvania Western,Massachusetts-Lowell
3604,March 02,Garden State 2025,"('3', '9')",Pennsylvania Western,Cornell [B]
3605,March 02,Garden State 2025,"('1', '15')",Pennsylvania Western,Massachusetts-Lowell
3606,March 01,Garden State 2025,"('12', '4')",Connecticut College,Army
3607,March 01,Garden State 2025,"('14', '4')",Connecticut College,Cornell [B]
3608,March 01,Garden State 2025,"('15', '5')",Connecticut College,Stevens Tech
3609,March 02,Garden State 2025,"('6', '12')",Connecticut College,Bowdoin
3610,March 02,Garden State 2025,"('7', '8')",Connecticut College,Haverford
3611,March 01,Garden State 2025,"('4', '12')",Army,Connecticut College
3612,March 01,Garden State 2025,"('15', '2')",Army,Stevens Tech
3613,March 01,Garden State 2025,"('5', '3')",Army,Cornell [B]
3614,March 02,Garden State 2025,"('4', '13')",Army,Rhode Island
3615,March 02,Garden State 2025,"('7', '12')",Army,Brown [B]
3616,March 01,Garden State 2025,"('15', '3')",Cornell [B],Stevens Tech
3617,March 01,Garden State 2025,"('4', '14')",Cornell [B],Connecticut College
3618,March 01,Garden State 2025,"('3', '5')",Cornell [B],Army
3619,March 02,Garden State 2025,"('9', '3')",Cornell [B],Pennsylvania Western
3620,March 02,Garden State 2025,"('10', '8')",Cornell [B],Central Connecticut State
3621,March 02,Garden State 2025,"('3', '13')",Cornell [B],Swarthmore
3622,March 01,Garden State 2025,"('3', '15')",Stevens Tech,Cornell [B]
3623,March 01,Garden State 2025,"('2', '15')",Stevens Tech,Army
3624,March 01,Garden State 2025,"('5', '15')",Stevens Tech,Connecticut College
3625,March 02,Garden State 2025,"('9', '5')",Stevens Tech,Massachusetts-Lowell
3626,March 02,Garden State 2025,"('7', '11')",Stevens Tech,Swarthmore
3627,March 02,Garden State 2025,"('2', '8')",Stevens Tech,Central Connecticut State
3628,March 01,Joint Summit 2025,"('12', '3')",Central Florida,Georgia Tech [B]
3629,March 01,Joint Summit 2025,"('13', '2')",Central Florida,Clemson [B]
3630,March 01,Joint Summit 2025,"('13', '4')",Central Florida,East Tennessee State
3631,March 01,Joint Summit 2025,"('15', '6')",Central Florida,South Carolina [B]
3632,March 02,Joint Summit 2025,"('15', '11')",Central Florida,Clemson
3633,March 02,Joint Summit 2025,"('15', '12')",Central Florida,North Carolina [B]
3634,March 01,Joint Summit 2025,"('12', '9')",Georgia Tech [B],East Tennessee State
3635,March 01,Joint Summit 2025,"('3', '12')",Georgia Tech [B],Central Florida
3636,March 01,Joint Summit 2025,"('13', '3')",Georgia Tech [B],Clemson [B]
3637,March 01,Joint Summit 2025,"('10', '12')",Georgia Tech [B],Georgia State
3638,March 02,Joint Summit 2025,"('15', '4')",Georgia Tech [B],Clemson [B]
3639,March 02,Joint Summit 2025,"('15', '10')",Georgia Tech [B],East Tennessee State
3640,March 01,Joint Summit 2025,"('9', '12')",East Tennessee State,Georgia Tech [B]
3641,March 01,Joint Summit 2025,"('9', '8')",East Tennessee State,Clemson [B]
3642,March 01,Joint Summit 2025,"('4', '13')",East Tennessee State,Central Florida
3643,March 01,Joint Summit 2025,"('6', '15')",East Tennessee State,Clemson
3644,March 02,Joint Summit 2025,"('15', '10')",East Tennessee State,South Carolina [B]
3645,March 02,Joint Summit 2025,"('10', '15')",East Tennessee State,Georgia Tech [B]
3646,March 01,Joint Summit 2025,"('8', '9')",Clemson [B],East Tennessee State
3647,March 01,Joint Summit 2025,"('2', '13')",Clemson [B],Central Florida
3648,March 01,Joint Summit 2025,"('3', '13')",Clemson [B],Georgia Tech [B]
3649,March 01,Joint Summit 2025,"('4', '15')",Clemson [B],North Carolina [B]
3650,March 02,Joint Summit 2025,"('4', '15')",Clemson [B],Georgia Tech [B]
3651,March 02,Joint Summit 2025,"('9', '12')",Clemson [B],South Carolina [B]
3652,March 01,Joint Summit 2025,"('12', '11')",North Carolina [B],Clemson
3653,March 01,Joint Summit 2025,"('11', '4')",North Carolina [B],South Carolina [B]
3654,March 01,Joint Summit 2025,"('12', '9')",North Carolina [B],Georgia State
3655,March 01,Joint Summit 2025,"('15', '4')",North Carolina [B],Clemson [B]
3656,March 02,Joint Summit 2025,"('15', '10')",North Carolina [B],Georgia State
3657,March 02,Joint Summit 2025,"('12', '15')",North Carolina [B],Central Florida
3658,March 01,Joint Summit 2025,"('11', '12')",Clemson,North Carolina [B]
3659,March 01,Joint Summit 2025,"('13', '1')",Clemson,South Carolina [B]
3660,March 01,Joint Summit 2025,"('12', '7')",Clemson,Georgia State
3661,March 01,Joint Summit 2025,"('15', '6')",Clemson,East Tennessee State
3662,March 02,Joint Summit 2025,"('11', '15')",Clemson,Central Florida
3663,March 02,Joint Summit 2025,"('11', '1')",Clemson,Georgia State
3664,March 01,Joint Summit 2025,"('13', '5')",Georgia State,South Carolina [B]
3665,March 01,Joint Summit 2025,"('7', '12')",Georgia State,Clemson
3666,March 01,Joint Summit 2025,"('9', '12')",Georgia State,North Carolina [B]
3667,March 01,Joint Summit 2025,"('12', '10')",Georgia State,Georgia Tech [B]
3668,March 02,Joint Summit 2025,"('10', '15')",Georgia State,North Carolina [B]
3669,March 02,Joint Summit 2025,"('1', '11')",Georgia State,Clemson
3670,March 01,Joint Summit 2025,"('5', '13')",South Carolina [B],Georgia State
3671,March 01,Joint Summit 2025,"('1', '13')",South Carolina [B],Clemson
3672,March 01,Joint Summit 2025,"('4', '11')",South Carolina [B],North Carolina [B]
3673,March 01,Joint Summit 2025,"('6', '15')",South Carolina [B],Central Florida
3674,March 02,Joint Summit 2025,"('10', '15')",South Carolina [B],East Tennessee State
3675,March 02,Joint Summit 2025,"('12', '9')",South Carolina [B],Clemson [B]
3676,March 01,Oak Creek Challenge 2025,"('11', '9')",Case Western Reserve,RIT
3677,March 01,Oak Creek Challenge 2025,"('13', '0')",Case Western Reserve,SUNY-Cortland
3678,March 01,Oak Creek Challenge 2025,"('10', '6')",Case Western Reserve,Towson
3679,March 02,Oak Creek Challenge 2025,"('12', '7')",Case Western Reserve,Lehigh
3680,March 02,Oak Creek Challenge 2025,"('8', '7')",Case Western Reserve,Johns Hopkins
3681,March 02,Oak Creek Challenge 2025,"('9', '10')",Case Western Reserve,Rutgers
3682,March 01,Oak Creek Challenge 2025,"('13', '1')",Towson,SUNY-Cortland
3683,March 01,Oak Creek Challenge 2025,"('9', '7')",Towson,RIT
3684,March 01,Oak Creek Challenge 2025,"('6', '10')",Towson,Case Western Reserve
3685,March 02,Oak Creek Challenge 2025,"('7', '10')",Towson,Rutgers
3686,March 02,Oak Creek Challenge 2025,"('5', '10')",Towson,RIT
3687,March 02,Oak Creek Challenge 2025,"('7', '10')",Towson,Lehigh
3688,March 01,Oak Creek Challenge 2025,"('9', '11')",RIT,Case Western Reserve
3689,March 01,Oak Creek Challenge 2025,"('7', '9')",RIT,Towson
3690,March 01,Oak Creek Challenge 2025,"('10', '3')",RIT,SUNY-Cortland
3691,March 02,Oak Creek Challenge 2025,"('7', '13')",RIT,Cornell
3692,March 02,Oak Creek Challenge 2025,"('10', '5')",RIT,Towson
3693,March 02,Oak Creek Challenge 2025,"('10', '11')",RIT,West Chester
3694,March 01,Oak Creek Challenge 2025,"('1', '13')",SUNY-Cortland,Towson
3695,March 01,Oak Creek Challenge 2025,"('0', '13')",SUNY-Cortland,Case Western Reserve
3696,March 01,Oak Creek Challenge 2025,"('3', '10')",SUNY-Cortland,RIT
3697,March 02,Oak Creek Challenge 2025,"('5', '11')",SUNY-Cortland,Liberty
3698,March 02,Oak Creek Challenge 2025,"('11', '13')",SUNY-Cortland,SUNY-Albany
3699,March 01,Oak Creek Challenge 2025,"('11', '7')",Cornell,West Chester
3700,March 01,Oak Creek Challenge 2025,"('10', '1')",Cornell,SUNY-Albany
3701,March 01,Oak Creek Challenge 2025,"('13', '2')",Cornell,Liberty
3702,March 02,Oak Creek Challenge 2025,"('13', '7')",Cornell,RIT
3703,March 02,Oak Creek Challenge 2025,"('8', '9')",Cornell,Rutgers
3704,March 02,Oak Creek Challenge 2025,"('13', '5')",Cornell,Johns Hopkins
3705,March 01,Oak Creek Challenge 2025,"('7', '11')",West Chester,Cornell
3706,March 01,Oak Creek Challenge 2025,"('7', '2')",West Chester,Liberty
3707,March 01,Oak Creek Challenge 2025,"('12', '3')",West Chester,SUNY-Albany
3708,March 02,Oak Creek Challenge 2025,"('8', '11')",West Chester,Johns Hopkins
3709,March 02,Oak Creek Challenge 2025,"('9', '7')",West Chester,Lehigh
3710,March 02,Oak Creek Challenge 2025,"('11', '10')",West Chester,RIT
3711,March 01,Oak Creek Challenge 2025,"('10', '7')",Liberty,SUNY-Albany
3712,March 01,Oak Creek Challenge 2025,"('2', '7')",Liberty,West Chester
3713,March 01,Oak Creek Challenge 2025,"('2', '13')",Liberty,Cornell
3714,March 02,Oak Creek Challenge 2025,"('11', '5')",Liberty,SUNY-Cortland
3715,March 02,Oak Creek Challenge 2025,"('8', '7')",Liberty,SUNY-Buffalo
3716,March 02,Oak Creek Challenge 2025,"('11', '4')",Liberty,SUNY-Albany
3717,March 01,Oak Creek Challenge 2025,"('7', '10')",SUNY-Albany,Liberty
3718,March 01,Oak Creek Challenge 2025,"('1', '10')",SUNY-Albany,Cornell
3719,March 01,Oak Creek Challenge 2025,"('3', '12')",SUNY-Albany,West Chester
3720,March 02,Oak Creek Challenge 2025,"('7', '10')",SUNY-Albany,SUNY-Buffalo
3721,March 02,Oak Creek Challenge 2025,"('13', '11')",SUNY-Albany,SUNY-Cortland
3722,March 02,Oak Creek Challenge 2025,"('4', '11')",SUNY-Albany,Liberty
3723,March 01,Oak Creek Challenge 2025,"('10', '8')",Rutgers,Lehigh
3724,March 01,Oak Creek Challenge 2025,"('10', '1')",Rutgers,SUNY-Buffalo
3725,March 01,Oak Creek Challenge 2025,"('13', '3')",Rutgers,Johns Hopkins
3726,March 02,Oak Creek Challenge 2025,"('10', '7')",Rutgers,Towson
3727,March 02,Oak Creek Challenge 2025,"('9', '8')",Rutgers,Cornell
3728,March 02,Oak Creek Challenge 2025,"('10', '9')",Rutgers,Case Western Reserve
3729,March 01,Oak Creek Challenge 2025,"('9', '5')",Johns Hopkins,SUNY-Buffalo
3730,March 01,Oak Creek Challenge 2025,"('5', '3')",Johns Hopkins,Lehigh
3731,March 01,Oak Creek Challenge 2025,"('3', '13')",Johns Hopkins,Rutgers
3732,March 02,Oak Creek Challenge 2025,"('11', '8')",Johns Hopkins,West Chester
3733,March 02,Oak Creek Challenge 2025,"('7', '8')",Johns Hopkins,Case Western Reserve
3734,March 02,Oak Creek Challenge 2025,"('5', '13')",Johns Hopkins,Cornell
3735,March 01,Oak Creek Challenge 2025,"('8', '10')",Lehigh,Rutgers
3736,March 01,Oak Creek Challenge 2025,"('3', '5')",Lehigh,Johns Hopkins
3737,March 01,Oak Creek Challenge 2025,"('10', '5')",Lehigh,SUNY-Buffalo
3738,March 02,Oak Creek Challenge 2025,"('7', '12')",Lehigh,Case Western Reserve
3739,March 02,Oak Creek Challenge 2025,"('7', '9')",Lehigh,West Chester
3740,March 02,Oak Creek Challenge 2025,"('10', '7')",Lehigh,Towson
3741,March 01,Oak Creek Challenge 2025,"('5', '9')",SUNY-Buffalo,Johns Hopkins
3742,March 01,Oak Creek Challenge 2025,"('1', '10')",SUNY-Buffalo,Rutgers
3743,March 01,Oak Creek Challenge 2025,"('5', '10')",SUNY-Buffalo,Lehigh
3744,March 02,Oak Creek Challenge 2025,"('10', '7')",SUNY-Buffalo,SUNY-Albany
3745,March 02,Oak Creek Challenge 2025,"('7', '8')",SUNY-Buffalo,Liberty
3746,March 01,Smoky Mountain Invite 2025,"('13', '6')",Carleton College,Tennessee
3747,March 01,Smoky Mountain Invite 2025,"('13', '12')",Carleton College,Vermont
3748,March 01,Smoky Mountain Invite 2025,"('11', '9')",Carleton College,Oregon State
3749,March 01,Smoky Mountain Invite 2025,"('15', '9')",Carleton College,Penn State
3750,March 02,Smoky Mountain Invite 2025,"('15', '12')",Carleton College,Oregon
3751,March 02,Smoky Mountain Invite 2025,"('13', '15')",Carleton College,Massachusetts
3752,March 02,Smoky Mountain Invite 2025,"('12', '15')",Carleton College,Colorado
3753,March 01,Smoky Mountain Invite 2025,"('10', '9')",Oregon State,Vermont
3754,March 01,Smoky Mountain Invite 2025,"('13', '9')",Oregon State,Tennessee
3755,March 01,Smoky Mountain Invite 2025,"('9', '11')",Oregon State,Carleton College
3756,March 01,Smoky Mountain Invite 2025,"('15', '13')",Oregon State,Brown
3757,March 02,Smoky Mountain Invite 2025,"('11', '15')",Oregon State,North Carolina
3758,March 02,Smoky Mountain Invite 2025,"('15', '14')",Oregon State,Northeastern
3759,March 02,Smoky Mountain Invite 2025,"('12', '15')",Oregon State,Oregon
3760,March 01,Smoky Mountain Invite 2025,"('9', '10')",Vermont,Oregon State
3761,March 01,Smoky Mountain Invite 2025,"('12', '13')",Vermont,Carleton College
3762,March 01,Smoky Mountain Invite 2025,"('13', '7')",Vermont,Tennessee
3763,March 01,Smoky Mountain Invite 2025,"('15', '8')",Vermont,Georgia
3764,March 02,Smoky Mountain Invite 2025,"('10', '15')",Vermont,Massachusetts
3765,March 02,Smoky Mountain Invite 2025,"('14', '15')",Vermont,Oregon
3766,March 02,Smoky Mountain Invite 2025,"('15', '10')",Vermont,Northeastern
3767,March 01,Smoky Mountain Invite 2025,"('6', '13')",Tennessee,Carleton College
3768,March 01,Smoky Mountain Invite 2025,"('9', '13')",Tennessee,Oregon State
3769,March 01,Smoky Mountain Invite 2025,"('7', '13')",Tennessee,Vermont
3770,March 01,Smoky Mountain Invite 2025,"('5', '15')",Tennessee,Colorado
3771,March 02,Smoky Mountain Invite 2025,"('9', '15')",Tennessee,Texas
3772,March 02,Smoky Mountain Invite 2025,"('6', '15')",Tennessee,Minnesota
3773,March 02,Smoky Mountain Invite 2025,"('4', '15')",Tennessee,Georgia
3774,March 01,Smoky Mountain Invite 2025,"('13', '6')",North Carolina,Pittsburgh
3775,March 01,Smoky Mountain Invite 2025,"('13', '7')",North Carolina,Northeastern
3776,March 01,Smoky Mountain Invite 2025,"('13', '10')",North Carolina,Oregon
3777,March 01,Smoky Mountain Invite 2025,"('15', '10')",North Carolina,Minnesota
3778,March 02,Smoky Mountain Invite 2025,"('15', '11')",North Carolina,Oregon State
3779,March 02,Smoky Mountain Invite 2025,"('15', '14')",North Carolina,Colorado
3780,March 02,Smoky Mountain Invite 2025,"('15', '14')",North Carolina,Massachusetts
3781,March 01,Smoky Mountain Invite 2025,"('12', '9')",Oregon,Northeastern
3782,March 01,Smoky Mountain Invite 2025,"('13', '10')",Oregon,Pittsburgh
3783,March 01,Smoky Mountain Invite 2025,"('10', '13')",Oregon,North Carolina
3784,March 01,Smoky Mountain Invite 2025,"('15', '9')",Oregon,Georgia Tech
3785,March 02,Smoky Mountain Invite 2025,"('12', '15')",Oregon,Carleton College
3786,March 02,Smoky Mountain Invite 2025,"('15', '14')",Oregon,Vermont
3787,March 02,Smoky Mountain Invite 2025,"('15', '12')",Oregon,Oregon State
3788,March 01,Smoky Mountain Invite 2025,"('9', '12')",Northeastern,Oregon
3789,March 01,Smoky Mountain Invite 2025,"('7', '13')",Northeastern,North Carolina
3790,March 01,Smoky Mountain Invite 2025,"('10', '9')",Northeastern,Pittsburgh
3791,March 01,Smoky Mountain Invite 2025,"('15', '12')",Northeastern,Texas
3792,March 02,Smoky Mountain Invite 2025,"('9', '15')",Northeastern,Colorado
3793,March 02,Smoky Mountain Invite 2025,"('14', '15')",Northeastern,Oregon State
3794,March 02,Smoky Mountain Invite 2025,"('10', '15')",Northeastern,Vermont
3795,March 01,Smoky Mountain Invite 2025,"('6', '13')",Pittsburgh,North Carolina
3796,March 01,Smoky Mountain Invite 2025,"('10', '13')",Pittsburgh,Oregon
3797,March 01,Smoky Mountain Invite 2025,"('9', '10')",Pittsburgh,Northeastern
3798,March 01,Smoky Mountain Invite 2025,"('8', '15')",Pittsburgh,Massachusetts
3799,March 02,Smoky Mountain Invite 2025,"('15', '10')",Pittsburgh,Georgia
3800,March 02,Smoky Mountain Invite 2025,"('15', '14')",Pittsburgh,Penn State
3801,March 02,Smoky Mountain Invite 2025,"('12', '15')",Pittsburgh,Brown
3802,March 01,Smoky Mountain Invite 2025,"('13', '11')",Colorado,Brown
3803,March 01,Smoky Mountain Invite 2025,"('11', '7')",Colorado,Penn State
3804,March 01,Smoky Mountain Invite 2025,"('11', '10')",Colorado,Georgia
3805,March 01,Smoky Mountain Invite 2025,"('15', '5')",Colorado,Tennessee
3806,March 02,Smoky Mountain Invite 2025,"('15', '9')",Colorado,Northeastern
3807,March 02,Smoky Mountain Invite 2025,"('14', '15')",Colorado,North Carolina
3808,March 02,Smoky Mountain Invite 2025,"('15', '12')",Colorado,Carleton College
3809,March 01,Smoky Mountain Invite 2025,"('13', '12')",Georgia,Penn State
3810,March 01,Smoky Mountain Invite 2025,"('12', '11')",Georgia,Brown
3811,March 01,Smoky Mountain Invite 2025,"('10', '11')",Georgia,Colorado
3812,March 01,Smoky Mountain Invite 2025,"('8', '15')",Georgia,Vermont
3813,March 02,Smoky Mountain Invite 2025,"('10', '15')",Georgia,Pittsburgh
3814,March 02,Smoky Mountain Invite 2025,"('13', '14')",Georgia,Georgia Tech
3815,March 02,Smoky Mountain Invite 2025,"('15', '4')",Georgia,Tennessee
3816,March 01,Smoky Mountain Invite 2025,"('11', '13')",Brown,Colorado
3817,March 01,Smoky Mountain Invite 2025,"('11', '12')",Brown,Georgia
3818,March 01,Smoky Mountain Invite 2025,"('13', '11')",Brown,Penn State
3819,March 01,Smoky Mountain Invite 2025,"('13', '15')",Brown,Oregon State
3820,March 02,Smoky Mountain Invite 2025,"('15', '11')",Brown,Minnesota
3821,March 02,Smoky Mountain Invite 2025,"('15', '13')",Brown,Texas
3822,March 02,Smoky Mountain Invite 2025,"('15', '12')",Brown,Pittsburgh
3823,March 01,Smoky Mountain Invite 2025,"('12', '13')",Penn State,Georgia
3824,March 01,Smoky Mountain Invite 2025,"('7', '11')",Penn State,Colorado
3825,March 01,Smoky Mountain Invite 2025,"('11', '13')",Penn State,Brown
3826,March 01,Smoky Mountain Invite 2025,"('9', '15')",Penn State,Carleton College
3827,March 02,Smoky Mountain Invite 2025,"('14', '10')",Penn State,Georgia Tech
3828,March 02,Smoky Mountain Invite 2025,"('14', '15')",Penn State,Pittsburgh
3829,March 02,Smoky Mountain Invite 2025,"('12', '15')",Penn State,Texas
3830,March 01,Smoky Mountain Invite 2025,"('13', '4')",Massachusetts,Minnesota
3831,March 01,Smoky Mountain Invite 2025,"('11', '9')",Massachusetts,Georgia Tech
3832,March 01,Smoky Mountain Invite 2025,"('13', '12')",Massachusetts,Texas
3833,March 01,Smoky Mountain Invite 2025,"('15', '8')",Massachusetts,Pittsburgh
3834,March 02,Smoky Mountain Invite 2025,"('15', '10')",Massachusetts,Vermont
3835,March 02,Smoky Mountain Invite 2025,"('15', '13')",Massachusetts,Carleton College
3836,March 02,Smoky Mountain Invite 2025,"('14', '15')",Massachusetts,North Carolina
3837,March 01,Smoky Mountain Invite 2025,"('11', '13')",Texas,Georgia Tech
3838,March 01,Smoky Mountain Invite 2025,"('13', '5')",Texas,Minnesota
3839,March 01,Smoky Mountain Invite 2025,"('12', '13')",Texas,Massachusetts
3840,March 01,Smoky Mountain Invite 2025,"('12', '15')",Texas,Northeastern
3841,March 02,Smoky Mountain Invite 2025,"('15', '9')",Texas,Tennessee
3842,March 02,Smoky Mountain Invite 2025,"('13', '15')",Texas,Brown
3843,March 02,Smoky Mountain Invite 2025,"('15', '12')",Texas,Penn State
3844,March 01,Smoky Mountain Invite 2025,"('13', '11')",Georgia Tech,Texas
3845,March 01,Smoky Mountain Invite 2025,"('9', '11')",Georgia Tech,Massachusetts
3846,March 01,Smoky Mountain Invite 2025,"('12', '13')",Georgia Tech,Minnesota
3847,March 01,Smoky Mountain Invite 2025,"('9', '15')",Georgia Tech,Oregon
3848,March 02,Smoky Mountain Invite 2025,"('10', '14')",Georgia Tech,Penn State
3849,March 02,Smoky Mountain Invite 2025,"('14', '13')",Georgia Tech,Georgia
3850,March 02,Smoky Mountain Invite 2025,"('15', '13')",Georgia Tech,Minnesota
3851,March 01,Smoky Mountain Invite 2025,"('4', '13')",Minnesota,Massachusetts
3852,March 01,Smoky Mountain Invite 2025,"('5', '13')",Minnesota,Texas
3853,March 01,Smoky Mountain Invite 2025,"('13', '12')",Minnesota,Georgia Tech
3854,March 01,Smoky Mountain Invite 2025,"('10', '15')",Minnesota,North Carolina
3855,March 02,Smoky Mountain Invite 2025,"('11', '15')",Minnesota,Brown
3856,March 02,Smoky Mountain Invite 2025,"('15', '6')",Minnesota,Tennessee
3857,March 02,Smoky Mountain Invite 2025,"('13', '15')",Minnesota,Georgia Tech
3858,March 01,The Dayton Ultimate Disc Experience (DUDE),"('13', '1')",Miami University,Case Western Reserve [B]
3859,March 01,The Dayton Ultimate Disc Experience (DUDE),"('11', '2')",Miami University,SUNY-Buffalo [B]
3860,March 01,The Dayton Ultimate Disc Experience (DUDE),"('13', '2')",Miami University,Dayton [B]
3861,March 01,The Dayton Ultimate Disc Experience (DUDE),"('13', '4')",Miami University,Ball State
3862,March 02,The Dayton Ultimate Disc Experience (DUDE),"('13', '8')",Miami University,Cincinnati [B]
3863,March 02,The Dayton Ultimate Disc Experience (DUDE),"('15', '9')",Miami University,Wooster
3864,March 02,The Dayton Ultimate Disc Experience (DUDE),"('10', '14')",Miami University,Dayton
3865,March 01,The Dayton Ultimate Disc Experience (DUDE),"('10', '6')",Ball State,Dayton [B]
3866,March 01,The Dayton Ultimate Disc Experience (DUDE),"('9', '7')",Ball State,SUNY-Buffalo [B]
3867,March 01,The Dayton Ultimate Disc Experience (DUDE),"('8', '3')",Ball State,Case Western Reserve [B]
3868,March 01,The Dayton Ultimate Disc Experience (DUDE),"('4', '13')",Ball State,Miami University (Ohio)
3869,March 02,The Dayton Ultimate Disc Experience (DUDE),"('11', '12')",Ball State,Wright State
3870,March 02,The Dayton Ultimate Disc Experience (DUDE),"('7', '11')",Ball State,Case Western Reserve [B]
3871,March 01,The Dayton Ultimate Disc Experience (DUDE),"('1', '13')",Case Western Reserve [B],Miami University (Ohio)
3872,March 01,The Dayton Ultimate Disc Experience (DUDE),"('7', '4')",Case Western Reserve [B],Dayton [B]
3873,March 01,The Dayton Ultimate Disc Experience (DUDE),"('3', '8')",Case Western Reserve [B],Ball State
3874,March 01,The Dayton Ultimate Disc Experience (DUDE),"('7', '6')",Case Western Reserve [B],SUNY-Buffalo [B]
3875,March 02,The Dayton Ultimate Disc Experience (DUDE),"('9', '13')",Case Western Reserve [B],Wooster
3876,March 02,The Dayton Ultimate Disc Experience (DUDE),"('11', '7')",Case Western Reserve [B],Ball State
3877,March 01,The Dayton Ultimate Disc Experience (DUDE),"('7', '6')",Dayton [B],SUNY-Buffalo [B]
3878,March 01,The Dayton Ultimate Disc Experience (DUDE),"('6', '10')",Dayton [B],Ball State
3879,March 01,The Dayton Ultimate Disc Experience (DUDE),"('4', '7')",Dayton [B],Case Western Reserve [B]
3880,March 01,The Dayton Ultimate Disc Experience (DUDE),"('2', '13')",Dayton [B],Miami University (Ohio)
3881,March 02,The Dayton Ultimate Disc Experience (DUDE),"('2', '15')",Dayton [B],Dayton
3882,March 02,The Dayton Ultimate Disc Experience (DUDE),"('12', '9')",Dayton [B],SUNY-Buffalo [B]
3883,March 01,The Dayton Ultimate Disc Experience (DUDE),"('6', '7')",SUNYuffalo [B],Dayton [B]
3884,March 01,The Dayton Ultimate Disc Experience (DUDE),"('2', '11')",SUNYuffalo [B],Miami University (Ohio)
3885,March 01,The Dayton Ultimate Disc Experience (DUDE),"('7', '9')",SUNYuffalo [B],Ball State
3886,March 01,The Dayton Ultimate Disc Experience (DUDE),"('6', '7')",SUNYuffalo [B],Case Western Reserve [B]
3887,March 02,The Dayton Ultimate Disc Experience (DUDE),"('8', '13')",SUNYuffalo [B],Cincinnati [B]
3888,March 02,The Dayton Ultimate Disc Experience (DUDE),"('9', '12')",SUNYuffalo [B],Dayton [B]
3889,March 01,The Dayton Ultimate Disc Experience (DUDE),"('15', '3')",Dayton,Cincinnati [B]
3890,March 01,The Dayton Ultimate Disc Experience (DUDE),"('15', '6')",Dayton,Wooster
3891,March 01,The Dayton Ultimate Disc Experience (DUDE),"('15', '4')",Dayton,Wright State
3892,March 02,The Dayton Ultimate Disc Experience (DUDE),"('15', '2')",Dayton,Dayton [B]
3893,March 02,The Dayton Ultimate Disc Experience (DUDE),"('15', '2')",Dayton,Wright State
3894,March 02,The Dayton Ultimate Disc Experience (DUDE),"('14', '10')",Dayton,Miami University (Ohio)
3895,March 01,The Dayton Ultimate Disc Experience (DUDE),"('15', '3')",Wooster,Wright State
3896,March 01,The Dayton Ultimate Disc Experience (DUDE),"('6', '15')",Wooster,Dayton
3897,March 01,The Dayton Ultimate Disc Experience (DUDE),"('9', '7')",Wooster,Cincinnati [B]
3898,March 02,The Dayton Ultimate Disc Experience (DUDE),"('13', '9')",Wooster,Case Western Reserve [B]
3899,March 02,The Dayton Ultimate Disc Experience (DUDE),"('9', '15')",Wooster,Miami University (Ohio)
3900,March 02,The Dayton Ultimate Disc Experience (DUDE),"('14', '11')",Wooster,Wright State
3901,March 01,The Dayton Ultimate Disc Experience (DUDE),"('3', '15')",Wright State,Wooster
3902,March 01,The Dayton Ultimate Disc Experience (DUDE),"('15', '7')",Wright State,Cincinnati [B]
3903,March 01,The Dayton Ultimate Disc Experience (DUDE),"('4', '15')",Wright State,Dayton
3904,March 02,The Dayton Ultimate Disc Experience (DUDE),"('12', '11')",Wright State,Ball State
3905,March 02,The Dayton Ultimate Disc Experience (DUDE),"('2', '15')",Wright State,Dayton
3906,March 02,The Dayton Ultimate Disc Experience (DUDE),"('11', '14')",Wright State,Wooster
3907,March 01,The Dayton Ultimate Disc Experience (DUDE),"('3', '15')",Cincinnati  [B],Dayton
3908,March 01,The Dayton Ultimate Disc Experience (DUDE),"('7', '15')",Cincinnati  [B],Wright State
3909,March 01,The Dayton Ultimate Disc Experience (DUDE),"('7', '9')",Cincinnati  [B],Wooster
3910,March 02,The Dayton Ultimate Disc Experience (DUDE),"('8', '13')",Cincinnati  [B],Miami University (Ohio)
3911,March 02,The Dayton Ultimate Disc Experience (DUDE),"('13', '8')",Cincinnati  [B],SUNY-Buffalo [B]
3912,March 01,D-III River City Showdown 2025,"('12', '11')",Franciscan University of Steubenville,Kenyon
3913,March 01,D-III River City Showdown 2025,"('13', '3')",Franciscan University of Steubenville,North Carolina-Asheville
3914,March 01,D-III River City Showdown 2025,"('12', '8')",Franciscan University of Steubenville,Michigan Tech
3915,March 02,D-III River City Showdown 2025,"('13', '9')",Franciscan University of Steubenville,Oberlin
3916,March 02,D-III River City Showdown 2025,"('10', '9')",Franciscan University of Steubenville,Elon
3917,March 02,D-III River City Showdown 2025,"('13', '10')",Franciscan University of Steubenville,North Carolina-Asheville
3918,March 01,D-III River City Showdown 2025,"('13', '10')",North Carolina-Asheville,Michigan Tech
3919,March 01,D-III River City Showdown 2025,"('3', '13')",North Carolina-Asheville,Franciscan University of Steubenville
3920,March 01,D-III River City Showdown 2025,"('10', '5')",North Carolina-Asheville,Kenyon
3921,March 01,D-III River City Showdown 2025,"('13', '11')",North Carolina-Asheville,Brandeis
3922,March 02,D-III River City Showdown 2025,"('11', '9')",North Carolina-Asheville,Carleton College-CHOP
3923,March 02,D-III River City Showdown 2025,"('12', '11')",North Carolina-Asheville,Rochester
3924,March 02,D-III River City Showdown 2025,"('10', '13')",North Carolina-Asheville,Franciscan University of Steubenville
3925,March 01,D-III River City Showdown 2025,"('11', '12')",Kenyon,Franciscan University of Steubenville
3926,March 01,D-III River City Showdown 2025,"('9', '7')",Kenyon,Michigan Tech
3927,March 01,D-III River City Showdown 2025,"('5', '10')",Kenyon,North Carolina-Asheville
3928,March 01,D-III River City Showdown 2025,"('3', '13')",Kenyon,Rochester
3929,March 02,D-III River City Showdown 2025,"('13', '6')",Kenyon,Navy
3930,March 02,D-III River City Showdown 2025,"('12', '11')",Kenyon,Messiah
3931,March 02,D-III River City Showdown 2025,"('9', '10')",Kenyon,Davidson
3932,March 01,D-III River City Showdown 2025,"('10', '13')",Michigan Tech,North Carolina-Asheville
3933,March 01,D-III River City Showdown 2025,"('7', '9')",Michigan Tech,Kenyon
3934,March 01,D-III River City Showdown 2025,"('8', '12')",Michigan Tech,Franciscan University of Steubenville
3935,March 02,D-III River City Showdown 2025,"('10', '11')",Michigan Tech,Davidson
3936,March 02,D-III River City Showdown 2025,"('13', '9')",Michigan Tech,Air Force
3937,March 02,D-III River City Showdown 2025,"('11', '7')",Michigan Tech,Brandeis
3938,March 01,D-III River City Showdown 2025,"('13', '2')",Carleton College-CHOP,Air Force
3939,March 01,D-III River City Showdown 2025,"('13', '2')",Carleton College-CHOP,Navy
3940,March 01,D-III River City Showdown 2025,"('13', '6')",Carleton College-CHOP,Oberlin
3941,March 02,D-III River City Showdown 2025,"('9', '11')",Carleton College-CHOP,North Carolina-Asheville
3942,March 02,D-III River City Showdown 2025,"('11', '10')",Carleton College-CHOP,Richmond
3943,March 02,D-III River City Showdown 2025,"('13', '8')",Carleton College-CHOP,Puget Sound
3944,March 01,D-III River City Showdown 2025,"('13', '5')",Oberlin,Navy
3945,March 01,D-III River City Showdown 2025,"('13', '9')",Oberlin,Air Force
3946,March 01,D-III River City Showdown 2025,"('6', '13')",Oberlin,Carleton College-CHOP
3947,March 01,D-III River City Showdown 2025,"('13', '10')",Oberlin,Davidson
3948,March 02,D-III River City Showdown 2025,"('9', '13')",Oberlin,Franciscan University of Steubenville
3949,March 02,D-III River City Showdown 2025,"('11', '9')",Oberlin,Richmond
3950,March 02,D-III River City Showdown 2025,"('13', '11')",Oberlin,Puget Sound
3951,March 01,D-III River City Showdown 2025,"('2', '13')",Air Force,Carleton College-CHOP
3952,March 01,D-III River City Showdown 2025,"('9', '13')",Air Force,Oberlin
3953,March 01,D-III River City Showdown 2025,"('11', '10')",Air Force,Navy
3954,March 01,D-III River City Showdown 2025,"('4', '13')",Air Force,Puget Sound
3955,March 02,D-III River City Showdown 2025,"('9', '11')",Air Force,Xavier
3956,March 02,D-III River City Showdown 2025,"('9', '13')",Air Force,Michigan Tech
3957,March 01,D-III River City Showdown 2025,"('5', '13')",Navy,Oberlin
3958,March 01,D-III River City Showdown 2025,"('2', '13')",Navy,Carleton College-CHOP
3959,March 01,D-III River City Showdown 2025,"('10', '11')",Navy,Air Force
3960,March 02,D-III River City Showdown 2025,"('6', '13')",Navy,Kenyon
3961,March 02,D-III River City Showdown 2025,"('3', '11')",Navy,Brandeis
3962,February 28,D-III River City Showdown 2025,"('13', '7')",Richmond,Davidson
3963,March 01,D-III River City Showdown 2025,"('13', '7')",Richmond,Messiah
3964,March 01,D-III River City Showdown 2025,"('11', '7')",Richmond,Puget Sound
3965,March 02,D-III River City Showdown 2025,"('9', '13')",Richmond,Rochester
3966,March 02,D-III River City Showdown 2025,"('9', '11')",Richmond,Oberlin
3967,March 02,D-III River City Showdown 2025,"('10', '11')",Richmond,Carleton College-CHOP
3968,March 01,D-III River City Showdown 2025,"('13', '9')",Puget Sound,Messiah
3969,March 01,D-III River City Showdown 2025,"('10', '7')",Puget Sound,Davidson
3970,March 01,D-III River City Showdown 2025,"('7', '11')",Puget Sound,Richmond
3971,March 01,D-III River City Showdown 2025,"('13', '4')",Puget Sound,Air Force
3972,March 02,D-III River City Showdown 2025,"('3', '13')",Puget Sound,Elon
3973,March 02,D-III River City Showdown 2025,"('8', '13')",Puget Sound,Carleton College-CHOP
3974,March 02,D-III River City Showdown 2025,"('11', '13')",Puget Sound,Oberlin
3975,February 28,D-III River City Showdown 2025,"('7', '13')",Davidson,Richmond
3976,March 01,D-III River City Showdown 2025,"('7', '10')",Davidson,Puget Sound
3977,March 01,D-III River City Showdown 2025,"('11', '10')",Davidson,Messiah
3978,March 01,D-III River City Showdown 2025,"('10', '13')",Davidson,Oberlin
3979,March 02,D-III River City Showdown 2025,"('11', '10')",Davidson,Michigan Tech
3980,March 02,D-III River City Showdown 2025,"('10', '9')",Davidson,Xavier
3981,March 02,D-III River City Showdown 2025,"('10', '9')",Davidson,Kenyon
3982,March 01,D-III River City Showdown 2025,"('9', '13')",Messiah,Puget Sound
3983,March 01,D-III River City Showdown 2025,"('7', '13')",Messiah,Richmond
3984,March 01,D-III River City Showdown 2025,"('10', '11')",Messiah,Davidson
3985,March 02,D-III River City Showdown 2025,"('11', '10')",Messiah,Brandeis
3986,March 02,D-III River City Showdown 2025,"('11', '12')",Messiah,Kenyon
3987,March 02,D-III River City Showdown 2025,"('13', '6')",Messiah,Xavier
3988,March 01,D-III River City Showdown 2025,"('13', '4')",Elon,Xavier
3989,March 01,D-III River City Showdown 2025,"('13', '4')",Elon,Brandeis
3990,March 01,D-III River City Showdown 2025,"('13', '5')",Elon,Rochester
3991,March 02,D-III River City Showdown 2025,"('13', '3')",Elon,Puget Sound
3992,March 02,D-III River City Showdown 2025,"('9', '10')",Elon,Franciscan University of Steubenville
3993,March 02,D-III River City Showdown 2025,"('12', '8')",Elon,Rochester
3994,March 01,D-III River City Showdown 2025,"('11', '10')",Rochester,Brandeis
3995,March 01,D-III River City Showdown 2025,"('11', '7')",Rochester,Xavier
3996,March 01,D-III River City Showdown 2025,"('5', '13')",Rochester,Elon
3997,March 01,D-III River City Showdown 2025,"('13', '3')",Rochester,Kenyon
3998,March 02,D-III River City Showdown 2025,"('13', '9')",Rochester,Richmond
3999,March 02,D-III River City Showdown 2025,"('11', '12')",Rochester,North Carolina-Asheville
4000,March 02,D-III River City Showdown 2025,"('8', '12')",Rochester,Elon
4001,March 01,D-III River City Showdown 2025,"('10', '11')",Brandeis,Rochester
4002,March 01,D-III River City Showdown 2025,"('4', '13')",Brandeis,Elon
4003,March 01,D-III River City Showdown 2025,"('13', '6')",Brandeis,Xavier
4004,March 01,D-III River City Showdown 2025,"('11', '13')",Brandeis,North Carolina-Asheville
4005,March 02,D-III River City Showdown 2025,"('10', '11')",Brandeis,Messiah
4006,March 02,D-III River City Showdown 2025,"('11', '3')",Brandeis,Navy
4007,March 02,D-III River City Showdown 2025,"('7', '11')",Brandeis,Michigan Tech
4008,March 01,D-III River City Showdown 2025,"('4', '13')",Xavier,Elon
4009,March 01,D-III River City Showdown 2025,"('7', '11')",Xavier,Rochester
4010,March 01,D-III River City Showdown 2025,"('6', '13')",Xavier,Brandeis
4011,March 02,D-III River City Showdown 2025,"('11', '9')",Xavier,Air Force
4012,March 02,D-III River City Showdown 2025,"('9', '10')",Xavier,Davidson
4013,March 02,D-III River City Showdown 2025,"('6', '13')",Xavier,Messiah
4014,February 22,Bring The Huckus 2025,"('13', '1')",Ithaca,Hofstra
4015,February 22,Bring The Huckus 2025,"('12', '5')",Ithaca,Haverford
4016,February 22,Bring The Huckus 2025,"('11', '9')",Ithaca,Delaware
4017,February 23,Bring The Huckus 2025,"('13', '6')",Ithaca,Colby
4018,February 23,Bring The Huckus 2025,"('10', '13')",Ithaca,Dickinson
4019,February 23,Bring The Huckus 2025,"('5', '9')",Ithaca,Haverford
4020,February 22,Bring The Huckus 2025,"('9', '8')",Haverford,Delaware
4021,February 22,Bring The Huckus 2025,"('5', '12')",Haverford,Ithaca
4022,February 22,Bring The Huckus 2025,"('13', '3')",Haverford,Hofstra
4023,February 23,Bring The Huckus 2025,"('10', '8')",Haverford,MIT
4024,February 23,Bring The Huckus 2025,"('8', '12')",Haverford,West Chester
4025,February 23,Bring The Huckus 2025,"('9', '5')",Haverford,Ithaca
4026,February 22,Bring The Huckus 2025,"('8', '9')",Delaware,Haverford
4027,February 22,Bring The Huckus 2025,"('10', '3')",Delaware,Hofstra
4028,February 22,Bring The Huckus 2025,"('9', '11')",Delaware,Ithaca
4029,February 22,Bring The Huckus 2025,"('10', '6')",Delaware,Rowan
4030,February 23,Bring The Huckus 2025,"('8', '13')",Delaware,Dickinson
4031,February 23,Bring The Huckus 2025,"('8', '7')",Delaware,Colby
4032,February 23,Bring The Huckus 2025,"('11', '5')",Delaware,MIT
4033,February 22,Bring The Huckus 2025,"('1', '13')",Hofstra,Ithaca
4034,February 22,Bring The Huckus 2025,"('3', '10')",Hofstra,Delaware
4035,February 22,Bring The Huckus 2025,"('3', '13')",Hofstra,Haverford
4036,February 22,Bring The Huckus 2025,"('7', '13')",Hofstra,Skidmore
4037,February 23,Bring The Huckus 2025,"('3', '7')",Hofstra,Connecticut [B]
4038,February 23,Bring The Huckus 2025,"('9', '7')",Hofstra,Delaware [B]
4039,February 23,Bring The Huckus 2025,"('6', '9')",Hofstra,Rowan
4040,February 22,Bring The Huckus 2025,"('9', '8')",West Chester,Dickinson
4041,February 22,Bring The Huckus 2025,"('9', '5')",West Chester,Colby
4042,February 22,Bring The Huckus 2025,"('8', '7')",West Chester,MIT
4043,February 23,Bring The Huckus 2025,"('15', '9')",West Chester,Skidmore
4044,February 23,Bring The Huckus 2025,"('12', '8')",West Chester,Haverford
4045,February 23,Bring The Huckus 2025,"('14', '15')",West Chester,Dickinson
4046,February 22,Bring The Huckus 2025,"('8', '9')",Dickinson,West Chester
4047,February 22,Bring The Huckus 2025,"('9', '7')",Dickinson,MIT
4048,February 22,Bring The Huckus 2025,"('13', '5')",Dickinson,Colby
4049,February 23,Bring The Huckus 2025,"('13', '8')",Dickinson,Delaware
4050,February 23,Bring The Huckus 2025,"('13', '10')",Dickinson,Ithaca
4051,February 23,Bring The Huckus 2025,"('15', '14')",Dickinson,West Chester
4052,February 22,Bring The Huckus 2025,"('8', '6')",MIT,Colby
4053,February 22,Bring The Huckus 2025,"('7', '9')",MIT,Dickinson
4054,February 22,Bring The Huckus 2025,"('7', '8')",MIT,West Chester
4055,February 22,Bring The Huckus 2025,"('10', '9')",MIT,SUNY-Geneseo
4056,February 23,Bring The Huckus 2025,"('8', '10')",MIT,Haverford
4057,February 23,Bring The Huckus 2025,"('13', '12')",MIT,Skidmore
4058,February 23,Bring The Huckus 2025,"('5', '11')",MIT,Delaware
4059,February 22,Bring The Huckus 2025,"('6', '8')",Colby,MIT
4060,February 22,Bring The Huckus 2025,"('5', '9')",Colby,West Chester
4061,February 22,Bring The Huckus 2025,"('5', '13')",Colby,Dickinson
4062,February 22,Bring The Huckus 2025,"('9', '6')",Colby,Drexel
4063,February 23,Bring The Huckus 2025,"('6', '13')",Colby,Ithaca
4064,February 23,Bring The Huckus 2025,"('7', '8')",Colby,Delaware
4065,February 23,Bring The Huckus 2025,"('8', '3')",Colby,Skidmore
4066,February 22,Bring The Huckus 2025,"('9', '6')",Skidmore,Delaware [B]
4067,February 22,Bring The Huckus 2025,"('9', '4')",Skidmore,Lehigh [B]
4068,February 22,Bring The Huckus 2025,"('9', '8')",Skidmore,Rowan
4069,February 22,Bring The Huckus 2025,"('13', '7')",Skidmore,Hofstra
4070,February 23,Bring The Huckus 2025,"('9', '15')",Skidmore,West Chester
4071,February 23,Bring The Huckus 2025,"('12', '13')",Skidmore,MIT
4072,February 23,Bring The Huckus 2025,"('3', '8')",Skidmore,Colby
4073,February 22,Bring The Huckus 2025,"('6', '7')",Rowan,Lehigh [B]
4074,February 22,Bring The Huckus 2025,"('13', '5')",Rowan,Delaware [B]
4075,February 22,Bring The Huckus 2025,"('8', '9')",Rowan,Skidmore
4076,February 22,Bring The Huckus 2025,"('6', '10')",Rowan,Delaware
4077,February 23,Bring The Huckus 2025,"('2', '4')",Rowan,West Chester [B]
4078,February 23,Bring The Huckus 2025,"('12', '2')",Rowan,Lehigh [B]
4079,February 23,Bring The Huckus 2025,"('9', '6')",Rowan,Hofstra
4080,February 22,Bring The Huckus 2025,"('7', '8')",Delaware [B],SUNY-Geneseo
4081,February 22,Bring The Huckus 2025,"('6', '9')",Delaware [B],Skidmore
4082,February 22,Bring The Huckus 2025,"('5', '13')",Delaware [B],Rowan
4083,February 22,Bring The Huckus 2025,"('13', '3')",Delaware [B],Lehigh [B]
4084,February 23,Bring The Huckus 2025,"('7', '9')",Delaware [B],Hofstra
4085,February 22,Bring The Huckus 2025,"('7', '6')",Lehigh [B],Rowan
4086,February 22,Bring The Huckus 2025,"('4', '9')",Lehigh [B],Skidmore
4087,February 22,Bring The Huckus 2025,"('3', '13')",Lehigh [B],Delaware [B]
4088,February 23,Bring The Huckus 2025,"('2', '11')",Lehigh [B],Drexel
4089,February 23,Bring The Huckus 2025,"('2', '12')",Lehigh [B],Rowan
4090,February 22,Bring The Huckus 2025,"('8', '6')",Drexel,Connecticut [B]
4091,February 22,Bring The Huckus 2025,"('8', '6')",Drexel,SUNY-Geneseo
4092,February 22,Bring The Huckus 2025,"('12', '4')",Drexel,West Chester [B]
4093,February 22,Bring The Huckus 2025,"('6', '9')",Drexel,Colby
4094,February 23,Bring The Huckus 2025,"('11', '2')",Drexel,Lehigh [B]
4095,February 23,Bring The Huckus 2025,"('10', '5')",Drexel,West Chester [B]
4096,February 23,Bring The Huckus 2025,"('7', '4')",Drexel,SUNY-Geneseo
4097,February 22,Bring The Huckus 2025,"('8', '7')",SUNY-Geneseo,Delaware [B]
4098,February 22,Bring The Huckus 2025,"('13', '3')",SUNY-Geneseo,West Chester [B]
4099,February 22,Bring The Huckus 2025,"('6', '8')",SUNY-Geneseo,Drexel
4100,February 22,Bring The Huckus 2025,"('9', '7')",SUNY-Geneseo,Connecticut [B]
4101,February 22,Bring The Huckus 2025,"('9', '10')",SUNY-Geneseo,MIT
4102,February 23,Bring The Huckus 2025,"('11', '5')",SUNY-Geneseo,Connecticut [B]
4103,February 23,Bring The Huckus 2025,"('4', '7')",SUNY-Geneseo,Drexel
4104,February 22,Bring The Huckus 2025,"('3', '13')",West Chester [B],SUNY-Geneseo
4105,February 22,Bring The Huckus 2025,"('10', '8')",West Chester [B],Connecticut [B]
4106,February 22,Bring The Huckus 2025,"('4', '12')",West Chester [B],Drexel
4107,February 23,Bring The Huckus 2025,"('4', '2')",West Chester [B],Rowan
4108,February 23,Bring The Huckus 2025,"('5', '10')",West Chester [B],Drexel
4109,February 22,Bring The Huckus 2025,"('6', '8')",Connecticut [B],Drexel
4110,February 22,Bring The Huckus 2025,"('8', '10')",Connecticut [B],West Chester [B]
4111,February 22,Bring The Huckus 2025,"('7', '9')",Connecticut [B],SUNY-Geneseo
4112,February 23,Bring The Huckus 2025,"('7', '3')",Connecticut [B],Hofstra
4113,February 23,Bring The Huckus 2025,"('5', '11')",Connecticut [B],SUNY-Geneseo
4114,February 22,Easterns Qualifier 2025,"('12', '9')",South Carolina,SUNY-Binghamton
4115,February 22,Easterns Qualifier 2025,"('13', '10')",South Carolina,James Madison
4116,February 22,Easterns Qualifier 2025,"('13', '6')",South Carolina,Notre Dame
4117,February 22,Easterns Qualifier 2025,"('13', '7')",South Carolina,Auburn
4118,February 23,Easterns Qualifier 2025,"('12', '15')",South Carolina,William & Mary
4119,February 23,Easterns Qualifier 2025,"('14', '11')",South Carolina,McGill
4120,February 23,Easterns Qualifier 2025,"('15', '13')",South Carolina,Emory
4121,February 22,Easterns Qualifier 2025,"('13', '11')",James Madison,Notre Dame
4122,February 22,Easterns Qualifier 2025,"('10', '13')",James Madison,South Carolina
4123,February 22,Easterns Qualifier 2025,"('11', '10')",James Madison,Auburn
4124,February 22,Easterns Qualifier 2025,"('13', '6')",James Madison,SUNY-Binghamton
4125,February 23,Easterns Qualifier 2025,"('13', '12')",James Madison,Indiana
4126,February 23,Easterns Qualifier 2025,"('14', '13')",James Madison,Virginia
4127,February 23,Easterns Qualifier 2025,"('6', '15')",James Madison,North Carolina-Wilmington
4128,February 22,Easterns Qualifier 2025,"('13', '8')",Auburn,Notre Dame
4129,February 22,Easterns Qualifier 2025,"('10', '11')",Auburn,James Madison
4130,February 22,Easterns Qualifier 2025,"('10', '3')",Auburn,SUNY-Binghamton
4131,February 22,Easterns Qualifier 2025,"('7', '13')",Auburn,South Carolina
4132,February 23,Easterns Qualifier 2025,"('10', '15')",Auburn,Dartmouth
4133,February 23,Easterns Qualifier 2025,"('14', '12')",Auburn,Temple
4134,February 23,Easterns Qualifier 2025,"('8', '15')",Auburn,Ohio State
4135,February 22,Easterns Qualifier 2025,"('11', '13')",Notre Dame,James Madison
4136,February 22,Easterns Qualifier 2025,"('8', '13')",Notre Dame,Auburn
4137,February 22,Easterns Qualifier 2025,"('13', '10')",Notre Dame,SUNY-Binghamton
4138,February 22,Easterns Qualifier 2025,"('6', '13')",Notre Dame,South Carolina
4139,February 23,Easterns Qualifier 2025,"('14', '15')",Notre Dame,North Carolina State
4140,February 23,Easterns Qualifier 2025,"('8', '15')",Notre Dame,Ohio State
4141,February 23,Easterns Qualifier 2025,"('13', '15')",Notre Dame,Temple
4142,February 22,Easterns Qualifier 2025,"('9', '12')",SUNY-Binghamton,South Carolina
4143,February 22,Easterns Qualifier 2025,"('10', '13')",SUNY-Binghamton,Notre Dame
4144,February 22,Easterns Qualifier 2025,"('3', '10')",SUNY-Binghamton,Auburn
4145,February 22,Easterns Qualifier 2025,"('6', '13')",SUNY-Binghamton,James Madison
4146,February 23,Easterns Qualifier 2025,"('12', '13')",SUNY-Binghamton,Syracuse
4147,February 23,Easterns Qualifier 2025,"('14', '9')",SUNY-Binghamton,Kennesaw State
4148,February 23,Easterns Qualifier 2025,"('6', '10')",SUNY-Binghamton,Appalachian State
4149,February 22,Easterns Qualifier 2025,"('12', '11')",Indiana,Dartmouth
4150,February 22,Easterns Qualifier 2025,"('10', '8')",Indiana,William & Mary
4151,February 22,Easterns Qualifier 2025,"('13', '10')",Indiana,Appalachian State
4152,February 22,Easterns Qualifier 2025,"('11', '9')",Indiana,North Carolina State
4153,February 23,Easterns Qualifier 2025,"('12', '13')",Indiana,James Madison
4154,February 23,Easterns Qualifier 2025,"('10', '14')",Indiana,Emory
4155,February 23,Easterns Qualifier 2025,"('7', '15')",Indiana,McGill
4156,February 22,Easterns Qualifier 2025,"('8', '10')",William & Mary,Indiana
4157,February 22,Easterns Qualifier 2025,"('13', '8')",William & Mary,Dartmouth
4158,February 22,Easterns Qualifier 2025,"('12', '7')",William & Mary,Appalachian State
4159,February 22,Easterns Qualifier 2025,"('11', '8')",William & Mary,North Carolina State
4160,February 23,Easterns Qualifier 2025,"('15', '12')",William & Mary,South Carolina
4161,February 23,Easterns Qualifier 2025,"('9', '13')",William & Mary,North Carolina-Wilmington
4162,February 23,Easterns Qualifier 2025,"('9', '12')",William & Mary,Virginia
4163,February 22,Easterns Qualifier 2025,"('10', '9')",North Carolina State,Appalachian State
4164,February 22,Easterns Qualifier 2025,"('12', '9')",North Carolina State,Dartmouth
4165,February 22,Easterns Qualifier 2025,"('9', '11')",North Carolina State,Indiana
4166,February 22,Easterns Qualifier 2025,"('8', '11')",North Carolina State,William & Mary
4167,February 23,Easterns Qualifier 2025,"('15', '14')",North Carolina State,Notre Dame
4168,February 23,Easterns Qualifier 2025,"('14', '10')",North Carolina State,Georgetown
4169,February 23,Easterns Qualifier 2025,"('13', '8')",North Carolina State,Duke
4170,February 22,Easterns Qualifier 2025,"('11', '12')",Dartmouth,Indiana
4171,February 22,Easterns Qualifier 2025,"('9', '12')",Dartmouth,North Carolina State
4172,February 22,Easterns Qualifier 2025,"('8', '13')",Dartmouth,William & Mary
4173,February 22,Easterns Qualifier 2025,"('13', '6')",Dartmouth,Appalachian State
4174,February 23,Easterns Qualifier 2025,"('15', '10')",Dartmouth,Auburn
4175,February 23,Easterns Qualifier 2025,"('14', '15')",Dartmouth,Duke
4176,February 23,Easterns Qualifier 2025,"('15', '7')",Dartmouth,Georgetown
4177,February 22,Easterns Qualifier 2025,"('9', '10')",Appalachian State,North Carolina State
4178,February 22,Easterns Qualifier 2025,"('10', '13')",Appalachian State,Indiana
4179,February 22,Easterns Qualifier 2025,"('7', '12')",Appalachian State,William & Mary
4180,February 22,Easterns Qualifier 2025,"('6', '13')",Appalachian State,Dartmouth
4181,February 23,Easterns Qualifier 2025,"('15', '9')",Appalachian State,Kennesaw State
4182,February 23,Easterns Qualifier 2025,"('13', '12')",Appalachian State,Syracuse
4183,February 23,Easterns Qualifier 2025,"('10', '6')",Appalachian State,SUNY-Binghamton
4184,February 22,Easterns Qualifier 2025,"('12', '8')",Emory,Syracuse
4185,February 22,Easterns Qualifier 2025,"('13', '6')",Emory,Georgetown
4186,February 22,Easterns Qualifier 2025,"('12', '7')",Emory,Temple
4187,February 22,Easterns Qualifier 2025,"('11', '6')",Emory,North Carolina-Wilmington
4188,February 23,Easterns Qualifier 2025,"('13', '15')",Emory,Virginia
4189,February 23,Easterns Qualifier 2025,"('14', '10')",Emory,Indiana
4190,February 23,Easterns Qualifier 2025,"('13', '15')",Emory,South Carolina
4191,February 22,Easterns Qualifier 2025,"('13', '6')",North Carolina-Wilmington,Temple
4192,February 22,Easterns Qualifier 2025,"('13', '9')",North Carolina-Wilmington,Georgetown
4193,February 22,Easterns Qualifier 2025,"('9', '8')",North Carolina-Wilmington,Syracuse
4194,February 22,Easterns Qualifier 2025,"('6', '11')",North Carolina-Wilmington,Emory
4195,February 23,Easterns Qualifier 2025,"('11', '9')",North Carolina-Wilmington,McGill
4196,February 23,Easterns Qualifier 2025,"('13', '9')",North Carolina-Wilmington,William & Mary
4197,February 23,Easterns Qualifier 2025,"('15', '6')",North Carolina-Wilmington,James Madison
4198,February 22,Easterns Qualifier 2025,"('10', '13')",Georgetown,Temple
4199,February 22,Easterns Qualifier 2025,"('6', '13')",Georgetown,Emory
4200,February 22,Easterns Qualifier 2025,"('9', '13')",Georgetown,North Carolina-Wilmington
4201,February 22,Easterns Qualifier 2025,"('11', '4')",Georgetown,Syracuse
4202,February 23,Easterns Qualifier 2025,"('15', '12')",Georgetown,Ohio State
4203,February 23,Easterns Qualifier 2025,"('10', '14')",Georgetown,North Carolina State
4204,February 23,Easterns Qualifier 2025,"('7', '15')",Georgetown,Dartmouth
4205,February 22,Easterns Qualifier 2025,"('13', '10')",Temple,Georgetown
4206,February 22,Easterns Qualifier 2025,"('6', '13')",Temple,North Carolina-Wilmington
4207,February 22,Easterns Qualifier 2025,"('9', '10')",Temple,Syracuse
4208,February 22,Easterns Qualifier 2025,"('7', '12')",Temple,Emory
4209,February 23,Easterns Qualifier 2025,"('10', '15')",Temple,Duke
4210,February 23,Easterns Qualifier 2025,"('12', '14')",Temple,Auburn
4211,February 23,Easterns Qualifier 2025,"('15', '13')",Temple,Notre Dame
4212,February 22,Easterns Qualifier 2025,"('8', '12')",Syracuse,Emory
4213,February 22,Easterns Qualifier 2025,"('10', '9')",Syracuse,Temple
4214,February 22,Easterns Qualifier 2025,"('8', '9')",Syracuse,North Carolina-Wilmington
4215,February 22,Easterns Qualifier 2025,"('4', '11')",Syracuse,Georgetown
4216,February 23,Easterns Qualifier 2025,"('13', '12')",Syracuse,SUNY-Binghamton
4217,February 23,Easterns Qualifier 2025,"('12', '13')",Syracuse,Appalachian State
4218,February 23,Easterns Qualifier 2025,"('14', '6')",Syracuse,Kennesaw State
4219,February 22,Easterns Qualifier 2025,"('12', '8')",McGill,Kennesaw State
4220,February 22,Easterns Qualifier 2025,"('13', '8')",McGill,Duke
4221,February 22,Easterns Qualifier 2025,"('10', '4')",McGill,Ohio State
4222,February 22,Easterns Qualifier 2025,"('12', '10')",McGill,Virginia
4223,February 23,Easterns Qualifier 2025,"('9', '11')",McGill,North Carolina-Wilmington
4224,February 23,Easterns Qualifier 2025,"('11', '14')",McGill,South Carolina
4225,February 23,Easterns Qualifier 2025,"('15', '7')",McGill,Indiana
4226,February 22,Easterns Qualifier 2025,"('13', '9')",Virginia,Ohio State
4227,February 22,Easterns Qualifier 2025,"('13', '8')",Virginia,Duke
4228,February 22,Easterns Qualifier 2025,"('13', '3')",Virginia,Kennesaw State
4229,February 22,Easterns Qualifier 2025,"('10', '12')",Virginia,McGill
4230,February 23,Easterns Qualifier 2025,"('15', '13')",Virginia,Emory
4231,February 23,Easterns Qualifier 2025,"('13', '14')",Virginia,James Madison
4232,February 23,Easterns Qualifier 2025,"('12', '9')",Virginia,William & Mary
4233,February 22,Easterns Qualifier 2025,"('11', '10')",Duke,Ohio State
4234,February 22,Easterns Qualifier 2025,"('8', '13')",Duke,McGill
4235,February 22,Easterns Qualifier 2025,"('8', '13')",Duke,Virginia
4236,February 22,Easterns Qualifier 2025,"('13', '5')",Duke,Kennesaw State
4237,February 23,Easterns Qualifier 2025,"('15', '10')",Duke,Temple
4238,February 23,Easterns Qualifier 2025,"('15', '14')",Duke,Dartmouth
4239,February 23,Easterns Qualifier 2025,"('8', '13')",Duke,North Carolina State
4240,February 22,Easterns Qualifier 2025,"('10', '11')",Ohio State,Duke
4241,February 22,Easterns Qualifier 2025,"('9', '13')",Ohio State,Virginia
4242,February 22,Easterns Qualifier 2025,"('10', '9')",Ohio State,Kennesaw State
4243,February 22,Easterns Qualifier 2025,"('4', '10')",Ohio State,McGill
4244,February 23,Easterns Qualifier 2025,"('12', '15')",Ohio State,Georgetown
4245,February 23,Easterns Qualifier 2025,"('15', '8')",Ohio State,Notre Dame
4246,February 23,Easterns Qualifier 2025,"('15', '8')",Ohio State,Auburn
4247,February 22,Easterns Qualifier 2025,"('8', '12')",Kennesaw State,McGill
4248,February 22,Easterns Qualifier 2025,"('9', '10')",Kennesaw State,Ohio State
4249,February 22,Easterns Qualifier 2025,"('3', '13')",Kennesaw State,Virginia
4250,February 22,Easterns Qualifier 2025,"('5', '13')",Kennesaw State,Duke
4251,February 23,Easterns Qualifier 2025,"('9', '15')",Kennesaw State,Appalachian State
4252,February 23,Easterns Qualifier 2025,"('9', '14')",Kennesaw State,SUNY-Binghamton
4253,February 23,Easterns Qualifier 2025,"('6', '14')",Kennesaw State,Syracuse
4254,February 22,Mardi Gras XXXVII,"('8', '10')",Mississippi State [B],Texas-San Antonio
4255,February 22,Mardi Gras XXXVII,"('9', '8')",Mississippi State [B],Mississippi
4256,February 22,Mardi Gras XXXVII,"('8', '7')",Mississippi State [B],Sam Houston
4257,February 22,Mardi Gras XXXVII,"('9', '6')",Mississippi State [B],LSU [B]
4258,February 22,Mardi Gras XXXVII,"('8', '11')",Sam Houston,Jacksonville State
4259,February 22,Mardi Gras XXXVII,"('12', '9')",Sam Houston,LSU [B]
4260,February 22,Mardi Gras XXXVII,"('7', '8')",Sam Houston,Mississippi State [B]
4261,February 22,Mardi Gras XXXVII,"('10', '7')",Sam Houston,Mississippi
4262,February 22,Mardi Gras XXXVII,"('8', '11')",Mississippi,Trinity
4263,February 22,Mardi Gras XXXVII,"('8', '9')",Mississippi,Mississippi State [B]
4264,February 22,Mardi Gras XXXVII,"('12', '11')",Mississippi,LSU [B]
4265,February 22,Mardi Gras XXXVII,"('7', '10')",Mississippi,Sam Houston
4266,February 22,Mardi Gras XXXVII,"('3', '13')",LSU [B],Texas State
4267,February 22,Mardi Gras XXXVII,"('9', '12')",LSU [B],Sam Houston
4268,February 22,Mardi Gras XXXVII,"('11', '12')",LSU [B],Mississippi
4269,February 22,Mardi Gras XXXVII,"('6', '9')",LSU [B],Mississippi State [B]
4270,February 15,2025 Commonwealth Cup Weekend 1,"('11', '2')",Elon,Illinois [B]
4271,February 15,2025 Commonwealth Cup Weekend 1,"('10', '4')",Elon,Ohio
4272,February 15,2025 Commonwealth Cup Weekend 1,"('11', '0')",Elon,North Carolina [B]
4273,February 15,2025 Commonwealth Cup Weekend 1,"('11', '1')",Elon,Denver
4274,February 16,2025 Commonwealth Cup Weekend 1,"('13', '9')",Elon,Davidson
4275,February 16,2025 Commonwealth Cup Weekend 1,"('9', '4')",Elon,Denver
4276,February 15,2025 Commonwealth Cup Weekend 1,"('9', '6')",Denver,North Carolina [B]
4277,February 15,2025 Commonwealth Cup Weekend 1,"('7', '4')",Denver,Ohio
4278,February 15,2025 Commonwealth Cup Weekend 1,"('9', '3')",Denver,Illinois [B]
4279,February 15,2025 Commonwealth Cup Weekend 1,"('1', '11')",Denver,Elon
4280,February 16,2025 Commonwealth Cup Weekend 1,"('12', '11')",Denver,Pittsburgh [B]
4281,February 16,2025 Commonwealth Cup Weekend 1,"('4', '9')",Denver,Elon
4282,February 15,2025 Commonwealth Cup Weekend 1,"('11', '3')",Ohio,North Carolina [B]
4283,February 15,2025 Commonwealth Cup Weekend 1,"('4', '10')",Ohio,Elon
4284,February 15,2025 Commonwealth Cup Weekend 1,"('4', '7')",Ohio,Denver
4285,February 15,2025 Commonwealth Cup Weekend 1,"('10', '5')",Ohio,Illinois [B]
4286,February 16,2025 Commonwealth Cup Weekend 1,"('10', '4')",Ohio,Michigan [B]
4287,February 16,2025 Commonwealth Cup Weekend 1,"('10', '5')",Ohio,Wake Forest
4288,February 15,2025 Commonwealth Cup Weekend 1,"('3', '11')",North Carolina [B],Ohio
4289,February 15,2025 Commonwealth Cup Weekend 1,"('6', '9')",North Carolina [B],Denver
4290,February 15,2025 Commonwealth Cup Weekend 1,"('9', '6')",North Carolina [B],Illinois [B]
4291,February 15,2025 Commonwealth Cup Weekend 1,"('0', '11')",North Carolina [B],Elon
4292,February 16,2025 Commonwealth Cup Weekend 1,"('8', '9')",North Carolina [B],Michigan [B]
4293,February 16,2025 Commonwealth Cup Weekend 1,"('6', '9')",North Carolina [B],Wake Forest
4294,February 15,2025 Commonwealth Cup Weekend 1,"('2', '11')",Illinois [B],Elon
4295,February 15,2025 Commonwealth Cup Weekend 1,"('6', '9')",Illinois [B],North Carolina [B]
4296,February 15,2025 Commonwealth Cup Weekend 1,"('3', '9')",Illinois [B],Denver
4297,February 15,2025 Commonwealth Cup Weekend 1,"('5', '10')",Illinois [B],Ohio
4298,February 16,2025 Commonwealth Cup Weekend 1,"('9', '6')",Illinois [B],Michigan [B]
4299,February 16,2025 Commonwealth Cup Weekend 1,"('5', '7')",Illinois [B],Wake Forest
4300,February 15,2025 Commonwealth Cup Weekend 1,"('13', '8')",Pittsburgh [B],Michigan [B]
4301,February 15,2025 Commonwealth Cup Weekend 1,"('12', '7')",Pittsburgh [B],Wake Forest
4302,February 15,2025 Commonwealth Cup Weekend 1,"('8', '7')",Pittsburgh [B],Davidson
4303,February 16,2025 Commonwealth Cup Weekend 1,"('11', '12')",Pittsburgh [B],Denver
4304,February 16,2025 Commonwealth Cup Weekend 1,"('8', '11')",Pittsburgh [B],Davidson
4305,February 15,2025 Commonwealth Cup Weekend 1,"('13', '4')",Davidson,Wake Forest
4306,February 15,2025 Commonwealth Cup Weekend 1,"('13', '3')",Davidson,Michigan [B]
4307,February 15,2025 Commonwealth Cup Weekend 1,"('7', '8')",Davidson,Pittsburgh [B]
4308,February 16,2025 Commonwealth Cup Weekend 1,"('9', '13')",Davidson,Elon
4309,February 16,2025 Commonwealth Cup Weekend 1,"('11', '8')",Davidson,Pittsburgh [B]
4310,February 15,2025 Commonwealth Cup Weekend 1,"('4', '13')",Wake Forest,Davidson
4311,February 15,2025 Commonwealth Cup Weekend 1,"('7', '12')",Wake Forest,Pittsburgh [B]
4312,February 15,2025 Commonwealth Cup Weekend 1,"('8', '7')",Wake Forest,Michigan [B]
4313,February 16,2025 Commonwealth Cup Weekend 1,"('5', '10')",Wake Forest,Ohio
4314,February 16,2025 Commonwealth Cup Weekend 1,"('9', '6')",Wake Forest,North Carolina [B]
4315,February 16,2025 Commonwealth Cup Weekend 1,"('7', '5')",Wake Forest,Illinois [B]
4316,February 15,2025 Commonwealth Cup Weekend 1,"('8', '13')",Michigan [B],Pittsburgh [B]
4317,February 15,2025 Commonwealth Cup Weekend 1,"('3', '13')",Michigan [B],Davidson
4318,February 15,2025 Commonwealth Cup Weekend 1,"('7', '8')",Michigan [B],Wake Forest
4319,February 16,2025 Commonwealth Cup Weekend 1,"('4', '10')",Michigan [B],Ohio
4320,February 16,2025 Commonwealth Cup Weekend 1,"('9', '8')",Michigan [B],North Carolina [B]
4321,February 16,2025 Commonwealth Cup Weekend 1,"('6', '9')",Michigan [B],Illinois [B]
4322,February 15,Queen City Tune-Up 2025,"('13', '2')",North Carolina,North Carolina-Charlotte
4323,February 15,Queen City Tune-Up 2025,"('13', '6')",North Carolina,Yale
4324,February 15,Queen City Tune-Up 2025,"('13', '2')",North Carolina,Auburn
4325,February 16,Queen City Tune-Up 2025,"('11', '2')",North Carolina,South Carolina
4326,February 16,Queen City Tune-Up 2025,"('11', '4')",North Carolina,Penn State
4327,February 15,Queen City Tune-Up 2025,"('13', '7')",Auburn,Yale
4328,February 15,Queen City Tune-Up 2025,"('12', '9')",Auburn,North Carolina-Charlotte
4329,February 15,Queen City Tune-Up 2025,"('2', '13')",Auburn,North Carolina
4330,February 16,Queen City Tune-Up 2025,"('6', '8')",Auburn,North Carolina-Wilmington
4331,February 16,Queen City Tune-Up 2025,"('6', '7')",Auburn,Carnegie Mellon
4332,February 15,Queen City Tune-Up 2025,"('7', '13')",Yale,Auburn
4333,February 15,Queen City Tune-Up 2025,"('6', '13')",Yale,North Carolina
4334,February 15,Queen City Tune-Up 2025,"('13', '7')",Yale,North Carolina-Charlotte
4335,February 16,Queen City Tune-Up 2025,"('8', '7')",Yale,Alabama
4336,February 16,Queen City Tune-Up 2025,"('3', '7')",Yale,Maryland
4337,February 15,Queen City Tune-Up 2025,"('2', '13')",North Carolina-Charlotte,North Carolina
4338,February 15,Queen City Tune-Up 2025,"('9', '12')",North Carolina-Charlotte,Auburn
4339,February 15,Queen City Tune-Up 2025,"('7', '13')",North Carolina-Charlotte,Yale
4340,February 16,Queen City Tune-Up 2025,"('7', '10')",North Carolina-Charlotte,William & Mary
4341,February 16,Queen City Tune-Up 2025,"('6', '8')",North Carolina-Charlotte,Michigan State
4342,February 15,Queen City Tune-Up 2025,"('11', '7')",Washington University,Alabama-Huntsville
4343,February 15,Queen City Tune-Up 2025,"('13', '5')",Washington University,Tennessee
4344,February 15,Queen City Tune-Up 2025,"('13', '6')",Washington University,Michigan State
4345,February 16,Queen City Tune-Up 2025,"('6', '8')",Washington University,Penn State
4346,February 16,Queen City Tune-Up 2025,"('10', '11')",Washington University,South Carolina
4347,February 15,Queen City Tune-Up 2025,"('7', '11')",Alabama-Huntsville,Washington University
4348,February 15,Queen City Tune-Up 2025,"('13', '10')",Alabama-Huntsville,Michigan State
4349,February 15,Queen City Tune-Up 2025,"('12', '7')",Alabama-Huntsville,Tennessee
4350,February 16,Queen City Tune-Up 2025,"('5', '7')",Alabama-Huntsville,Chicago
4351,February 16,Queen City Tune-Up 2025,"('5', '7')",Alabama-Huntsville,North Carolina State
4352,February 15,Queen City Tune-Up 2025,"('12', '9')",Tennessee,Michigan State
4353,February 15,Queen City Tune-Up 2025,"('5', '13')",Tennessee,Washington University
4354,February 15,Queen City Tune-Up 2025,"('7', '12')",Tennessee,Alabama-Huntsville
4355,February 16,Queen City Tune-Up 2025,"('8', '9')",Tennessee,Maryland
4356,February 16,Queen City Tune-Up 2025,"('9', '7')",Tennessee,Alabama
4357,February 15,Queen City Tune-Up 2025,"('9', '12')",Michigan State,Tennessee
4358,February 15,Queen City Tune-Up 2025,"('10', '13')",Michigan State,Alabama-Huntsville
4359,February 15,Queen City Tune-Up 2025,"('6', '13')",Michigan State,Washington University
4360,February 16,Queen City Tune-Up 2025,"('8', '9')",Michigan State,William & Mary
4361,February 16,Queen City Tune-Up 2025,"('8', '6')",Michigan State,North Carolina-Charlotte
4362,February 15,Queen City Tune-Up 2025,"('13', '9')",Penn State,Purdue
4363,February 15,Queen City Tune-Up 2025,"('13', '5')",Penn State,James Madison
4364,February 15,Queen City Tune-Up 2025,"('13', '12')",Penn State,North Carolina State
4365,February 16,Queen City Tune-Up 2025,"('8', '6')",Penn State,Washington University
4366,February 16,Queen City Tune-Up 2025,"('4', '11')",Penn State,North Carolina
4367,February 15,Queen City Tune-Up 2025,"('13', '6')",North Carolina State,James Madison
4368,February 15,Queen City Tune-Up 2025,"('13', '8')",North Carolina State,Purdue
4369,February 15,Queen City Tune-Up 2025,"('12', '13')",North Carolina State,Penn State
4370,February 16,Queen City Tune-Up 2025,"('4', '10')",North Carolina State,Tufts
4371,February 16,Queen City Tune-Up 2025,"('7', '5')",North Carolina State,Alabama-Huntsville
4372,February 15,Queen City Tune-Up 2025,"('9', '13')",Purdue,Penn State
4373,February 15,Queen City Tune-Up 2025,"('8', '13')",Purdue,North Carolina State
4374,February 15,Queen City Tune-Up 2025,"('13', '12')",Purdue,James Madison
4375,February 16,Queen City Tune-Up 2025,"('10', '7')",Purdue,Carnegie Mellon
4376,February 16,Queen City Tune-Up 2025,"('9', '8')",Purdue,North Carolina-Wilmington
4377,February 15,Queen City Tune-Up 2025,"('6', '13')",James Madison,North Carolina State
4378,February 15,Queen City Tune-Up 2025,"('5', '13')",James Madison,Penn State
4379,February 15,Queen City Tune-Up 2025,"('12', '13')",James Madison,Purdue
4380,February 15,Queen City Tune-Up 2025,"('13', '9')",South Carolina,Alabama
4381,February 15,Queen City Tune-Up 2025,"('13', '6')",South Carolina,Carnegie Mellon
4382,February 15,Queen City Tune-Up 2025,"('13', '7')",South Carolina,North Carolina-Wilmington
4383,February 16,Queen City Tune-Up 2025,"('2', '11')",South Carolina,North Carolina
4384,February 16,Queen City Tune-Up 2025,"('11', '10')",South Carolina,Washington University
4385,February 15,Queen City Tune-Up 2025,"('9', '10')",Carnegie Mellon,North Carolina-Wilmington
4386,February 15,Queen City Tune-Up 2025,"('6', '13')",Carnegie Mellon,South Carolina
4387,February 15,Queen City Tune-Up 2025,"('13', '9')",Carnegie Mellon,Alabama
4388,February 16,Queen City Tune-Up 2025,"('7', '10')",Carnegie Mellon,Purdue
4389,February 16,Queen City Tune-Up 2025,"('7', '6')",Carnegie Mellon,Auburn
4390,February 15,Queen City Tune-Up 2025,"('10', '9')",North Carolina-Wilmington,Carnegie Mellon
4391,February 15,Queen City Tune-Up 2025,"('11', '13')",North Carolina-Wilmington,Alabama
4392,February 15,Queen City Tune-Up 2025,"('7', '13')",North Carolina-Wilmington,South Carolina
4393,February 16,Queen City Tune-Up 2025,"('8', '6')",North Carolina-Wilmington,Auburn
4394,February 16,Queen City Tune-Up 2025,"('8', '9')",North Carolina-Wilmington,Purdue
4395,February 15,Queen City Tune-Up 2025,"('9', '13')",Alabama,South Carolina
4396,February 15,Queen City Tune-Up 2025,"('13', '11')",Alabama,North Carolina-Wilmington
4397,February 15,Queen City Tune-Up 2025,"('9', '13')",Alabama,Carnegie Mellon
4398,February 16,Queen City Tune-Up 2025,"('7', '8')",Alabama,Yale
4399,February 16,Queen City Tune-Up 2025,"('7', '9')",Alabama,Tennessee
4400,February 15,Queen City Tune-Up 2025,"('13', '12')",Chicago,Tufts
4401,February 15,Queen City Tune-Up 2025,"('13', '7')",Chicago,Maryland
4402,February 15,Queen City Tune-Up 2025,"('13', '12')",Chicago,William & Mary
4403,February 16,Queen City Tune-Up 2025,"('7', '5')",Chicago,Alabama-Huntsville
4404,February 16,Queen City Tune-Up 2025,"('0', '11')",Chicago,Tufts
4405,February 15,Queen City Tune-Up 2025,"('12', '13')",Tufts,Chicago
4406,February 15,Queen City Tune-Up 2025,"('13', '12')",Tufts,William & Mary
4407,February 15,Queen City Tune-Up 2025,"('13', '8')",Tufts,Maryland
4408,February 16,Queen City Tune-Up 2025,"('10', '4')",Tufts,North Carolina State
4409,February 16,Queen City Tune-Up 2025,"('11', '0')",Tufts,Chicago
4410,February 15,Queen City Tune-Up 2025,"('13', '12')",Maryland,William & Mary
4411,February 15,Queen City Tune-Up 2025,"('7', '13')",Maryland,Chicago
4412,February 15,Queen City Tune-Up 2025,"('8', '13')",Maryland,Tufts
4413,February 16,Queen City Tune-Up 2025,"('9', '8')",Maryland,Tennessee
4414,February 16,Queen City Tune-Up 2025,"('7', '3')",Maryland,Yale
4415,February 15,Queen City Tune-Up 2025,"('12', '13')",William & Mary,Maryland
4416,February 15,Queen City Tune-Up 2025,"('12', '13')",William & Mary,Tufts
4417,February 15,Queen City Tune-Up 2025,"('12', '13')",William & Mary,Chicago
4418,February 16,Queen City Tune-Up 2025,"('10', '7')",William & Mary,North Carolina-Charlotte
4419,February 16,Queen City Tune-Up 2025,"('9', '8')",William & Mary,Michigan State
4420,February 08,Bulldog Brawl,"('13', '2')",Missouri S&T,Mississippi State [B]
4421,February 08,Bulldog Brawl,"('13', '2')",Missouri S&T,Tennessee Tech
4422,February 08,Bulldog Brawl,"('13', '11')",Missouri S&T,Berry
4423,February 09,Bulldog Brawl,"('6', '15')",Missouri S&T,Lipscomb
4424,February 09,Bulldog Brawl,"('15', '9')",Missouri S&T,Kennesaw State
4425,February 09,Bulldog Brawl,"('10', '9')",Missouri S&T,Mississippi State
4426,February 08,Bulldog Brawl,"('13', '7')",Berry,Tennessee Tech
4427,February 08,Bulldog Brawl,"('13', '2')",Berry,Mississippi State [B]
4428,February 08,Bulldog Brawl,"('11', '13')",Berry,Missouri S&T
4429,February 08,Bulldog Brawl,"('13', '9')",Berry,Vanderbilt
4430,February 09,Bulldog Brawl,"('15', '13')",Berry,Mississippi State
4431,February 09,Bulldog Brawl,"('14', '15')",Berry,Southern Illinois-Edwardsville
4432,February 09,Bulldog Brawl,"('13', '10')",Berry,Lipscomb
4433,February 08,Bulldog Brawl,"('7', '13')",Tennessee Tech,Berry
4434,February 08,Bulldog Brawl,"('2', '13')",Tennessee Tech,Missouri S&T
4435,February 08,Bulldog Brawl,"('10', '9')",Tennessee Tech,Mississippi State [B]
4436,February 08,Bulldog Brawl,"('7', '12')",Tennessee Tech,Kennesaw State
4437,February 09,Bulldog Brawl,"('6', '15')",Tennessee Tech,Clemson
4438,February 09,Bulldog Brawl,"('7', '15')",Tennessee Tech,Vanderbilt
4439,February 09,Bulldog Brawl,"('9', '15')",Tennessee Tech,Union (Tennessee)
4440,February 08,Bulldog Brawl,"('2', '13')",Mississippi State [B],Missouri S&T
4441,February 08,Bulldog Brawl,"('2', '13')",Mississippi State [B],Berry
4442,February 08,Bulldog Brawl,"('9', '10')",Mississippi State [B],Tennessee Tech
4443,February 09,Bulldog Brawl,"('5', '15')",Mississippi State [B],Harding
4444,February 09,Bulldog Brawl,"('2', '13')",Mississippi State [B],Clemson
4445,February 09,Bulldog Brawl,"('3', '9')",Mississippi State [B],Vanderbilt
4446,February 08,Bulldog Brawl,"('13', '11')",Mississippi State,Lipscomb
4447,February 08,Bulldog Brawl,"('15', '3')",Mississippi State,Harding
4448,February 08,Bulldog Brawl,"('13', '6')",Mississippi State,Saint Louis
4449,February 09,Bulldog Brawl,"('13', '15')",Mississippi State,Berry
4450,February 09,Bulldog Brawl,"('15', '13')",Mississippi State,Saint Louis
4451,February 09,Bulldog Brawl,"('9', '10')",Mississippi State,Missouri S&T
4452,February 08,Bulldog Brawl,"('11', '13')",Lipscomb,Mississippi State
4453,February 08,Bulldog Brawl,"('13', '4')",Lipscomb,Saint Louis
4454,February 08,Bulldog Brawl,"('13', '5')",Lipscomb,Harding
4455,February 08,Bulldog Brawl,"('13', '11')",Lipscomb,Union (Tennessee)
4456,February 09,Bulldog Brawl,"('15', '6')",Lipscomb,Missouri S&T
4457,February 09,Bulldog Brawl,"('8', '15')",Lipscomb,Indiana
4458,February 09,Bulldog Brawl,"('10', '13')",Lipscomb,Berry
4459,February 08,Bulldog Brawl,"('13', '7')",Saint Louis,Harding
4460,February 08,Bulldog Brawl,"('4', '13')",Saint Louis,Lipscomb
4461,February 08,Bulldog Brawl,"('6', '13')",Saint Louis,Mississippi State
4462,February 08,Bulldog Brawl,"('11', '10')",Saint Louis,Clemson
4463,February 09,Bulldog Brawl,"('6', '15')",Saint Louis,Southern Illinois-Edwardsville
4464,February 09,Bulldog Brawl,"('13', '15')",Saint Louis,Mississippi State
4465,February 09,Bulldog Brawl,"('8', '11')",Saint Louis,Kennesaw State
4466,February 08,Bulldog Brawl,"('7', '13')",Harding,Saint Louis
4467,February 08,Bulldog Brawl,"('3', '15')",Harding,Mississippi State
4468,February 08,Bulldog Brawl,"('5', '13')",Harding,Lipscomb
4469,February 09,Bulldog Brawl,"('15', '5')",Harding,Mississippi State [B]
4470,February 09,Bulldog Brawl,"('3', '15')",Harding,Union (Tennessee)
4471,February 09,Bulldog Brawl,"('6', '14')",Harding,Clemson
4472,February 08,Bulldog Brawl,"('13', '11')",Indiana,Southern Illinois-Edwardsville
4473,February 08,Bulldog Brawl,"('12', '9')",Indiana,Union (Tennessee)
4474,February 08,Bulldog Brawl,"('13', '7')",Indiana,Clemson
4475,February 09,Bulldog Brawl,"('15', '10')",Indiana,Kennesaw State
4476,February 09,Bulldog Brawl,"('15', '8')",Indiana,Lipscomb
4477,February 09,Bulldog Brawl,"('15', '7')",Indiana,Southern Illinois-Edwardsville
4478,February 08,Bulldog Brawl,"('13', '12')",Clemson,Union (Tennessee)
4479,February 08,Bulldog Brawl,"('11', '7')",Clemson,Vanderbilt
4480,February 08,Bulldog Brawl,"('7', '13')",Clemson,Indiana
4481,February 08,Bulldog Brawl,"('10', '11')",Clemson,Saint Louis
4482,February 09,Bulldog Brawl,"('15', '6')",Clemson,Tennessee Tech
4483,February 09,Bulldog Brawl,"('13', '2')",Clemson,Mississippi State [B]
4484,February 09,Bulldog Brawl,"('14', '6')",Clemson,Harding
4485,February 08,Bulldog Brawl,"('12', '13')",Union,Clemson
4486,February 08,Bulldog Brawl,"('9', '12')",Union,Indiana
4487,February 08,Bulldog Brawl,"('11', '9')",Union,Kennesaw State
4488,February 08,Bulldog Brawl,"('11', '13')",Union,Lipscomb
4489,February 09,Bulldog Brawl,"('11', '15')",Union,Vanderbilt
4490,February 09,Bulldog Brawl,"('15', '3')",Union,Harding
4491,February 09,Bulldog Brawl,"('15', '9')",Union,Tennessee Tech
4492,February 08,Bulldog Brawl,"('11', '13')",Southern Illinois-Edwardsville,Indiana
4493,February 08,Bulldog Brawl,"('13', '8')",Southern Illinois-Edwardsville,Kennesaw State
4494,February 08,Bulldog Brawl,"('13', '9')",Southern Illinois-Edwardsville,Vanderbilt
4495,February 09,Bulldog Brawl,"('15', '6')",Southern Illinois-Edwardsville,Saint Louis
4496,February 09,Bulldog Brawl,"('15', '14')",Southern Illinois-Edwardsville,Berry
4497,February 09,Bulldog Brawl,"('7', '15')",Southern Illinois-Edwardsville,Indiana
4498,February 08,Bulldog Brawl,"('12', '7')",Kennesaw State,Vanderbilt
4499,February 08,Bulldog Brawl,"('8', '13')",Kennesaw State,Southern Illinois-Edwardsville
4500,February 08,Bulldog Brawl,"('9', '11')",Kennesaw State,Union (Tennessee)
4501,February 08,Bulldog Brawl,"('12', '7')",Kennesaw State,Tennessee Tech
4502,February 09,Bulldog Brawl,"('10', '15')",Kennesaw State,Indiana
4503,February 09,Bulldog Brawl,"('9', '15')",Kennesaw State,Missouri S&T
4504,February 09,Bulldog Brawl,"('11', '8')",Kennesaw State,Saint Louis
4505,February 08,Bulldog Brawl,"('7', '12')",Vanderbilt,Kennesaw State
4506,February 08,Bulldog Brawl,"('7', '11')",Vanderbilt,Clemson
4507,February 08,Bulldog Brawl,"('9', '13')",Vanderbilt,Southern Illinois-Edwardsville
4508,February 08,Bulldog Brawl,"('9', '13')",Vanderbilt,Berry
4509,February 09,Bulldog Brawl,"('15', '11')",Vanderbilt,Union (Tennessee)
4510,February 09,Bulldog Brawl,"('15', '7')",Vanderbilt,Tennessee Tech
4511,February 09,Bulldog Brawl,"('9', '3')",Vanderbilt,Mississippi State [B]
4512,February 08,Gopher Dome 2025,"('12', '6')",Carleton College-CHOP,Minnesota [B]
4513,February 08,Gopher Dome 2025,"('13', '4')",Carleton College-CHOP,Wisconsin-Eau Claire
4514,February 08,Gopher Dome 2025,"('13', '3')",Carleton College-CHOP,Macalester
4515,February 08,Gopher Dome 2025,"('13', '1')",Carleton College-CHOP,Minnesota [C]
4516,February 08,Gopher Dome 2025,"('13', '7')",Carleton College-CHOP,St Olaf
4517,February 08,Gopher Dome 2025,"('13', '5')",Macalester,Minnesota [C]
4518,February 08,Gopher Dome 2025,"('11', '10')",Macalester,St Olaf
4519,February 08,Gopher Dome 2025,"('3', '13')",Macalester,Carleton College-CHOP
4520,February 08,Gopher Dome 2025,"('9', '7')",Macalester,Minnesota [B]
4521,February 08,Gopher Dome 2025,"('10', '9')",Macalester,Wisconsin-Eau Claire
4522,February 08,Gopher Dome 2025,"('13', '5')",St Olaf,Minnesota [C]
4523,February 08,Gopher Dome 2025,"('13', '5')",St Olaf,Minnesota [B]
4524,February 08,Gopher Dome 2025,"('10', '11')",St Olaf,Macalester
4525,February 08,Gopher Dome 2025,"('11', '7')",St Olaf,Wisconsin-Eau Claire
4526,February 08,Gopher Dome 2025,"('7', '13')",St Olaf,Carleton College-CHOP
4527,February 08,Gopher Dome 2025,"('4', '13')",Wisconsin-Eau Claire,Carleton College-CHOP
4528,February 08,Gopher Dome 2025,"('9', '8')",Wisconsin-Eau Claire,Minnesota [B]
4529,February 08,Gopher Dome 2025,"('7', '11')",Wisconsin-Eau Claire,St Olaf
4530,February 08,Gopher Dome 2025,"('9', '10')",Wisconsin-Eau Claire,Macalester
4531,February 08,Gopher Dome 2025,"('13', '4')",Wisconsin-Eau Claire,Minnesota [C]
4532,February 08,Gopher Dome 2025,"('6', '12')",Minnesota [B],Carleton College-CHOP
4533,February 08,Gopher Dome 2025,"('5', '13')",Minnesota [B],St Olaf
4534,February 08,Gopher Dome 2025,"('8', '9')",Minnesota [B],Wisconsin-Eau Claire
4535,February 08,Gopher Dome 2025,"('7', '9')",Minnesota [B],Macalester
4536,February 12,Gopher Dome 2025,"('13', '3')",Minnesota [B],Minnesota [C]
4537,February 08,Gopher Dome 2025,"('5', '13')",Minnesota-C,St Olaf
4538,February 08,Gopher Dome 2025,"('5', '13')",Minnesota-C,Macalester
4539,February 08,Gopher Dome 2025,"('1', '13')",Minnesota-C,Carleton College-CHOP
4540,February 08,Gopher Dome 2025,"('4', '13')",Minnesota-C,Wisconsin-Eau Claire
4541,February 12,Gopher Dome 2025,"('3', '13')",Minnesota-C,Minnesota [B]
4542,February 08,NJ Warmup 2025,"('11', '5')",Connecticut,NYU
4543,February 08,NJ Warmup 2025,"('11', '10')",Connecticut,Syracuse
4544,February 08,NJ Warmup 2025,"('9', '8')",Connecticut,Pennsylvania
4545,February 08,NJ Warmup 2025,"('13', '8')",Connecticut,Columbia
4546,February 08,NJ Warmup 2025,"('11', '12')",Pennsylvania,Syracuse
4547,February 08,NJ Warmup 2025,"('13', '4')",Pennsylvania,NYU
4548,February 08,NJ Warmup 2025,"('8', '9')",Pennsylvania,Connecticut
4549,February 08,NJ Warmup 2025,"('12', '13')",Pennsylvania,Lehigh
4550,February 08,NJ Warmup 2025,"('12', '11')",Syracuse,Pennsylvania
4551,February 08,NJ Warmup 2025,"('10', '11')",Syracuse,Connecticut
4552,February 08,NJ Warmup 2025,"('9', '11')",Syracuse,NYU
4553,February 08,NJ Warmup 2025,"('10', '12')",Syracuse,Princeton
4554,February 08,NJ Warmup 2025,"('5', '11')",NYU,Connecticut
4555,February 08,NJ Warmup 2025,"('4', '13')",NYU,Pennsylvania
4556,February 08,NJ Warmup 2025,"('11', '9')",NYU,Syracuse
4557,February 08,NJ Warmup 2025,"('10', '7')",NYU,Rutgers
4558,February 08,NJ Warmup 2025,"('11', '10')",Columbia,Lehigh
4559,February 08,NJ Warmup 2025,"('11', '7')",Columbia,Princeton
4560,February 08,NJ Warmup 2025,"('11', '8')",Columbia,Rutgers
4561,February 08,NJ Warmup 2025,"('8', '13')",Columbia,Connecticut
4562,February 08,NJ Warmup 2025,"('10', '11')",Lehigh,Columbia
4563,February 08,NJ Warmup 2025,"('10', '6')",Lehigh,Rutgers
4564,February 08,NJ Warmup 2025,"('11', '8')",Lehigh,Princeton
4565,February 08,NJ Warmup 2025,"('13', '12')",Lehigh,Pennsylvania
4566,February 08,NJ Warmup 2025,"('12', '11')",Princeton,Rutgers
4567,February 08,NJ Warmup 2025,"('7', '11')",Princeton,Columbia
4568,February 08,NJ Warmup 2025,"('8', '11')",Princeton,Lehigh
4569,February 08,NJ Warmup 2025,"('12', '10')",Princeton,Syracuse
4570,February 08,NJ Warmup 2025,"('11', '12')",Rutgers,Princeton
4571,February 08,NJ Warmup 2025,"('6', '10')",Rutgers,Lehigh
4572,February 08,NJ Warmup 2025,"('8', '11')",Rutgers,Columbia
4573,February 08,NJ Warmup 2025,"('7', '10')",Rutgers,NYU
4574,February 01,Big D in Little D 2025,"('11', '5')",North Texas,Oklahoma
4575,February 01,Big D in Little D 2025,"('11', '4')",North Texas,Texas Tech
4576,February 01,Big D in Little D 2025,"('11', '7')",North Texas,Trinity
4577,February 01,Big D in Little D 2025,"('11', '1')",North Texas,Stephen F Austin
4578,February 02,Big D in Little D 2025,"('15', '1')",North Texas,Trinity
4579,February 02,Big D in Little D 2025,"('15', '10')",North Texas,Baylor
4580,February 01,Big D in Little D 2025,"('9', '8')",Texas Tech,Trinity
4581,February 01,Big D in Little D 2025,"('4', '11')",Texas Tech,North Texas
4582,February 01,Big D in Little D 2025,"('9', '7')",Texas Tech,Oklahoma
4583,February 01,Big D in Little D 2025,"('9', '5')",Texas Tech,Stephen F Austin
4584,February 02,Big D in Little D 2025,"('10', '9')",Texas Tech,Texas-San Antonio
4585,February 02,Big D in Little D 2025,"('11', '13')",Texas Tech,Baylor
4586,February 02,Big D in Little D 2025,"('6', '7')",Texas Tech,Trinity
4587,February 01,Big D in Little D 2025,"('8', '9')",Trinity,Texas Tech
4588,February 01,Big D in Little D 2025,"('11', '5')",Trinity,Stephen F Austin
4589,February 01,Big D in Little D 2025,"('7', '11')",Trinity,North Texas
4590,February 01,Big D in Little D 2025,"('7', '6')",Trinity,Oklahoma
4591,February 02,Big D in Little D 2025,"('12', '11')",Trinity,Texas State
4592,February 02,Big D in Little D 2025,"('1', '15')",Trinity,North Texas
4593,February 02,Big D in Little D 2025,"('7', '6')",Trinity,Texas Tech
4594,February 01,Big D in Little D 2025,"('5', '11')",Oklahoma,North Texas
4595,February 01,Big D in Little D 2025,"('11', '5')",Oklahoma,Stephen F Austin
4596,February 01,Big D in Little D 2025,"('7', '9')",Oklahoma,Texas Tech
4597,February 01,Big D in Little D 2025,"('6', '7')",Oklahoma,Trinity
4598,February 02,Big D in Little D 2025,"('15', '4')",Oklahoma,Stephen F Austin
4599,February 02,Big D in Little D 2025,"('12', '7')",Oklahoma,Rice
4600,February 01,Big D in Little D 2025,"('5', '11')",Stephen F Austin,Trinity
4601,February 01,Big D in Little D 2025,"('5', '11')",Stephen F Austin,Oklahoma
4602,February 01,Big D in Little D 2025,"('1', '11')",Stephen F Austin,North Texas
4603,February 01,Big D in Little D 2025,"('5', '9')",Stephen F Austin,Texas Tech
4604,February 02,Big D in Little D 2025,"('4', '15')",Stephen F Austin,Oklahoma
4605,February 02,Big D in Little D 2025,"('1', '15')",Stephen F Austin,Rice
4606,February 01,Big D in Little D 2025,"('15', '7')",Baylor,Texas-San Antonio
4607,February 01,Big D in Little D 2025,"('15', '8')",Baylor,Rice
4608,February 01,Big D in Little D 2025,"('14', '5')",Baylor,Texas State
4609,February 02,Big D in Little D 2025,"('13', '11')",Baylor,Texas Tech
4610,February 02,Big D in Little D 2025,"('10', '15')",Baylor,North Texas
4611,February 01,Big D in Little D 2025,"('15', '8')",Texas State,Rice
4612,February 01,Big D in Little D 2025,"('15', '12')",Texas State,Texas-San Antonio
4613,February 01,Big D in Little D 2025,"('5', '14')",Texas State,Baylor
4614,February 02,Big D in Little D 2025,"('11', '12')",Texas State,Trinity
4615,February 02,Big D in Little D 2025,"('11', '9')",Texas State,Texas-San Antonio
4616,February 01,Big D in Little D 2025,"('7', '15')",Texas-San Antonio,Baylor
4617,February 01,Big D in Little D 2025,"('12', '15')",Texas-San Antonio,Texas State
4618,February 01,Big D in Little D 2025,"('14', '4')",Texas-San Antonio,Rice
4619,February 02,Big D in Little D 2025,"('9', '10')",Texas-San Antonio,Texas Tech
4620,February 02,Big D in Little D 2025,"('9', '11')",Texas-San Antonio,Texas State
4621,February 01,Big D in Little D 2025,"('8', '15')",Rice,Texas State
4622,February 01,Big D in Little D 2025,"('8', '15')",Rice,Baylor
4623,February 01,Big D in Little D 2025,"('4', '14')",Rice,Texas-San Antonio
4624,February 02,Big D in Little D 2025,"('15', '1')",Rice,Stephen F Austin
4625,February 02,Big D in Little D 2025,"('7', '12')",Rice,Oklahoma
4626,January 31,Carolina Kickoff (mens) 2025,"('13', '7')",North Carolina,Duke
4627,February 01,Carolina Kickoff (mens) 2025,"('13', '2')",North Carolina,Maryland
4628,February 01,Carolina Kickoff (mens) 2025,"('13', '8')",North Carolina,Case Western Reserve
4629,February 02,Carolina Kickoff (mens) 2025,"('14', '15')",North Carolina,Georgia Tech
4630,February 02,Carolina Kickoff (mens) 2025,"('15', '7')",North Carolina,North Carolina-Wilmington
4631,February 02,Carolina Kickoff (mens) 2025,"('15', '8')",North Carolina,Virginia
4632,February 01,Carolina Kickoff (mens) 2025,"('13', '10')",Maryland,Case Western Reserve
4633,February 01,Carolina Kickoff (mens) 2025,"('13', '8')",Maryland,Duke
4634,February 01,Carolina Kickoff (mens) 2025,"('2', '13')",Maryland,North Carolina
4635,February 02,Carolina Kickoff (mens) 2025,"('15', '13')",Maryland,Virginia
4636,February 02,Carolina Kickoff (mens) 2025,"('11', '14')",Maryland,South Carolina
4637,February 02,Carolina Kickoff (mens) 2025,"('13', '12')",Maryland,North Carolina State
4638,January 31,Carolina Kickoff (mens) 2025,"('7', '13')",Duke,North Carolina
4639,February 01,Carolina Kickoff (mens) 2025,"('13', '11')",Duke,Case Western Reserve
4640,February 01,Carolina Kickoff (mens) 2025,"('8', '13')",Duke,Maryland
4641,February 02,Carolina Kickoff (mens) 2025,"('13', '11')",Duke,Georgetown
4642,February 02,Carolina Kickoff (mens) 2025,"('12', '11')",Duke,Temple
4643,February 02,Carolina Kickoff (mens) 2025,"('10', '13')",Duke,Case Western Reserve
4644,February 01,Carolina Kickoff (mens) 2025,"('10', '13')",Case Western Reserve,Maryland
4645,February 01,Carolina Kickoff (mens) 2025,"('11', '13')",Case Western Reserve,Duke
4646,February 01,Carolina Kickoff (mens) 2025,"('8', '13')",Case Western Reserve,North Carolina
4647,February 02,Carolina Kickoff (mens) 2025,"('13', '10')",Case Western Reserve,Elon
4648,February 02,Carolina Kickoff (mens) 2025,"('15', '12')",Case Western Reserve,Carleton College-CHOP
4649,February 02,Carolina Kickoff (mens) 2025,"('13', '10')",Case Western Reserve,Duke
4650,February 01,Carolina Kickoff (mens) 2025,"('13', '10')",Virginia,Georgia Tech
4651,February 01,Carolina Kickoff (mens) 2025,"('13', '12')",Virginia,Elon
4652,February 01,Carolina Kickoff (mens) 2025,"('13', '12')",Virginia,Georgetown
4653,February 02,Carolina Kickoff (mens) 2025,"('13', '15')",Virginia,Maryland
4654,February 02,Carolina Kickoff (mens) 2025,"('12', '10')",Virginia,North Carolina-Charlotte
4655,February 02,Carolina Kickoff (mens) 2025,"('8', '15')",Virginia,North Carolina
4656,February 01,Carolina Kickoff (mens) 2025,"('10', '13')",Georgia Tech,Virginia
4657,February 01,Carolina Kickoff (mens) 2025,"('12', '7')",Georgia Tech,Georgetown
4658,February 01,Carolina Kickoff (mens) 2025,"('13', '9')",Georgia Tech,Elon
4659,February 02,Carolina Kickoff (mens) 2025,"('15', '14')",Georgia Tech,North Carolina
4660,February 02,Carolina Kickoff (mens) 2025,"('15', '13')",Georgia Tech,North Carolina State
4661,February 02,Carolina Kickoff (mens) 2025,"('15', '11')",Georgia Tech,South Carolina
4662,February 01,Carolina Kickoff (mens) 2025,"('13', '10')",Elon,Georgetown
4663,February 01,Carolina Kickoff (mens) 2025,"('12', '13')",Elon,Virginia
4664,February 01,Carolina Kickoff (mens) 2025,"('9', '13')",Elon,Georgia Tech
4665,February 02,Carolina Kickoff (mens) 2025,"('10', '13')",Elon,Case Western Reserve
4666,February 02,Carolina Kickoff (mens) 2025,"('13', '8')",Elon,Ohio State
4667,February 02,Carolina Kickoff (mens) 2025,"('14', '11')",Elon,Georgetown
4668,February 01,Carolina Kickoff (mens) 2025,"('10', '13')",Georgetown,Elon
4669,February 01,Carolina Kickoff (mens) 2025,"('7', '12')",Georgetown,Georgia Tech
4670,February 01,Carolina Kickoff (mens) 2025,"('12', '13')",Georgetown,Virginia
4671,February 02,Carolina Kickoff (mens) 2025,"('11', '13')",Georgetown,Duke
4672,February 02,Carolina Kickoff (mens) 2025,"('13', '11')",Georgetown,Appalachian State
4673,February 02,Carolina Kickoff (mens) 2025,"('11', '14')",Georgetown,Elon
4674,February 01,Carolina Kickoff (mens) 2025,"('13', '10')",South Carolina,Ohio State
4675,February 01,Carolina Kickoff (mens) 2025,"('13', '10')",South Carolina,North Carolina-Wilmington
4676,February 01,Carolina Kickoff (mens) 2025,"('13', '10')",South Carolina,Appalachian State
4677,February 02,Carolina Kickoff (mens) 2025,"('15', '12')",South Carolina,North Carolina-Charlotte
4678,February 02,Carolina Kickoff (mens) 2025,"('14', '11')",South Carolina,Maryland
4679,February 02,Carolina Kickoff (mens) 2025,"('11', '15')",South Carolina,Georgia Tech
4680,February 01,Carolina Kickoff (mens) 2025,"('13', '7')",North Carolina-Wilmington,Appalachian State
4681,February 01,Carolina Kickoff (mens) 2025,"('13', '8')",North Carolina-Wilmington,Ohio State
4682,February 01,Carolina Kickoff (mens) 2025,"('10', '13')",North Carolina-Wilmington,South Carolina
4683,February 02,Carolina Kickoff (mens) 2025,"('12', '14')",North Carolina-Wilmington,North Carolina State
4684,February 02,Carolina Kickoff (mens) 2025,"('7', '15')",North Carolina-Wilmington,North Carolina
4685,February 02,Carolina Kickoff (mens) 2025,"('14', '8')",North Carolina-Wilmington,North Carolina-Charlotte
4686,February 01,Carolina Kickoff (mens) 2025,"('13', '10')",Ohio State,Appalachian State
4687,February 01,Carolina Kickoff (mens) 2025,"('10', '13')",Ohio State,South Carolina
4688,February 01,Carolina Kickoff (mens) 2025,"('8', '13')",Ohio State,North Carolina-Wilmington
4689,February 02,Carolina Kickoff (mens) 2025,"('12', '15')",Ohio State,Temple
4690,February 02,Carolina Kickoff (mens) 2025,"('8', '13')",Ohio State,Elon
4691,February 02,Carolina Kickoff (mens) 2025,"('13', '8')",Ohio State,Appalachian State
4692,February 01,Carolina Kickoff (mens) 2025,"('10', '13')",Appalachian State,Ohio State
4693,February 01,Carolina Kickoff (mens) 2025,"('7', '13')",Appalachian State,North Carolina-Wilmington
4694,February 01,Carolina Kickoff (mens) 2025,"('10', '13')",Appalachian State,South Carolina
4695,February 02,Carolina Kickoff (mens) 2025,"('7', '15')",Appalachian State,Carleton College-CHOP
4696,February 02,Carolina Kickoff (mens) 2025,"('11', '13')",Appalachian State,Georgetown
4697,February 02,Carolina Kickoff (mens) 2025,"('8', '13')",Appalachian State,Ohio State
4698,February 01,Carolina Kickoff (mens) 2025,"('13', '9')",North Carolina State,Temple
4699,February 01,Carolina Kickoff (mens) 2025,"('13', '11')",North Carolina State,Carleton College-CHOP
4700,February 01,Carolina Kickoff (mens) 2025,"('13', '11')",North Carolina State,North Carolina-Charlotte
4701,February 02,Carolina Kickoff (mens) 2025,"('14', '12')",North Carolina State,North Carolina-Wilmington
4702,February 02,Carolina Kickoff (mens) 2025,"('13', '15')",North Carolina State,Georgia Tech
4703,February 02,Carolina Kickoff (mens) 2025,"('12', '13')",North Carolina State,Maryland
4704,February 01,Carolina Kickoff (mens) 2025,"('13', '11')",North Carolina-Charlotte,Carleton College-CHOP
4705,February 01,Carolina Kickoff (mens) 2025,"('13', '8')",North Carolina-Charlotte,Temple
4706,February 01,Carolina Kickoff (mens) 2025,"('11', '13')",North Carolina-Charlotte,North Carolina State
4707,February 02,Carolina Kickoff (mens) 2025,"('12', '15')",North Carolina-Charlotte,South Carolina
4708,February 02,Carolina Kickoff (mens) 2025,"('10', '12')",North Carolina-Charlotte,Virginia
4709,February 02,Carolina Kickoff (mens) 2025,"('8', '14')",North Carolina-Charlotte,North Carolina-Wilmington
4710,February 01,Carolina Kickoff (mens) 2025,"('11', '13')",Carleton College-CHOP,North Carolina-Charlotte
4711,February 01,Carolina Kickoff (mens) 2025,"('11', '13')",Carleton College-CHOP,North Carolina State
4712,February 01,Carolina Kickoff (mens) 2025,"('13', '9')",Carleton College-CHOP,Temple
4713,February 02,Carolina Kickoff (mens) 2025,"('15', '7')",Carleton College-CHOP,Appalachian State
4714,February 02,Carolina Kickoff (mens) 2025,"('12', '15')",Carleton College-CHOP,Case Western Reserve
4715,February 02,Carolina Kickoff (mens) 2025,"('15', '10')",Carleton College-CHOP,Temple
4716,February 01,Carolina Kickoff (mens) 2025,"('9', '13')",Temple,North Carolina State
4717,February 01,Carolina Kickoff (mens) 2025,"('8', '13')",Temple,North Carolina-Charlotte
4718,February 01,Carolina Kickoff (mens) 2025,"('9', '13')",Temple,Carleton College-CHOP
4719,February 02,Carolina Kickoff (mens) 2025,"('15', '12')",Temple,Ohio State
4720,February 02,Carolina Kickoff (mens) 2025,"('11', '12')",Temple,Duke
4721,February 02,Carolina Kickoff (mens) 2025,"('10', '15')",Temple,Carleton College-CHOP
4722,January 25,Mid-Atlantic Warm Up 2025,"('13', '7')",Michigan State,Virginia Commonwealth
4723,January 25,Mid-Atlantic Warm Up 2025,"('13', '3')",Michigan State,RIT
4724,January 25,Mid-Atlantic Warm Up 2025,"('13', '5')",Michigan State,Richmond
4725,January 25,Mid-Atlantic Warm Up 2025,"('12', '5')",Michigan State,Boston University
4726,January 26,Mid-Atlantic Warm Up 2025,"('14', '10')",Michigan State,Vermont [B]
4727,January 26,Mid-Atlantic Warm Up 2025,"('9', '11')",Michigan State,James Madison
4728,January 25,Mid-Atlantic Warm Up 2025,"('13', '5')",Richmond,RIT
4729,January 25,Mid-Atlantic Warm Up 2025,"('13', '8')",Richmond,Boston University
4730,January 25,Mid-Atlantic Warm Up 2025,"('13', '4')",Richmond,Virginia Commonwealth
4731,January 25,Mid-Atlantic Warm Up 2025,"('5', '13')",Richmond,Michigan State
4732,January 26,Mid-Atlantic Warm Up 2025,"('11', '10')",Richmond,George Mason
4733,January 26,Mid-Atlantic Warm Up 2025,"('8', '13')",Richmond,William & Mary
4734,January 26,Mid-Atlantic Warm Up 2025,"('11', '10')",Richmond,Dartmouth
4735,January 26,Mid-Atlantic Warm Up 2025,"('10', '12')",Richmond,Cincinnati
4736,January 25,Mid-Atlantic Warm Up 2025,"('5', '13')",RIT,Richmond
4737,January 25,Mid-Atlantic Warm Up 2025,"('3', '13')",RIT,Michigan State
4738,January 25,Mid-Atlantic Warm Up 2025,"('11', '7')",RIT,Boston University
4739,January 25,Mid-Atlantic Warm Up 2025,"('10', '3')",RIT,Virginia Commonwealth
4740,January 26,Mid-Atlantic Warm Up 2025,"('4', '15')",RIT,Dartmouth
4741,January 26,Mid-Atlantic Warm Up 2025,"('13', '10')",RIT,Christopher Newport
4742,January 26,Mid-Atlantic Warm Up 2025,"('8', '11')",RIT,Yale
4743,January 25,Mid-Atlantic Warm Up 2025,"('8', '13')",Boston University,Richmond
4744,January 25,Mid-Atlantic Warm Up 2025,"('7', '11')",Boston University,RIT
4745,January 25,Mid-Atlantic Warm Up 2025,"('11', '4')",Boston University,Virginia Commonwealth
4746,January 25,Mid-Atlantic Warm Up 2025,"('5', '12')",Boston University,Michigan State
4747,January 26,Mid-Atlantic Warm Up 2025,"('15', '4')",Boston University,Johns Hopkins
4748,January 26,Mid-Atlantic Warm Up 2025,"('13', '10')",Boston University,East Carolina
4749,January 26,Mid-Atlantic Warm Up 2025,"('15', '4')",Boston University,Pennsylvania
4750,January 25,Mid-Atlantic Warm Up 2025,"('7', '13')",Virginia Commonwealth,Michigan State
4751,January 25,Mid-Atlantic Warm Up 2025,"('4', '13')",Virginia Commonwealth,Richmond
4752,January 25,Mid-Atlantic Warm Up 2025,"('4', '11')",Virginia Commonwealth,Boston University
4753,January 25,Mid-Atlantic Warm Up 2025,"('3', '10')",Virginia Commonwealth,RIT
4754,January 26,Mid-Atlantic Warm Up 2025,"('6', '12')",Virginia Commonwealth,American
4755,January 25,Mid-Atlantic Warm Up 2025,"('13', '7')",William & Mary,Christopher Newport
4756,January 25,Mid-Atlantic Warm Up 2025,"('13', '7')",William & Mary,Vermont [B]
4757,January 25,Mid-Atlantic Warm Up 2025,"('13', '0')",William & Mary,Navy
4758,January 25,Mid-Atlantic Warm Up 2025,"('13', '3')",William & Mary,Pennsylvania
4759,January 26,Mid-Atlantic Warm Up 2025,"('13', '8')",William & Mary,Richmond
4760,January 26,Mid-Atlantic Warm Up 2025,"('15', '9')",William & Mary,Carnegie Mellon
4761,January 26,Mid-Atlantic Warm Up 2025,"('14', '9')",William & Mary,James Madison
4762,January 25,Mid-Atlantic Warm Up 2025,"('13', '2')",Vermont [B],Navy
4763,January 25,Mid-Atlantic Warm Up 2025,"('7', '13')",Vermont [B],William & Mary
4764,January 25,Mid-Atlantic Warm Up 2025,"('12', '7')",Vermont [B],Pennsylvania
4765,January 25,Mid-Atlantic Warm Up 2025,"('13', '1')",Vermont [B],Christopher Newport
4766,January 26,Mid-Atlantic Warm Up 2025,"('14', '8')",Vermont [B],Yale
4767,January 26,Mid-Atlantic Warm Up 2025,"('10', '14')",Vermont [B],Michigan State
4768,January 26,Mid-Atlantic Warm Up 2025,"('10', '14')",Vermont [B],Cincinnati
4769,January 26,Mid-Atlantic Warm Up 2025,"('10', '13')",Vermont [B],Dartmouth
4770,January 25,Mid-Atlantic Warm Up 2025,"('7', '13')",Christopher Newport,William & Mary
4771,January 25,Mid-Atlantic Warm Up 2025,"('13', '6')",Christopher Newport,Navy
4772,January 25,Mid-Atlantic Warm Up 2025,"('13', '8')",Christopher Newport,Pennsylvania
4773,January 25,Mid-Atlantic Warm Up 2025,"('1', '13')",Christopher Newport,Vermont [B]
4774,January 26,Mid-Atlantic Warm Up 2025,"('8', '14')",Christopher Newport,James Madison
4775,January 26,Mid-Atlantic Warm Up 2025,"('10', '13')",Christopher Newport,RIT
4776,January 26,Mid-Atlantic Warm Up 2025,"('7', '13')",Christopher Newport,George Mason
4777,January 25,Mid-Atlantic Warm Up 2025,"('13', '4')",Pennsylvania,Navy
4778,January 25,Mid-Atlantic Warm Up 2025,"('7', '12')",Pennsylvania,Vermont [B]
4779,January 25,Mid-Atlantic Warm Up 2025,"('8', '13')",Pennsylvania,Christopher Newport
4780,January 25,Mid-Atlantic Warm Up 2025,"('3', '13')",Pennsylvania,William & Mary
4781,January 26,Mid-Atlantic Warm Up 2025,"('4', '11')",Pennsylvania,Johns Hopkins
4782,January 26,Mid-Atlantic Warm Up 2025,"('13', '8')",Pennsylvania,East Carolina
4783,January 26,Mid-Atlantic Warm Up 2025,"('4', '15')",Pennsylvania,Boston University
4784,January 25,Mid-Atlantic Warm Up 2025,"('2', '13')",Navy,Vermont [B]
4785,January 25,Mid-Atlantic Warm Up 2025,"('4', '13')",Navy,Pennsylvania
4786,January 25,Mid-Atlantic Warm Up 2025,"('6', '13')",Navy,Christopher Newport
4787,January 25,Mid-Atlantic Warm Up 2025,"('0', '13')",Navy,William & Mary
4788,January 26,Mid-Atlantic Warm Up 2025,"('4', '15')",Navy,East Carolina
4789,January 25,Mid-Atlantic Warm Up 2025,"('9', '7')",Carnegie Mellon,East Carolina
4790,January 25,Mid-Atlantic Warm Up 2025,"('12', '9')",Carnegie Mellon,Yale
4791,January 25,Mid-Atlantic Warm Up 2025,"('12', '6')",Carnegie Mellon,American
4792,January 25,Mid-Atlantic Warm Up 2025,"('9', '11')",Carnegie Mellon,James Madison
4793,January 26,Mid-Atlantic Warm Up 2025,"('14', '13')",Carnegie Mellon,Dartmouth
4794,January 26,Mid-Atlantic Warm Up 2025,"('9', '15')",Carnegie Mellon,William & Mary
4795,January 25,Mid-Atlantic Warm Up 2025,"('11', '6')",James Madison,American
4796,January 25,Mid-Atlantic Warm Up 2025,"('8', '10')",James Madison,Yale
4797,January 25,Mid-Atlantic Warm Up 2025,"('11', '6')",James Madison,East Carolina
4798,January 25,Mid-Atlantic Warm Up 2025,"('11', '9')",James Madison,Carnegie Mellon
4799,January 26,Mid-Atlantic Warm Up 2025,"('14', '8')",James Madison,Christopher Newport
4800,January 26,Mid-Atlantic Warm Up 2025,"('11', '9')",James Madison,Cincinnati
4801,January 26,Mid-Atlantic Warm Up 2025,"('11', '9')",James Madison,Michigan State
4802,January 26,Mid-Atlantic Warm Up 2025,"('9', '14')",James Madison,William & Mary
4803,January 25,Mid-Atlantic Warm Up 2025,"('13', '7')",Yale,East Carolina
4804,January 25,Mid-Atlantic Warm Up 2025,"('10', '8')",Yale,James Madison
4805,January 25,Mid-Atlantic Warm Up 2025,"('9', '12')",Yale,Carnegie Mellon
4806,January 25,Mid-Atlantic Warm Up 2025,"('12', '8')",Yale,American
4807,January 26,Mid-Atlantic Warm Up 2025,"('8', '14')",Yale,Vermont [B]
4808,January 26,Mid-Atlantic Warm Up 2025,"('14', '8')",Yale,George Mason
4809,January 26,Mid-Atlantic Warm Up 2025,"('11', '8')",Yale,RIT
4810,January 25,Mid-Atlantic Warm Up 2025,"('7', '13')",East Carolina,Yale
4811,January 25,Mid-Atlantic Warm Up 2025,"('7', '9')",East Carolina,Carnegie Mellon
4812,January 25,Mid-Atlantic Warm Up 2025,"('10', '9')",East Carolina,American
4813,January 25,Mid-Atlantic Warm Up 2025,"('6', '11')",East Carolina,James Madison
4814,January 26,Mid-Atlantic Warm Up 2025,"('15', '4')",East Carolina,Navy
4815,January 26,Mid-Atlantic Warm Up 2025,"('10', '13')",East Carolina,Boston University
4816,January 26,Mid-Atlantic Warm Up 2025,"('8', '13')",East Carolina,Pennsylvania
4817,January 25,Mid-Atlantic Warm Up 2025,"('6', '11')",American,James Madison
4818,January 25,Mid-Atlantic Warm Up 2025,"('9', '10')",American,East Carolina
4819,January 25,Mid-Atlantic Warm Up 2025,"('6', '12')",American,Carnegie Mellon
4820,January 25,Mid-Atlantic Warm Up 2025,"('8', '12')",American,Yale
4821,January 26,Mid-Atlantic Warm Up 2025,"('12', '6')",American,Virginia Commonwealth
4822,January 26,Mid-Atlantic Warm Up 2025,"('8', '10')",American,Johns Hopkins
4823,January 25,Mid-Atlantic Warm Up 2025,"('12', '11')",Cincinnati,George Mason
4824,January 25,Mid-Atlantic Warm Up 2025,"('13', '2')",Cincinnati,Johns Hopkins
4825,January 25,Mid-Atlantic Warm Up 2025,"('11', '10')",Cincinnati,Dartmouth
4826,January 26,Mid-Atlantic Warm Up 2025,"('9', '11')",Cincinnati,James Madison
4827,January 26,Mid-Atlantic Warm Up 2025,"('14', '10')",Cincinnati,Vermont [B]
4828,January 26,Mid-Atlantic Warm Up 2025,"('12', '10')",Cincinnati,Richmond
4829,January 25,Mid-Atlantic Warm Up 2025,"('13', '3')",Dartmouth,Johns Hopkins
4830,January 25,Mid-Atlantic Warm Up 2025,"('13', '4')",Dartmouth,George Mason
4831,January 25,Mid-Atlantic Warm Up 2025,"('10', '11')",Dartmouth,Cincinnati
4832,January 26,Mid-Atlantic Warm Up 2025,"('15', '4')",Dartmouth,RIT
4833,January 26,Mid-Atlantic Warm Up 2025,"('13', '14')",Dartmouth,Carnegie Mellon
4834,January 26,Mid-Atlantic Warm Up 2025,"('10', '11')",Dartmouth,Richmond
4835,January 26,Mid-Atlantic Warm Up 2025,"('13', '10')",Dartmouth,Vermont [B]
4836,January 25,Mid-Atlantic Warm Up 2025,"('11', '12')",George Mason,Cincinnati
4837,January 25,Mid-Atlantic Warm Up 2025,"('4', '13')",George Mason,Dartmouth
4838,January 25,Mid-Atlantic Warm Up 2025,"('9', '8')",George Mason,Johns Hopkins
4839,January 26,Mid-Atlantic Warm Up 2025,"('10', '11')",George Mason,Richmond
4840,January 26,Mid-Atlantic Warm Up 2025,"('8', '14')",George Mason,Yale
4841,January 26,Mid-Atlantic Warm Up 2025,"('13', '7')",George Mason,Christopher Newport
4842,January 25,Mid-Atlantic Warm Up 2025,"('3', '13')",Johns Hopkins,Dartmouth
4843,January 25,Mid-Atlantic Warm Up 2025,"('2', '13')",Johns Hopkins,Cincinnati
4844,January 25,Mid-Atlantic Warm Up 2025,"('8', '9')",Johns Hopkins,George Mason
4845,January 26,Mid-Atlantic Warm Up 2025,"('4', '15')",Johns Hopkins,Boston University
4846,January 26,Mid-Atlantic Warm Up 2025,"('11', '4')",Johns Hopkins,Pennsylvania
4847,January 26,Mid-Atlantic Warm Up 2025,"('10', '8')",Johns Hopkins,American
4848,January 25,Pac Con 2025,"('15', '9')",Oregon,Western Washington
4849,January 25,Pac Con 2025,"('15', '4')",Oregon,Simon Fraser
4850,January 25,Pac Con 2025,"('15', '14')",Oregon,Oregon State
4851,January 26,Pac Con 2025,"('15', '1')",Oregon,Portland State
4852,January 26,Pac Con 2025,"('15', '1')",Oregon,Cal Poly-Humboldt
4853,January 26,Pac Con 2025,"('15', '10')",Oregon,Oregon State
4854,January 25,Pac Con 2025,"('15', '2')",Oregon State,Simon Fraser
4855,January 25,Pac Con 2025,"('15', '12')",Oregon State,Western Washington
4856,January 25,Pac Con 2025,"('14', '15')",Oregon State,Oregon
4857,January 26,Pac Con 2025,"('15', '4')",Oregon State,Oregon [B]
4858,January 26,Pac Con 2025,"('15', '12')",Oregon State,Western Washington
4859,January 26,Pac Con 2025,"('10', '15')",Oregon State,Oregon
4860,January 25,Pac Con 2025,"('9', '15')",Western Washington,Oregon
4861,January 25,Pac Con 2025,"('12', '15')",Western Washington,Oregon State
4862,January 25,Pac Con 2025,"('14', '13')",Western Washington,Simon Fraser
4863,January 26,Pac Con 2025,"('15', '6')",Western Washington,Oregon State [B]
4864,January 26,Pac Con 2025,"('12', '15')",Western Washington,Oregon State
4865,January 26,Pac Con 2025,"('15', '1')",Western Washington,Cal Poly-Humboldt
4866,January 25,Pac Con 2025,"('2', '15')",Simon Fraser,Oregon State
4867,January 25,Pac Con 2025,"('4', '15')",Simon Fraser,Oregon
4868,January 25,Pac Con 2025,"('13', '14')",Simon Fraser,Western Washington
4869,January 26,Pac Con 2025,"('10', '15')",Simon Fraser,Cal Poly-Humboldt
4870,January 26,Pac Con 2025,"('15', '4')",Simon Fraser,Portland State
4871,January 26,Pac Con 2025,"('14', '9')",Simon Fraser,Oregon [B]
4872,January 25,Pac Con 2025,"('12', '11')",Cal Poly-Humboldt,Oregon [B]
4873,January 25,Pac Con 2025,"('11', '10')",Cal Poly-Humboldt,Oregon State [B]
4874,January 25,Pac Con 2025,"('15', '7')",Cal Poly-Humboldt,Portland State
4875,January 26,Pac Con 2025,"('15', '10')",Cal Poly-Humboldt,Simon Fraser
4876,January 26,Pac Con 2025,"('1', '15')",Cal Poly-Humboldt,Oregon
4877,January 26,Pac Con 2025,"('1', '15')",Cal Poly-Humboldt,Western Washington
4878,January 25,Pac Con 2025,"('15', '2')",Oregon State [B],Portland State
4879,January 25,Pac Con 2025,"('10', '11')",Oregon State [B],Cal Poly-Humboldt
4880,January 25,Pac Con 2025,"('13', '12')",Oregon State [B],Oregon [B]
4881,January 26,Pac Con 2025,"('15', '4')",Oregon State [B],Portland State
4882,January 26,Pac Con 2025,"('6', '15')",Oregon State [B],Western Washington
4883,January 26,Pac Con 2025,"('10', '11')",Oregon State [B],Oregon [B]
4884,January 25,Pac Con 2025,"('11', '12')",Oregon [B],Cal Poly-Humboldt
4885,January 25,Pac Con 2025,"('15', '2')",Oregon [B],Portland State
4886,January 25,Pac Con 2025,"('12', '13')",Oregon [B],Oregon State [B]
4887,January 26,Pac Con 2025,"('4', '15')",Oregon [B],Oregon State
4888,January 26,Pac Con 2025,"('11', '10')",Oregon [B],Oregon State [B]
4889,January 26,Pac Con 2025,"('9', '14')",Oregon [B],Simon Fraser
4890,January 25,Pac Con 2025,"('2', '15')",Portland State,Oregon State [B]
4891,January 25,Pac Con 2025,"('2', '15')",Portland State,Oregon [B]
4892,January 25,Pac Con 2025,"('7', '15')",Portland State,Cal Poly-Humboldt
4893,January 26,Pac Con 2025,"('4', '15')",Portland State,Oregon State [B]
4894,January 26,Pac Con 2025,"('1', '15')",Portland State,Oregon
4895,January 26,Pac Con 2025,"('4', '15')",Portland State,Simon Fraser
4896,February 22,Monument Melee 2025,"('12', '7')",George Mason,Maryland-Baltimore County
4897,February 22,Monument Melee 2025,"('9', '6')",George Mason,Virginia Commonwealth
4898,February 22,Monument Melee 2025,"('9', '7')",George Mason,Johns Hopkins
4899,February 23,Monument Melee 2025,"('10', '9')",George Mason,Villanova
4900,February 23,Monument Melee 2025,"('11', '10')",George Mason,American
4901,February 23,Monument Melee 2025,"('12', '10')",George Mason,East Carolina
4902,February 22,Monument Melee 2025,"('11', '6')",Johns Hopkins,Virginia Commonwealth
4903,February 22,Monument Melee 2025,"('9', '6')",Johns Hopkins,Maryland-Baltimore County
4904,February 22,Monument Melee 2025,"('7', '9')",Johns Hopkins,George Mason
4905,February 23,Monument Melee 2025,"('10', '7')",Johns Hopkins,George Washington
4906,February 23,Monument Melee 2025,"('9', '10')",Johns Hopkins,East Carolina
4907,February 23,Monument Melee 2025,"('5', '13')",Johns Hopkins,American
4908,February 22,Monument Melee 2025,"('7', '12')",Maryland-Baltimore County,George Mason
4909,February 22,Monument Melee 2025,"('6', '9')",Maryland-Baltimore County,Johns Hopkins
4910,February 22,Monument Melee 2025,"('5', '4')",Maryland-Baltimore County,Virginia Commonwealth
4911,February 23,Monument Melee 2025,"('7', '10')",Maryland-Baltimore County,American
4912,February 23,Monument Melee 2025,"('12', '9')",Maryland-Baltimore County,Villanova
4913,February 23,Monument Melee 2025,"('3', '8')",Maryland-Baltimore County,George Washington
4914,February 22,Monument Melee 2025,"('6', '11')",Virginia Commonwealth,Johns Hopkins
4915,February 22,Monument Melee 2025,"('6', '9')",Virginia Commonwealth,George Mason
4916,February 22,Monument Melee 2025,"('4', '5')",Virginia Commonwealth,Maryland-Baltimore County
4917,February 23,Monument Melee 2025,"('8', '9')",Virginia Commonwealth,East Carolina
4918,February 23,Monument Melee 2025,"('8', '10')",Virginia Commonwealth,George Washington
4919,February 23,Monument Melee 2025,"('9', '8')",Virginia Commonwealth,Villanova
4920,February 22,Monument Melee 2025,"('12', '6')",East Carolina,American
4921,February 22,Monument Melee 2025,"('11', '4')",East Carolina,George Washington
4922,February 22,Monument Melee 2025,"('13', '2')",East Carolina,Villanova
4923,February 23,Monument Melee 2025,"('9', '8')",East Carolina,Virginia Commonwealth
4924,February 23,Monument Melee 2025,"('10', '9')",East Carolina,Johns Hopkins
4925,February 23,Monument Melee 2025,"('10', '12')",East Carolina,George Mason
4926,February 22,Monument Melee 2025,"('6', '12')",American,East Carolina
4927,February 22,Monument Melee 2025,"('12', '6')",American,Villanova
4928,February 22,Monument Melee 2025,"('8', '7')",American,George Washington
4929,February 23,Monument Melee 2025,"('10', '7')",American,Maryland-Baltimore County
4930,February 23,Monument Melee 2025,"('10', '11')",American,George Mason
4931,February 23,Monument Melee 2025,"('13', '5')",American,Johns Hopkins
4932,February 22,Monument Melee 2025,"('11', '9')",George Washington,Villanova
4933,February 22,Monument Melee 2025,"('4', '11')",George Washington,East Carolina
4934,February 22,Monument Melee 2025,"('7', '8')",George Washington,American
4935,February 23,Monument Melee 2025,"('7', '10')",George Washington,Johns Hopkins
4936,February 23,Monument Melee 2025,"('10', '8')",George Washington,Virginia Commonwealth
4937,February 23,Monument Melee 2025,"('8', '3')",George Washington,Maryland-Baltimore County
4938,February 22,Monument Melee 2025,"('9', '11')",Villanova,George Washington
4939,February 22,Monument Melee 2025,"('6', '12')",Villanova,American
4940,February 22,Monument Melee 2025,"('2', '13')",Villanova,East Carolina
4941,February 23,Monument Melee 2025,"('9', '10')",Villanova,George Mason
4942,February 23,Monument Melee 2025,"('9', '12')",Villanova,Maryland-Baltimore County
4943,February 23,Monument Melee 2025,"('8', '9')",Villanova,Virginia Commonwealth
4944,February 22,Monument Melee 2025,"('8', '5')",Georgetown [B],George Washington [B]
4945,February 22,Monument Melee 2025,"('12', '3')",Georgetown [B],American [B]
4946,February 22,Monument Melee 2025,"('11', '8')",Georgetown [B],Richmond [B]
4947,February 23,Monument Melee 2025,"('9', '4')",Georgetown [B],American [B]
4948,February 23,Monument Melee 2025,"('7', '13')",Georgetown [B],George Washington [B]
4949,February 22,Monument Melee 2025,"('5', '8')",George Washington [B],Georgetown [B]
4950,February 22,Monument Melee 2025,"('11', '9')",George Washington [B],Richmond [B]
4951,February 22,Monument Melee 2025,"('9', '5')",George Washington [B],American [B]
4952,February 23,Monument Melee 2025,"('13', '7')",George Washington [B],Georgetown [B]
4953,February 23,Monument Melee 2025,"('11', '8')",George Washington [B],American [B]
4954,February 22,Monument Melee 2025,"('12', '1')",Richmond [B],American [B]
4955,February 22,Monument Melee 2025,"('9', '11')",Richmond [B],George Washington [B]
4956,February 22,Monument Melee 2025,"('8', '11')",Richmond [B],Georgetown [B]
4957,February 22,Monument Melee 2025,"('1', '12')",American [B],Richmond [B]
4958,February 22,Monument Melee 2025,"('3', '12')",American [B],Georgetown [B]
4959,February 22,Monument Melee 2025,"('5', '9')",American [B],George Washington [B]
4960,February 23,Monument Melee 2025,"('4', '9')",American [B],Georgetown [B]
4961,February 23,Monument Melee 2025,"('8', '11')",American [B],George Washington [B]
4962,February 15,Presidents' Day Invite 2025,"('11', '6')",Oregon,California-Santa Barbara
4963,February 15,Presidents' Day Invite 2025,"('10', '9')",Oregon,Northeastern
4964,February 16,Presidents' Day Invite 2025,"('13', '5')",Oregon,California-Davis
4965,February 16,Presidents' Day Invite 2025,"('13', '10')",Oregon,Northeastern
4966,February 16,Presidents' Day Invite 2025,"('13', '11')",Oregon,Utah
4967,February 16,Presidents' Day Invite 2025,"('13', '9')",Oregon,California-Santa Cruz
4968,February 17,Presidents' Day Invite 2025,"('13', '8')",Oregon,Colorado
4969,February 17,Presidents' Day Invite 2025,"('13', '11')",Oregon,Oregon State
4970,February 15,Presidents' Day Invite 2025,"('13', '11')",Northeastern,California-San Diego
4971,February 15,Presidents' Day Invite 2025,"('9', '10')",Northeastern,Oregon
4972,February 15,Presidents' Day Invite 2025,"('8', '9')",Northeastern,California
4973,February 16,Presidents' Day Invite 2025,"('12', '7')",Northeastern,Utah
4974,February 16,Presidents' Day Invite 2025,"('10', '13')",Northeastern,Oregon
4975,February 16,Presidents' Day Invite 2025,"('13', '0')",Northeastern,California-Davis
4976,February 16,Presidents' Day Invite 2025,"('12', '9')",Northeastern,Washington
4977,February 17,Presidents' Day Invite 2025,"('12', '13')",Northeastern,Oregon State
4978,February 17,Presidents' Day Invite 2025,"('13', '11')",Northeastern,Colorado
4979,February 15,Presidents' Day Invite 2025,"('6', '11')",California-Santa Barbara,Oregon
4980,February 15,Presidents' Day Invite 2025,"('7', '5')",California-Santa Barbara,California-San Diego
4981,February 15,Presidents' Day Invite 2025,"('6', '11')",California-Santa Barbara,Oregon State
4982,February 16,Presidents' Day Invite 2025,"('10', '13')",California-Santa Barbara,Washington
4983,February 16,Presidents' Day Invite 2025,"('9', '13')",California-Santa Barbara,California-Santa Cruz
4984,February 16,Presidents' Day Invite 2025,"('9', '10')",California-Santa Barbara,UCLA
4985,February 17,Presidents' Day Invite 2025,"('13', '7')",California-Santa Barbara,California-Davis
4986,February 17,Presidents' Day Invite 2025,"('8', '13')",California-Santa Barbara,Victoria
4987,February 15,Presidents' Day Invite 2025,"('11', '13')",California-San Diego,Northeastern
4988,February 15,Presidents' Day Invite 2025,"('5', '7')",California-San Diego,California-Santa Barbara
4989,February 16,Presidents' Day Invite 2025,"('10', '13')",California-San Diego,Cal Poly-SLO
4990,February 16,Presidents' Day Invite 2025,"('10', '11')",California-San Diego,Oregon State
4991,February 16,Presidents' Day Invite 2025,"('10', '11')",California-San Diego,Stanford
4992,February 17,Presidents' Day Invite 2025,"('10', '11')",California-San Diego,Victoria
4993,February 17,Presidents' Day Invite 2025,"('13', '3')",California-San Diego,California-Davis
4994,February 15,Presidents' Day Invite 2025,"('13', '6')",Colorado,Stanford
4995,February 15,Presidents' Day Invite 2025,"('13', '11')",Colorado,Victoria
4996,February 16,Presidents' Day Invite 2025,"('12', '9')",Colorado,Colorado State
4997,February 16,Presidents' Day Invite 2025,"('13', '5')",Colorado,Victoria
4998,February 16,Presidents' Day Invite 2025,"('10', '13')",Colorado,California
4999,February 16,Presidents' Day Invite 2025,"('13', '12')",Colorado,Cal Poly-SLO
5000,February 17,Presidents' Day Invite 2025,"('8', '13')",Colorado,Oregon
5001,February 17,Presidents' Day Invite 2025,"('11', '13')",Colorado,Northeastern
5002,February 15,Presidents' Day Invite 2025,"('9', '6')",Victoria,UCLA
5003,February 15,Presidents' Day Invite 2025,"('11', '13')",Victoria,Colorado
5004,February 15,Presidents' Day Invite 2025,"('7', '11')",Victoria,Utah
5005,February 16,Presidents' Day Invite 2025,"('11', '13')",Victoria,California
5006,February 16,Presidents' Day Invite 2025,"('5', '13')",Victoria,Colorado
5007,February 16,Presidents' Day Invite 2025,"('6', '12')",Victoria,Colorado State
5008,February 17,Presidents' Day Invite 2025,"('11', '10')",Victoria,California-San Diego
5009,February 17,Presidents' Day Invite 2025,"('13', '8')",Victoria,California-Santa Barbara
5010,February 15,Presidents' Day Invite 2025,"('6', '13')",Stanford,Colorado
5011,February 15,Presidents' Day Invite 2025,"('11', '7')",Stanford,UCLA
5012,February 15,Presidents' Day Invite 2025,"('8', '12')",Stanford,Washington
5013,February 16,Presidents' Day Invite 2025,"('7', '13')",Stanford,Oregon State
5014,February 16,Presidents' Day Invite 2025,"('7', '13')",Stanford,Cal Poly-SLO
5015,February 16,Presidents' Day Invite 2025,"('11', '10')",Stanford,California-San Diego
5016,February 17,Presidents' Day Invite 2025,"('13', '9')",Stanford,Colorado State
5017,February 17,Presidents' Day Invite 2025,"('8', '11')",Stanford,Utah
5018,February 15,Presidents' Day Invite 2025,"('6', '9')",UCLA,Victoria
5019,February 15,Presidents' Day Invite 2025,"('7', '11')",UCLA,Stanford
5020,February 16,Presidents' Day Invite 2025,"('7', '13')",UCLA,California-Santa Cruz
5021,February 16,Presidents' Day Invite 2025,"('5', '13')",UCLA,Washington
5022,February 16,Presidents' Day Invite 2025,"('10', '9')",UCLA,California-Santa Barbara
5023,February 17,Presidents' Day Invite 2025,"('8', '13')",UCLA,Utah
5024,February 17,Presidents' Day Invite 2025,"('9', '10')",UCLA,Colorado State
5025,February 15,Presidents' Day Invite 2025,"('13', '6')",Cal Poly-SLO,California-Davis
5026,February 15,Presidents' Day Invite 2025,"('12', '10')",Cal Poly-SLO,Washington
5027,February 16,Presidents' Day Invite 2025,"('13', '10')",Cal Poly-SLO,California-San Diego
5028,February 16,Presidents' Day Invite 2025,"('13', '7')",Cal Poly-SLO,Stanford
5029,February 16,Presidents' Day Invite 2025,"('13', '9')",Cal Poly-SLO,Oregon State
5030,February 16,Presidents' Day Invite 2025,"('12', '13')",Cal Poly-SLO,Colorado
5031,February 17,Presidents' Day Invite 2025,"('13', '11')",Cal Poly-SLO,California-Santa Cruz
5032,February 17,Presidents' Day Invite 2025,"('13', '11')",Cal Poly-SLO,Washington
5033,February 15,Presidents' Day Invite 2025,"('13', '5')",Washington,Utah
5034,February 15,Presidents' Day Invite 2025,"('10', '12')",Washington,Cal Poly-SLO
5035,February 15,Presidents' Day Invite 2025,"('12', '8')",Washington,Stanford
5036,February 16,Presidents' Day Invite 2025,"('13', '10')",Washington,California-Santa Barbara
5037,February 16,Presidents' Day Invite 2025,"('13', '5')",Washington,UCLA
5038,February 16,Presidents' Day Invite 2025,"('11', '7')",Washington,California-Santa Cruz
5039,February 16,Presidents' Day Invite 2025,"('9', '12')",Washington,Northeastern
5040,February 17,Presidents' Day Invite 2025,"('11', '9')",Washington,California
5041,February 17,Presidents' Day Invite 2025,"('11', '13')",Washington,Cal Poly-SLO
5042,February 15,Presidents' Day Invite 2025,"('5', '13')",Utah,Washington
5043,February 15,Presidents' Day Invite 2025,"('13', '0')",Utah,California-Davis
5044,February 15,Presidents' Day Invite 2025,"('11', '7')",Utah,Victoria
5045,February 16,Presidents' Day Invite 2025,"('7', '12')",Utah,Northeastern
5046,February 16,Presidents' Day Invite 2025,"('13', '1')",Utah,California-Davis
5047,February 16,Presidents' Day Invite 2025,"('11', '13')",Utah,Oregon
5048,February 17,Presidents' Day Invite 2025,"('13', '8')",Utah,UCLA
5049,February 17,Presidents' Day Invite 2025,"('11', '8')",Utah,Stanford
5050,February 15,Presidents' Day Invite 2025,"('6', '13')",California-Davis,Cal Poly-SLO
5051,February 15,Presidents' Day Invite 2025,"('0', '13')",California-Davis,Utah
5052,February 16,Presidents' Day Invite 2025,"('5', '13')",California-Davis,Oregon
5053,February 16,Presidents' Day Invite 2025,"('1', '13')",California-Davis,Utah
5054,February 16,Presidents' Day Invite 2025,"('0', '13')",California-Davis,Northeastern
5055,February 17,Presidents' Day Invite 2025,"('7', '13')",California-Davis,California-Santa Barbara
5056,February 17,Presidents' Day Invite 2025,"('3', '13')",California-Davis,California-San Diego
5057,February 15,Presidents' Day Invite 2025,"('11', '10')",California-Santa Cruz,California
5058,February 15,Presidents' Day Invite 2025,"('10', '9')",California-Santa Cruz,Oregon State
5059,February 16,Presidents' Day Invite 2025,"('13', '7')",California-Santa Cruz,UCLA
5060,February 16,Presidents' Day Invite 2025,"('13', '9')",California-Santa Cruz,California-Santa Barbara
5061,February 16,Presidents' Day Invite 2025,"('7', '11')",California-Santa Cruz,Washington
5062,February 16,Presidents' Day Invite 2025,"('9', '13')",California-Santa Cruz,Oregon
5063,February 17,Presidents' Day Invite 2025,"('11', '13')",California-Santa Cruz,Cal Poly-SLO
5064,February 17,Presidents' Day Invite 2025,"('11', '7')",California-Santa Cruz,California
5065,February 15,Presidents' Day Invite 2025,"('13', '9')",Oregon State,Colorado State
5066,February 15,Presidents' Day Invite 2025,"('9', '10')",Oregon State,California-Santa Cruz
5067,February 15,Presidents' Day Invite 2025,"('11', '6')",Oregon State,California-Santa Barbara
5068,February 16,Presidents' Day Invite 2025,"('13', '7')",Oregon State,Stanford
5069,February 16,Presidents' Day Invite 2025,"('11', '10')",Oregon State,California-San Diego
5070,February 16,Presidents' Day Invite 2025,"('9', '13')",Oregon State,Cal Poly-SLO
5071,February 16,Presidents' Day Invite 2025,"('12', '10')",Oregon State,California
5072,February 17,Presidents' Day Invite 2025,"('13', '12')",Oregon State,Northeastern
5073,February 17,Presidents' Day Invite 2025,"('11', '13')",Oregon State,Oregon
5074,February 15,Presidents' Day Invite 2025,"('10', '11')",California,California-Santa Cruz
5075,February 15,Presidents' Day Invite 2025,"('12', '8')",California,Colorado State
5076,February 15,Presidents' Day Invite 2025,"('9', '8')",California,Northeastern
5077,February 16,Presidents' Day Invite 2025,"('13', '11')",California,Victoria
5078,February 16,Presidents' Day Invite 2025,"('13', '6')",California,Colorado State
5079,February 16,Presidents' Day Invite 2025,"('13', '10')",California,Colorado
5080,February 16,Presidents' Day Invite 2025,"('10', '12')",California,Oregon State
5081,February 17,Presidents' Day Invite 2025,"('9', '11')",California,Washington
5082,February 17,Presidents' Day Invite 2025,"('7', '11')",California,California-Santa Cruz
5083,February 15,Presidents' Day Invite 2025,"('9', '13')",Colorado State,Oregon State
5084,February 15,Presidents' Day Invite 2025,"('8', '12')",Colorado State,California
5085,February 16,Presidents' Day Invite 2025,"('9', '12')",Colorado State,Colorado
5086,February 16,Presidents' Day Invite 2025,"('6', '13')",Colorado State,California
5087,February 16,Presidents' Day Invite 2025,"('12', '6')",Colorado State,Victoria
5088,February 17,Presidents' Day Invite 2025,"('9', '13')",Colorado State,Stanford
5089,February 17,Presidents' Day Invite 2025,"('10', '9')",Colorado State,UCLA
5090,February 15,Vice Presidents' Day Invite 2025,"('10', '9')",San Diego State,Arizona
5091,February 15,Vice Presidents' Day Invite 2025,"('12', '9')",San Diego State,Loyola Marymount
5092,February 15,Vice Presidents' Day Invite 2025,"('10', '8')",San Diego State,California-Irvine
5093,February 15,Vice Presidents' Day Invite 2025,"('12', '11')",San Diego State,Cal Poly-Pomona
5094,February 16,Vice Presidents' Day Invite 2025,"('9', '7')",San Diego State,California-Irvine
5095,February 16,Vice Presidents' Day Invite 2025,"('7', '8')",San Diego State,Grand Canyon
5096,February 15,Vice Presidents' Day Invite 2025,"('9', '10')",Arizona,San Diego State
5097,February 15,Vice Presidents' Day Invite 2025,"('10', '5')",Arizona,Loyola Marymount
5098,February 15,Vice Presidents' Day Invite 2025,"('5', '11')",Arizona,Southern California
5099,February 16,Vice Presidents' Day Invite 2025,"('7', '11')",Arizona,San Jose State
5100,February 16,Vice Presidents' Day Invite 2025,"('9', '7')",Arizona,Loyola Marymount
5101,February 16,Vice Presidents' Day Invite 2025,"('0', '0')",Arizona,Cal Poly-Pomona
5102,February 15,Vice Presidents' Day Invite 2025,"('9', '12')",Loyola Marymount,San Diego State
5103,February 15,Vice Presidents' Day Invite 2025,"('5', '10')",Loyola Marymount,Arizona
5104,February 15,Vice Presidents' Day Invite 2025,"('4', '13')",Loyola Marymount,Grand Canyon
5105,February 16,Vice Presidents' Day Invite 2025,"('6', '11')",Loyola Marymount,Arizona State
5106,February 16,Vice Presidents' Day Invite 2025,"('7', '9')",Loyola Marymount,Arizona
5107,February 16,Vice Presidents' Day Invite 2025,"('6', '11')",Loyola Marymount,Cal Poly-Pomona
5108,February 15,Vice Presidents' Day Invite 2025,"('12', '7')",Grand Canyon,San Jose State
5109,February 15,Vice Presidents' Day Invite 2025,"('9', '7')",Grand Canyon,California-Irvine
5110,February 15,Vice Presidents' Day Invite 2025,"('11', '6')",Grand Canyon,Arizona State
5111,February 15,Vice Presidents' Day Invite 2025,"('13', '4')",Grand Canyon,Loyola Marymount
5112,February 16,Vice Presidents' Day Invite 2025,"('12', '11')",Grand Canyon,Southern California
5113,February 16,Vice Presidents' Day Invite 2025,"('8', '7')",Grand Canyon,San Diego State
5114,February 15,Vice Presidents' Day Invite 2025,"('10', '7')",California-Irvine,San Jose State
5115,February 15,Vice Presidents' Day Invite 2025,"('7', '9')",California-Irvine,Grand Canyon
5116,February 15,Vice Presidents' Day Invite 2025,"('8', '10')",California-Irvine,San Diego State
5117,February 16,Vice Presidents' Day Invite 2025,"('13', '2')",California-Irvine,Cal Poly-Pomona
5118,February 16,Vice Presidents' Day Invite 2025,"('7', '9')",California-Irvine,San Diego State
5119,February 16,Vice Presidents' Day Invite 2025,"('4', '12')",California-Irvine,Southern California
5120,February 15,Vice Presidents' Day Invite 2025,"('7', '12')",San Jose State,Grand Canyon
5121,February 15,Vice Presidents' Day Invite 2025,"('7', '10')",San Jose State,California-Irvine
5122,February 15,Vice Presidents' Day Invite 2025,"('9', '10')",San Jose State,Southern California
5123,February 16,Vice Presidents' Day Invite 2025,"('11', '7')",San Jose State,Arizona
5124,February 16,Vice Presidents' Day Invite 2025,"('9', '8')",San Jose State,Arizona State
5125,February 15,Vice Presidents' Day Invite 2025,"('13', '3')",Southern California,Arizona State
5126,February 15,Vice Presidents' Day Invite 2025,"('11', '10')",Southern California,Cal Poly-Pomona
5127,February 15,Vice Presidents' Day Invite 2025,"('11', '5')",Southern California,Arizona
5128,February 15,Vice Presidents' Day Invite 2025,"('10', '9')",Southern California,San Jose State
5129,February 16,Vice Presidents' Day Invite 2025,"('11', '12')",Southern California,Grand Canyon
5130,February 16,Vice Presidents' Day Invite 2025,"('12', '4')",Southern California,California-Irvine
5131,February 15,Vice Presidents' Day Invite 2025,"('3', '13')",Arizona State,Southern California
5132,February 15,Vice Presidents' Day Invite 2025,"('7', '6')",Arizona State,Cal Poly-Pomona
5133,February 15,Vice Presidents' Day Invite 2025,"('6', '11')",Arizona State,Grand Canyon
5134,February 16,Vice Presidents' Day Invite 2025,"('11', '6')",Arizona State,Loyola Marymount
5135,February 16,Vice Presidents' Day Invite 2025,"('8', '9')",Arizona State,San Jose State
5136,February 15,Vice Presidents' Day Invite 2025,"('6', '7')",Cal Poly-Pomona,Arizona State
5137,February 15,Vice Presidents' Day Invite 2025,"('10', '11')",Cal Poly-Pomona,Southern California
5138,February 15,Vice Presidents' Day Invite 2025,"('11', '12')",Cal Poly-Pomona,San Diego State
5139,February 16,Vice Presidents' Day Invite 2025,"('2', '13')",Cal Poly-Pomona,California-Irvine
5140,February 16,Vice Presidents' Day Invite 2025,"('0', '0')",Cal Poly-Pomona,Arizona
5141,February 16,Vice Presidents' Day Invite 2025,"('11', '6')",Cal Poly-Pomona,Loyola Marymount
5142,February 08,DIII Grand Prix 2025,"('13', '5')",Lewis & Clark,Reed
5143,February 08,DIII Grand Prix 2025,"('12', '8')",Lewis & Clark,Colorado College
5144,February 08,DIII Grand Prix 2025,"('13', '5')",Lewis & Clark,Colorado Mines (Entropy)
5145,February 09,DIII Grand Prix 2025,"('13', '9')",Lewis & Clark,Claremont
5146,February 09,DIII Grand Prix 2025,"('13', '8')",Lewis & Clark,Air Force
5147,February 09,DIII Grand Prix 2025,"('11', '13')",Lewis & Clark,Whitman
5148,February 08,DIII Grand Prix 2025,"('13', '10')",Whitman,Occidental
5149,February 08,DIII Grand Prix 2025,"('13', '6')",Whitman,Air Force
5150,February 08,DIII Grand Prix 2025,"('12', '7')",Whitman,Colorado Mines (Entropy)
5151,February 09,DIII Grand Prix 2025,"('9', '11')",Whitman,Colorado College
5152,February 09,DIII Grand Prix 2025,"('13', '11')",Whitman,Lewis & Clark
5153,February 09,DIII Grand Prix 2025,"('13', '9')",Whitman,Puget Sound
5154,February 08,DIII Grand Prix 2025,"('13', '4')",Colorado College,Pacific Lutheran
5155,February 08,DIII Grand Prix 2025,"('8', '12')",Colorado College,Lewis & Clark
5156,February 08,DIII Grand Prix 2025,"('13', '10')",Colorado College,Puget Sound
5157,February 09,DIII Grand Prix 2025,"('11', '9')",Colorado College,Whitman
5158,February 09,DIII Grand Prix 2025,"('13', '2')",Colorado College,Claremont
5159,February 09,DIII Grand Prix 2025,"('13', '6')",Colorado College,Occidental
5160,February 08,DIII Grand Prix 2025,"('13', '10')",Puget Sound,Colorado Mines (Entropy)
5161,February 08,DIII Grand Prix 2025,"('10', '13')",Puget Sound,Colorado College
5162,February 08,DIII Grand Prix 2025,"('13', '8')",Puget Sound,Occidental
5163,February 09,DIII Grand Prix 2025,"('9', '13')",Puget Sound,Claremont
5164,February 09,DIII Grand Prix 2025,"('13', '7')",Puget Sound,Reed
5165,February 09,DIII Grand Prix 2025,"('9', '13')",Puget Sound,Whitman
5166,February 08,DIII Grand Prix 2025,"('13', '7')",Colorado Mines,Claremont
5167,February 08,DIII Grand Prix 2025,"('10', '13')",Colorado Mines,Puget Sound
5168,February 08,DIII Grand Prix 2025,"('5', '13')",Colorado Mines,Lewis & Clark
5169,February 08,DIII Grand Prix 2025,"('7', '12')",Colorado Mines,Whitman
5170,February 09,DIII Grand Prix 2025,"('13', '6')",Colorado Mines,Reed
5171,February 09,DIII Grand Prix 2025,"('13', '5')",Colorado Mines,Pacific Lutheran
5172,February 08,DIII Grand Prix 2025,"('7', '13')",Claremont,Colorado Mines (Entropy)
5173,February 08,DIII Grand Prix 2025,"('12', '6')",Claremont,Pacific Lutheran
5174,February 09,DIII Grand Prix 2025,"('9', '13')",Claremont,Lewis & Clark
5175,February 09,DIII Grand Prix 2025,"('13', '9')",Claremont,Puget Sound
5176,February 09,DIII Grand Prix 2025,"('2', '13')",Claremont,Colorado College
5177,February 09,DIII Grand Prix 2025,"('13', '6')",Claremont,Air Force
5178,February 08,DIII Grand Prix 2025,"('10', '13')",Occidental,Whitman
5179,February 08,DIII Grand Prix 2025,"('11', '10')",Occidental,Reed
5180,February 08,DIII Grand Prix 2025,"('8', '13')",Occidental,Puget Sound
5181,February 09,DIII Grand Prix 2025,"('13', '9')",Occidental,Air Force
5182,February 09,DIII Grand Prix 2025,"('13', '8')",Occidental,Pacific Lutheran
5183,February 09,DIII Grand Prix 2025,"('6', '13')",Occidental,Colorado College
5184,February 08,DIII Grand Prix 2025,"('6', '13')",Air Force,Whitman
5185,February 08,DIII Grand Prix 2025,"('13', '8')",Air Force,Pacific Lutheran
5186,February 08,DIII Grand Prix 2025,"('13', '7')",Air Force,Reed
5187,February 09,DIII Grand Prix 2025,"('9', '13')",Air Force,Occidental
5188,February 09,DIII Grand Prix 2025,"('8', '13')",Air Force,Lewis & Clark
5189,February 09,DIII Grand Prix 2025,"('6', '13')",Air Force,Claremont
5190,February 08,DIII Grand Prix 2025,"('5', '13')",Reed,Lewis & Clark
5191,February 08,DIII Grand Prix 2025,"('10', '11')",Reed,Occidental
5192,February 08,DIII Grand Prix 2025,"('7', '13')",Reed,Air Force
5193,February 09,DIII Grand Prix 2025,"('6', '13')",Reed,Colorado Mines (Entropy)
5194,February 09,DIII Grand Prix 2025,"('7', '13')",Reed,Puget Sound
5195,February 09,DIII Grand Prix 2025,"('12', '11')",Reed,Pacific Lutheran
5196,February 08,DIII Grand Prix 2025,"('4', '13')",Pacific Lutheran,Colorado College
5197,February 08,DIII Grand Prix 2025,"('6', '12')",Pacific Lutheran,Claremont
5198,February 08,DIII Grand Prix 2025,"('8', '13')",Pacific Lutheran,Air Force
5199,February 09,DIII Grand Prix 2025,"('5', '13')",Pacific Lutheran,Colorado Mines (Entropy)
5200,February 09,DIII Grand Prix 2025,"('8', '13')",Pacific Lutheran,Occidental
5201,February 09,DIII Grand Prix 2025,"('11', '12')",Pacific Lutheran,Reed
5202,February 08,Stanford Open-Men's,"('13', '6')",Cal Poly-SLO [B],Nevada-Reno
5203,February 08,Stanford Open-Men's,"('13', '4')",Cal Poly-SLO [B],Gunn
5204,February 08,Stanford Open-Men's,"('13', '4')",Cal Poly-SLO [B],Cal State-Long Beach
5205,February 09,Stanford Open-Men's,"('13', '6')",Cal Poly-SLO [B],Portland
5206,February 09,Stanford Open-Men's,"('12', '7')",Cal Poly-SLO [B],San Diego State
5207,February 09,Stanford Open-Men's,"('9', '11')",Cal Poly-SLO [B],British Columbia [B]
5208,February 08,Stanford Open-Men's,"('6', '13')",Nevada-Reno,Cal Poly-SLO [B]
5209,February 08,Stanford Open-Men's,"('11', '5')",Nevada-Reno,Cal State-Long Beach
5210,February 08,Stanford Open-Men's,"('10', '9')",Nevada-Reno,Gunn
5211,February 09,Stanford Open-Men's,"('3', '13')",Nevada-Reno,British Columbia [B]
5212,February 09,Stanford Open-Men's,"('9', '7')",Nevada-Reno,Portland
5213,February 09,Stanford Open-Men's,"('8', '11')",Nevada-Reno,Cal Poly-Humboldt
5214,February 08,Stanford Open-Men's,"('12', '6')",Cal State-Long Beach,Gunn
5215,February 08,Stanford Open-Men's,"('5', '11')",Cal State-Long Beach,Nevada-Reno
5216,February 08,Stanford Open-Men's,"('4', '13')",Cal State-Long Beach,Cal Poly-SLO [B]
5217,February 09,Stanford Open-Men's,"('9', '6')",Cal State-Long Beach,UCLA [B]
5218,February 09,Stanford Open-Men's,"('5', '13')",Cal State-Long Beach,Washington [B]
5219,February 09,Stanford Open-Men's,"('4', '13')",Cal State-Long Beach,Chico State
5220,February 08,Stanford Open-Men's,"('6', '12')",Gunn,Cal State-Long Beach
5221,February 08,Stanford Open-Men's,"('4', '13')",Gunn,Cal Poly-SLO [B]
5222,February 08,Stanford Open-Men's,"('9', '10')",Gunn,Nevada-Reno
5223,February 09,Stanford Open-Men's,"('3', '13')",Gunn,Seven Hills Bx
5224,February 09,Stanford Open-Men's,"('4', '13')",Gunn,Oak Storm
5225,February 08,Stanford Open-Men's,"('13', '3')",San Jose State,Cal Poly-Humboldt
5226,February 08,Stanford Open-Men's,"('10', '5')",San Jose State,Oak Storm
5227,February 08,Stanford Open-Men's,"('11', '7')",San Jose State,California [B]
5228,February 09,Stanford Open-Men's,"('10', '9')",San Jose State,California-Santa Cruz [B]
5229,February 09,Stanford Open-Men's,"('5', '7')",San Jose State,British Columbia [B]
5230,February 09,Stanford Open-Men's,"('7', '10')",San Jose State,San Diego State
5231,February 08,Stanford Open-Men's,"('3', '13')",Cal Poly-Humboldt,San Jose State
5232,February 08,Stanford Open-Men's,"('13', '1')",Cal Poly-Humboldt,California [B]
5233,February 08,Stanford Open-Men's,"('10', '7')",Cal Poly-Humboldt,Oak Storm
5234,February 09,Stanford Open-Men's,"('5', '9')",Cal Poly-Humboldt,San Diego State
5235,February 09,Stanford Open-Men's,"('9', '8')",Cal Poly-Humboldt,California-Santa Cruz [B]
5236,February 09,Stanford Open-Men's,"('11', '8')",Cal Poly-Humboldt,Nevada-Reno
5237,February 08,Stanford Open-Men's,"('11', '7')",Oak Storm,California [B]
5238,February 08,Stanford Open-Men's,"('5', '10')",Oak Storm,San Jose State
5239,February 08,Stanford Open-Men's,"('7', '10')",Oak Storm,Cal Poly-Humboldt
5240,February 09,Stanford Open-Men's,"('6', '11')",Oak Storm,Seven Hills Bx
5241,February 09,Stanford Open-Men's,"('4', '13')",Oak Storm,Gold Rush
5242,February 09,Stanford Open-Men's,"('13', '4')",Oak Storm,Gunn
5243,February 08,Stanford Open-Men's,"('7', '11')",California [B],Oak Storm
5244,February 08,Stanford Open-Men's,"('1', '13')",California [B],Cal Poly-Humboldt
5245,February 08,Stanford Open-Men's,"('7', '11')",California [B],San Jose State
5246,February 09,Stanford Open-Men's,"('12', '10')",California [B],Loyola Marymount
5247,February 09,Stanford Open-Men's,"('10', '9')",California [B],Chico State
5248,February 09,Stanford Open-Men's,"('8', '13')",California [B],Washington [B]
5249,February 08,Stanford Open-Men's,"('13', '5')",Seven Hills Bx,San Diego State
5250,February 08,Stanford Open-Men's,"('11', '8')",Seven Hills Bx,Washington [B]
5251,February 08,Stanford Open-Men's,"('13', '1')",Seven Hills Bx,Chico State
5252,February 09,Stanford Open-Men's,"('11', '6')",Seven Hills Bx,Oak Storm
5253,February 09,Stanford Open-Men's,"('13', '3')",Seven Hills Bx,Gunn
5254,February 09,Stanford Open-Men's,"('5', '13')",Seven Hills Bx,Gold Rush
5255,February 08,Stanford Open-Men's,"('5', '13')",San Diego State,Seven Hills Bx
5256,February 08,Stanford Open-Men's,"('13', '3')",San Diego State,Chico State
5257,February 08,Stanford Open-Men's,"('8', '7')",San Diego State,Washington [B]
5258,February 09,Stanford Open-Men's,"('9', '5')",San Diego State,Cal Poly-Humboldt
5259,February 09,Stanford Open-Men's,"('7', '12')",San Diego State,Cal Poly-SLO [B]
5260,February 09,Stanford Open-Men's,"('10', '7')",San Diego State,San Jose State
5261,February 08,Stanford Open-Men's,"('12', '3')",Washington [B],Chico State
5262,February 08,Stanford Open-Men's,"('8', '11')",Washington [B],Seven Hills Bx
5263,February 08,Stanford Open-Men's,"('7', '8')",Washington [B],San Diego State
5264,February 09,Stanford Open-Men's,"('13', '3')",Washington [B],Stanford [B]
5265,February 09,Stanford Open-Men's,"('13', '5')",Washington [B],Cal State-Long Beach
5266,February 09,Stanford Open-Men's,"('13', '8')",Washington [B],California [B]
5267,February 08,Stanford Open-Men's,"('3', '12')",Chico State,Washington [B]
5268,February 08,Stanford Open-Men's,"('3', '13')",Chico State,San Diego State
5269,February 08,Stanford Open-Men's,"('1', '13')",Chico State,Seven Hills Bx
5270,February 09,Stanford Open-Men's,"('9', '10')",Chico State,California [B]
5271,February 09,Stanford Open-Men's,"('13', '4')",Chico State,Cal State-Long Beach
5272,February 08,Stanford Open-Men's,"('13', '5')",Gold Rush,Loyola Marymount
5273,February 08,Stanford Open-Men's,"('13', '3')",Gold Rush,UCLA [B]
5274,February 08,Stanford Open-Men's,"('13', '5')",Gold Rush,California-Santa Cruz [B]
5275,February 09,Stanford Open-Men's,"('13', '4')",Gold Rush,Oak Storm
5276,February 09,Stanford Open-Men's,"('13', '5')",Gold Rush,Seven Hills Bx
5277,February 08,Stanford Open-Men's,"('12', '4')",California-Santa Cruz [B],UCLA [B]
5278,February 08,Stanford Open-Men's,"('12', '10')",California-Santa Cruz [B],Loyola Marymount
5279,February 08,Stanford Open-Men's,"('5', '13')",California-Santa Cruz [B],Gold Rush
5280,February 09,Stanford Open-Men's,"('9', '10')",California-Santa Cruz [B],San Jose State
5281,February 09,Stanford Open-Men's,"('8', '9')",California-Santa Cruz [B],Cal Poly-Humboldt
5282,February 09,Stanford Open-Men's,"('12', '8')",California-Santa Cruz [B],Portland
5283,February 08,Stanford Open-Men's,"('5', '13')",Loyola Marymount,Gold Rush
5284,February 08,Stanford Open-Men's,"('10', '12')",Loyola Marymount,California-Santa Cruz [B]
5285,February 08,Stanford Open-Men's,"('11', '9')",Loyola Marymount,UCLA [B]
5286,February 09,Stanford Open-Men's,"('10', '12')",Loyola Marymount,California [B]
5287,February 09,Stanford Open-Men's,"('11', '8')",Loyola Marymount,Stanford [B]
5288,February 09,Stanford Open-Men's,"('11', '10')",Loyola Marymount,UCLA [B]
5289,February 08,Stanford Open-Men's,"('4', '12')",UCLA [B],California-Santa Cruz [B]
5290,February 08,Stanford Open-Men's,"('3', '13')",UCLA [B],Gold Rush
5291,February 08,Stanford Open-Men's,"('9', '11')",UCLA [B],Loyola Marymount
5292,February 09,Stanford Open-Men's,"('6', '9')",UCLA [B],Cal State-Long Beach
5293,February 09,Stanford Open-Men's,"('10', '11')",UCLA [B],Loyola Marymount
5294,February 08,Stanford Open-Men's,"('13', '2')",British Columbia  [B],Stanford [B]
5295,February 08,Stanford Open-Men's,"('12', '4')",British Columbia  [B],Santa Clara [B]
5296,February 08,Stanford Open-Men's,"('12', '4')",British Columbia  [B],Portland
5297,February 09,Stanford Open-Men's,"('13', '3')",British Columbia  [B],Nevada-Reno
5298,February 09,Stanford Open-Men's,"('7', '5')",British Columbia  [B],San Jose State
5299,February 09,Stanford Open-Men's,"('11', '9')",British Columbia  [B],Cal Poly-SLO [B]
5300,February 08,Stanford Open-Men's,"('10', '9')",Portland,Santa Clara [B]
5301,February 08,Stanford Open-Men's,"('10', '8')",Portland,Stanford [B]
5302,February 08,Stanford Open-Men's,"('4', '12')",Portland,British Columbia [B]
5303,February 09,Stanford Open-Men's,"('6', '13')",Portland,Cal Poly-SLO [B]
5304,February 09,Stanford Open-Men's,"('7', '9')",Portland,Nevada-Reno
5305,February 09,Stanford Open-Men's,"('8', '12')",Portland,California-Santa Cruz [B]
5306,February 08,Stanford Open-Men's,"('9', '10')",Santa Clara [B],Portland
5307,February 08,Stanford Open-Men's,"('4', '12')",Santa Clara [B],British Columbia [B]
5308,February 08,Stanford Open-Men's,"('12', '8')",Santa Clara [B],Stanford [B]
5309,February 08,Stanford Open-Men's,"('2', '13')",Stanford [B],British Columbia [B]
5310,February 08,Stanford Open-Men's,"('8', '10')",Stanford [B],Portland
5311,February 08,Stanford Open-Men's,"('8', '12')",Stanford [B],Santa Clara [B]
5312,February 09,Stanford Open-Men's,"('3', '13')",Stanford [B],Washington [B]
5313,February 09,Stanford Open-Men's,"('8', '11')",Stanford [B],Loyola Marymount
5314,February 01,Pres Day Quals (men),"('13', '12')",Stanford,Cal Poly-CCWR
5315,February 01,Pres Day Quals (men),"('13', '7')",Stanford,California-Davis
5316,February 01,Pres Day Quals (men),"('13', '4')",Stanford,California [B]
5317,February 02,Pres Day Quals (men),"('13', '5')",Stanford,Santa Clara
5318,February 02,Pres Day Quals (men),"('11', '9')",Stanford,Cal Poly-SLO [B]
5319,February 02,Pres Day Quals (men),"('13', '3')",Stanford,Grand Canyon
5320,February 01,Pres Day Quals (men),"('12', '13')",Cal Poly-CCWR,Stanford
5321,February 01,Pres Day Quals (men),"('13', '2')",Cal Poly-CCWR,California [B]
5322,February 01,Pres Day Quals (men),"('13', '1')",Cal Poly-CCWR,California-Davis
5323,February 02,Pres Day Quals (men),"('13', '2')",Cal Poly-CCWR,California-Santa Barbara [B]
5324,February 02,Pres Day Quals (men),"('13', '3')",Cal Poly-CCWR,California [B]
5325,February 01,Pres Day Quals (men),"('7', '13')",California-Davis,Stanford
5326,February 01,Pres Day Quals (men),"('1', '13')",California-Davis,Cal Poly-CCWR
5327,February 01,Pres Day Quals (men),"('13', '6')",California-Davis,California [B]
5328,February 02,Pres Day Quals (men),"('6', '13')",California-Davis,Grand Canyon
5329,February 02,Pres Day Quals (men),"('8', '13')",California-Davis,California-Irvine
5330,February 02,Pres Day Quals (men),"('5', '9')",California-Davis,UCLA [B]
5331,February 01,Pres Day Quals (men),"('2', '13')",California [B],Cal Poly-CCWR
5332,February 01,Pres Day Quals (men),"('4', '13')",California [B],Stanford
5333,February 01,Pres Day Quals (men),"('6', '13')",California [B],California-Davis
5334,February 02,Pres Day Quals (men),"('12', '9')",California [B],California-San Diego [B]
5335,February 02,Pres Day Quals (men),"('6', '13')",California [B],Cal Poly-Pomona
5336,February 02,Pres Day Quals (men),"('3', '13')",California [B],Cal Poly-CCWR
5337,February 01,Pres Day Quals (men),"('13', '4')",Grand Canyon,Cal Poly-SLO [C]
5338,February 01,Pres Day Quals (men),"('13', '2')",Grand Canyon,California-San Diego [B]
5339,February 01,Pres Day Quals (men),"('13', '7')",Grand Canyon,UCLA [B]
5340,February 02,Pres Day Quals (men),"('13', '6')",Grand Canyon,California-Davis
5341,February 02,Pres Day Quals (men),"('13', '5')",Grand Canyon,Southern California
5342,February 02,Pres Day Quals (men),"('3', '13')",Grand Canyon,Stanford
5343,February 01,Pres Day Quals (men),"('13', '8')",UCLA [B],California-San Diego [B]
5344,February 01,Pres Day Quals (men),"('13', '7')",UCLA [B],Cal Poly-SLO [C]
5345,February 01,Pres Day Quals (men),"('7', '13')",UCLA [B],Grand Canyon
5346,February 02,Pres Day Quals (men),"('8', '12')",UCLA [B],Cal Poly-SLO [B]
5347,February 02,Pres Day Quals (men),"('7', '11')",UCLA [B],Santa Clara
5348,February 02,Pres Day Quals (men),"('9', '5')",UCLA [B],California-Davis
5349,February 01,Pres Day Quals (men),"('8', '13')",California-San Diego [B],UCLA [B]
5350,February 01,Pres Day Quals (men),"('2', '13')",California-San Diego [B],Grand Canyon
5351,February 01,Pres Day Quals (men),"('13', '9')",California-San Diego [B],Cal Poly-SLO [C]
5352,February 02,Pres Day Quals (men),"('9', '12')",California-San Diego [B],California [B]
5353,February 02,Pres Day Quals (men),"('10', '9')",California-San Diego [B],San Diego State [B]
5354,February 02,Pres Day Quals (men),"('5', '9')",California-San Diego [B],California-Santa Barbara [B]
5355,February 01,Pres Day Quals (men),"('4', '13')",Cal Poly-SLO-C,Grand Canyon
5356,February 01,Pres Day Quals (men),"('7', '13')",Cal Poly-SLO-C,UCLA [B]
5357,February 01,Pres Day Quals (men),"('9', '13')",Cal Poly-SLO-C,California-San Diego [B]
5358,February 02,Pres Day Quals (men),"('6', '13')",Cal Poly-SLO-C,California-Santa Cruz [B]
5359,February 02,Pres Day Quals (men),"('6', '13')",Cal Poly-SLO-C,California-Santa Barbara [B]
5360,February 01,Pres Day Quals (men),"('13', '5')",Southern California,Cal Poly-Pomona
5361,February 01,Pres Day Quals (men),"('13', '6')",Southern California,California-Santa Barbara [B]
5362,February 01,Pres Day Quals (men),"('13', '5')",Southern California,Santa Clara
5363,February 02,Pres Day Quals (men),"('10', '9')",Southern California,California-Irvine
5364,February 02,Pres Day Quals (men),"('5', '13')",Southern California,Grand Canyon
5365,February 01,Pres Day Quals (men),"('12', '5')",Santa Clara,California-Santa Barbara [B]
5366,February 01,Pres Day Quals (men),"('13', '7')",Santa Clara,Cal Poly-Pomona
5367,February 01,Pres Day Quals (men),"('5', '13')",Santa Clara,Southern California
5368,February 02,Pres Day Quals (men),"('5', '13')",Santa Clara,Stanford
5369,February 02,Pres Day Quals (men),"('11', '7')",Santa Clara,UCLA [B]
5370,February 01,Pres Day Quals (men),"('5', '13')",Cal Poly-Pomona,Southern California
5371,February 01,Pres Day Quals (men),"('7', '13')",Cal Poly-Pomona,Santa Clara
5372,February 01,Pres Day Quals (men),"('12', '10')",Cal Poly-Pomona,California-Santa Barbara [B]
5373,February 02,Pres Day Quals (men),"('12', '8')",Cal Poly-Pomona,San Diego State [B]
5374,February 02,Pres Day Quals (men),"('13', '6')",Cal Poly-Pomona,California [B]
5375,February 02,Pres Day Quals (men),"('4', '12')",Cal Poly-Pomona,California-Santa Cruz [B]
5376,February 01,Pres Day Quals (men),"('5', '12')",California-Santa Barbara [B],Santa Clara
5377,February 01,Pres Day Quals (men),"('6', '13')",California-Santa Barbara [B],Southern California
5378,February 01,Pres Day Quals (men),"('10', '12')",California-Santa Barbara [B],Cal Poly-Pomona
5379,February 02,Pres Day Quals (men),"('2', '13')",California-Santa Barbara [B],Cal Poly-CCWR
5380,February 02,Pres Day Quals (men),"('13', '6')",California-Santa Barbara [B],Cal Poly-SLO [C]
5381,February 02,Pres Day Quals (men),"('9', '5')",California-Santa Barbara [B],California-San Diego [B]
5382,February 01,Pres Day Quals (men),"('13', '2')",Cal Poly-SLO [B],San Diego State [B]
5383,February 01,Pres Day Quals (men),"('10', '8')",Cal Poly-SLO [B],California-Santa Cruz [B]
5384,February 01,Pres Day Quals (men),"('12', '8')",Cal Poly-SLO [B],California-Irvine
5385,February 02,Pres Day Quals (men),"('12', '8')",Cal Poly-SLO [B],UCLA [B]
5386,February 02,Pres Day Quals (men),"('9', '11')",Cal Poly-SLO [B],Stanford
5387,February 01,Pres Day Quals (men),"('13', '8')",California-Irvine,California-Santa Cruz [B]
5388,February 01,Pres Day Quals (men),"('13', '2')",California-Irvine,San Diego State [B]
5389,February 01,Pres Day Quals (men),"('8', '12')",California-Irvine,Cal Poly-SLO [B]
5390,February 02,Pres Day Quals (men),"('9', '10')",California-Irvine,Southern California
5391,February 02,Pres Day Quals (men),"('13', '8')",California-Irvine,California-Davis
5392,February 01,Pres Day Quals (men),"('8', '13')",California-Santa Cruz [B],California-Irvine
5393,February 01,Pres Day Quals (men),"('8', '10')",California-Santa Cruz [B],Cal Poly-SLO [B]
5394,February 01,Pres Day Quals (men),"('13', '2')",California-Santa Cruz [B],San Diego State [B]
5395,February 02,Pres Day Quals (men),"('13', '6')",California-Santa Cruz [B],Cal Poly-SLO [C]
5396,February 02,Pres Day Quals (men),"('12', '4')",California-Santa Cruz [B],Cal Poly-Pomona
5397,February 01,Pres Day Quals (men),"('2', '13')",San Diego State [B],Cal Poly-SLO [B]
5398,February 01,Pres Day Quals (men),"('2', '13')",San Diego State [B],California-Irvine
5399,February 01,Pres Day Quals (men),"('2', '13')",San Diego State [B],California-Santa Cruz [B]
5400,February 02,Pres Day Quals (men),"('8', '12')",San Diego State [B],Cal Poly-Pomona
5401,February 02,Pres Day Quals (men),"('9', '10')",San Diego State [B],California-San Diego [B]
5402,January 31,Florida Warm Up 2025,"('13', '7')",Brigham Young,Minnesota
5403,January 31,Florida Warm Up 2025,"('13', '10')",Brigham Young,Washington University
5404,January 31,Florida Warm Up 2025,"('13', '7')",Brigham Young,Purdue
5405,January 31,Florida Warm Up 2025,"('10', '7')",Brigham Young,Pittsburgh
5406,February 01,Florida Warm Up 2025,"('13', '8')",Brigham Young,Emory
5407,February 01,Florida Warm Up 2025,"('13', '8')",Brigham Young,Tulane
5408,February 01,Florida Warm Up 2025,"('13', '7')",Brigham Young,Vermont
5409,February 01,Florida Warm Up 2025,"('13', '3')",Brigham Young,Central Florida
5410,January 31,Florida Warm Up 2025,"('13', '2')",Carleton College,Virginia Tech
5411,January 31,Florida Warm Up 2025,"('11', '9')",Carleton College,Brown
5412,January 31,Florida Warm Up 2025,"('11', '9')",Carleton College,Utah State
5413,February 01,Florida Warm Up 2025,"('13', '2')",Carleton College,Alabama-Huntsville
5414,February 01,Florida Warm Up 2025,"('13', '1')",Carleton College,Florida State
5415,February 01,Florida Warm Up 2025,"('13', '9')",Carleton College,Pittsburgh
5416,February 02,Florida Warm Up 2025,"('13', '9')",Carleton College,Texas
5417,February 02,Florida Warm Up 2025,"('13', '10')",Carleton College,Massachusetts
5418,January 31,Florida Warm Up 2025,"('12', '7')",Texas,Florida
5419,January 31,Florida Warm Up 2025,"('13', '6')",Texas,Virginia Tech
5420,January 31,Florida Warm Up 2025,"('11', '13')",Texas,Vermont
5421,February 01,Florida Warm Up 2025,"('13', '11')",Texas,Minnesota
5422,February 01,Florida Warm Up 2025,"('12', '9')",Texas,Georgia
5423,February 01,Florida Warm Up 2025,"('13', '10')",Texas,Georgia
5424,February 02,Florida Warm Up 2025,"('9', '13')",Texas,Carleton College
5425,February 02,Florida Warm Up 2025,"('12', '9')",Texas,Washington University
5426,January 31,Florida Warm Up 2025,"('10', '8')",Massachusetts,Utah State
5427,January 31,Florida Warm Up 2025,"('10', '11')",Massachusetts,Georgia
5428,January 31,Florida Warm Up 2025,"('13', '3')",Massachusetts,Florida
5429,February 01,Florida Warm Up 2025,"('13', '4')",Massachusetts,Virginia Tech
5430,February 01,Florida Warm Up 2025,"('13', '7')",Massachusetts,Michigan
5431,February 01,Florida Warm Up 2025,"('13', '8')",Massachusetts,Vermont
5432,February 02,Florida Warm Up 2025,"('13', '9')",Massachusetts,Washington University
5433,February 02,Florida Warm Up 2025,"('10', '13')",Massachusetts,Carleton College
5434,January 31,Florida Warm Up 2025,"('12', '9')",Georgia,Wisconsin
5435,January 31,Florida Warm Up 2025,"('13', '5')",Georgia,Florida State
5436,January 31,Florida Warm Up 2025,"('11', '10')",Georgia,Massachusetts
5437,February 01,Florida Warm Up 2025,"('9', '12')",Georgia,Texas
5438,February 01,Florida Warm Up 2025,"('13', '10')",Georgia,Utah State
5439,February 01,Florida Warm Up 2025,"('10', '13')",Georgia,Texas
5440,February 02,Florida Warm Up 2025,"('13', '11')",Georgia,Pittsburgh
5441,January 31,Florida Warm Up 2025,"('10', '13')",Washington University,Brigham Young
5442,January 31,Florida Warm Up 2025,"('13', '2')",Washington University,Florida State
5443,January 31,Florida Warm Up 2025,"('13', '4')",Washington University,Brown
5444,February 01,Florida Warm Up 2025,"('13', '7')",Washington University,Cornell
5445,February 01,Florida Warm Up 2025,"('13', '7')",Washington University,Alabama-Huntsville
5446,February 01,Florida Warm Up 2025,"('13', '8')",Washington University,Michigan
5447,February 02,Florida Warm Up 2025,"('9', '13')",Washington University,Massachusetts
5448,February 02,Florida Warm Up 2025,"('9', '12')",Washington University,Texas
5449,January 31,Florida Warm Up 2025,"('11', '8')",Michigan,Cornell
5450,January 31,Florida Warm Up 2025,"('11', '8')",Michigan,Florida
5451,January 31,Florida Warm Up 2025,"('12', '9')",Michigan,Alabama-Huntsville
5452,February 01,Florida Warm Up 2025,"('11', '10')",Michigan,Texas A&M
5453,February 01,Florida Warm Up 2025,"('7', '13')",Michigan,Massachusetts
5454,February 01,Florida Warm Up 2025,"('8', '13')",Michigan,Washington University
5455,February 02,Florida Warm Up 2025,"('12', '11')",Michigan,Vermont
5456,January 31,Florida Warm Up 2025,"('10', '11')",Vermont,Tulane
5457,January 31,Florida Warm Up 2025,"('13', '0')",Vermont,Central Florida
5458,January 31,Florida Warm Up 2025,"('13', '11')",Vermont,Texas
5459,February 01,Florida Warm Up 2025,"('13', '8')",Vermont,Wisconsin
5460,February 01,Florida Warm Up 2025,"('7', '13')",Vermont,Brigham Young
5461,February 01,Florida Warm Up 2025,"('8', '13')",Vermont,Massachusetts
5462,February 02,Florida Warm Up 2025,"('11', '12')",Vermont,Michigan
5463,February 02,Florida Warm Up 2025,"('12', '13')",Vermont,Pittsburgh
5464,January 31,Florida Warm Up 2025,"('9', '10')",Emory,Cornell
5465,January 31,Florida Warm Up 2025,"('13', '5')",Emory,Central Florida
5466,January 31,Florida Warm Up 2025,"('10', '6')",Emory,Texas A&M
5467,February 01,Florida Warm Up 2025,"('8', '13')",Emory,Brigham Young
5468,February 01,Florida Warm Up 2025,"('13', '11')",Emory,Brown
5469,February 01,Florida Warm Up 2025,"('12', '11')",Emory,Tulane
5470,February 02,Florida Warm Up 2025,"('8', '13')",Emory,Brown
5471,February 02,Florida Warm Up 2025,"('11', '13')",Emory,Minnesota
5472,January 31,Florida Warm Up 2025,"('12', '11')",McGill,Alabama-Huntsville
5473,January 31,Florida Warm Up 2025,"('9', '10')",McGill,Virginia Tech
5474,January 31,Florida Warm Up 2025,"('4', '13')",McGill,Minnesota
5475,February 01,Florida Warm Up 2025,"('13', '1')",McGill,Florida State
5476,February 01,Florida Warm Up 2025,"('13', '10')",McGill,Texas A&M
5477,February 01,Florida Warm Up 2025,"('12', '13')",McGill,Brown
5478,February 02,Florida Warm Up 2025,"('8', '10')",McGill,Tulane
5479,February 02,Florida Warm Up 2025,"('9', '10')",McGill,Utah State
5480,January 31,Florida Warm Up 2025,"('12', '9')",Pittsburgh,South Florida
5481,January 31,Florida Warm Up 2025,"('11', '13')",Pittsburgh,Brown
5482,January 31,Florida Warm Up 2025,"('7', '10')",Pittsburgh,Brigham Young
5483,February 01,Florida Warm Up 2025,"('13', '9')",Pittsburgh,Minnesota
5484,February 01,Florida Warm Up 2025,"('13', '6')",Pittsburgh,Purdue
5485,February 01,Florida Warm Up 2025,"('9', '13')",Pittsburgh,Carleton College
5486,February 02,Florida Warm Up 2025,"('11', '13')",Pittsburgh,Georgia
5487,February 02,Florida Warm Up 2025,"('13', '12')",Pittsburgh,Vermont
5488,January 31,Florida Warm Up 2025,"('13', '8')",Wisconsin,Texas A&M
5489,January 31,Florida Warm Up 2025,"('9', '12')",Wisconsin,Georgia
5490,January 31,Florida Warm Up 2025,"('13', '6')",Wisconsin,Purdue
5491,February 01,Florida Warm Up 2025,"('8', '13')",Wisconsin,Vermont
5492,February 01,Florida Warm Up 2025,"('13', '8')",Wisconsin,Central Florida
5493,February 01,Florida Warm Up 2025,"('13', '8')",Wisconsin,Purdue
5494,February 02,Florida Warm Up 2025,"('11', '9')",Wisconsin,Minnesota
5495,February 02,Florida Warm Up 2025,"('9', '13')",Wisconsin,Brown
5496,January 31,Florida Warm Up 2025,"('10', '7')",Purdue,Tulane
5497,January 31,Florida Warm Up 2025,"('7', '13')",Purdue,Brigham Young
5498,January 31,Florida Warm Up 2025,"('6', '13')",Purdue,Wisconsin
5499,February 01,Florida Warm Up 2025,"('6', '13')",Purdue,Pittsburgh
5500,February 01,Florida Warm Up 2025,"('13', '5')",Purdue,South Florida
5501,February 01,Florida Warm Up 2025,"('8', '13')",Purdue,Wisconsin
5502,February 02,Florida Warm Up 2025,"('12', '13')",Purdue,Utah State
5503,February 02,Florida Warm Up 2025,"('5', '9')",Purdue,Texas A&M
5504,January 31,Florida Warm Up 2025,"('9', '11')",Brown,Carleton College
5505,January 31,Florida Warm Up 2025,"('13', '11')",Brown,Pittsburgh
5506,January 31,Florida Warm Up 2025,"('4', '13')",Brown,Washington University
5507,February 01,Florida Warm Up 2025,"('11', '13')",Brown,Emory
5508,February 01,Florida Warm Up 2025,"('13', '9')",Brown,South Florida
5509,February 01,Florida Warm Up 2025,"('13', '12')",Brown,McGill
5510,February 02,Florida Warm Up 2025,"('13', '8')",Brown,Emory
5511,February 02,Florida Warm Up 2025,"('13', '9')",Brown,Wisconsin
5512,January 31,Florida Warm Up 2025,"('2', '13')",Virginia Tech,Carleton College
5513,January 31,Florida Warm Up 2025,"('10', '9')",Virginia Tech,McGill
5514,January 31,Florida Warm Up 2025,"('6', '13')",Virginia Tech,Texas
5515,February 01,Florida Warm Up 2025,"('11', '10')",Virginia Tech,Florida
5516,February 01,Florida Warm Up 2025,"('4', '13')",Virginia Tech,Massachusetts
5517,February 01,Florida Warm Up 2025,"('13', '7')",Virginia Tech,South Florida
5518,February 02,Florida Warm Up 2025,"('13', '7')",Virginia Tech,Central Florida
5519,February 02,Florida Warm Up 2025,"('13', '7')",Virginia Tech,Cornell
5520,January 31,Florida Warm Up 2025,"('10', '9')",Cornell,Emory
5521,January 31,Florida Warm Up 2025,"('9', '5')",Cornell,South Florida
5522,January 31,Florida Warm Up 2025,"('8', '11')",Cornell,Michigan
5523,February 01,Florida Warm Up 2025,"('7', '13')",Cornell,Washington University
5524,February 01,Florida Warm Up 2025,"('9', '13')",Cornell,Utah State
5525,February 01,Florida Warm Up 2025,"('13', '9')",Cornell,Florida State
5526,February 02,Florida Warm Up 2025,"('10', '9')",Cornell,Florida
5527,February 02,Florida Warm Up 2025,"('7', '13')",Cornell,Virginia Tech
5528,January 31,Florida Warm Up 2025,"('7', '10')",Tulane,Purdue
5529,January 31,Florida Warm Up 2025,"('11', '10')",Tulane,Vermont
5530,January 31,Florida Warm Up 2025,"('9', '13')",Tulane,Minnesota
5531,February 01,Florida Warm Up 2025,"('8', '13')",Tulane,Brigham Young
5532,February 01,Florida Warm Up 2025,"('12', '8')",Tulane,Florida
5533,February 01,Florida Warm Up 2025,"('11', '12')",Tulane,Emory
5534,February 02,Florida Warm Up 2025,"('10', '8')",Tulane,McGill
5535,January 31,Florida Warm Up 2025,"('7', '13')",Minnesota,Brigham Young
5536,January 31,Florida Warm Up 2025,"('13', '4')",Minnesota,McGill
5537,January 31,Florida Warm Up 2025,"('13', '9')",Minnesota,Tulane
5538,February 01,Florida Warm Up 2025,"('11', '13')",Minnesota,Texas
5539,February 01,Florida Warm Up 2025,"('9', '13')",Minnesota,Pittsburgh
5540,February 01,Florida Warm Up 2025,"('13', '12')",Minnesota,Utah State
5541,February 02,Florida Warm Up 2025,"('9', '11')",Minnesota,Wisconsin
5542,February 02,Florida Warm Up 2025,"('13', '11')",Minnesota,Emory
5543,January 31,Florida Warm Up 2025,"('13', '4')",Utah State,Florida State
5544,January 31,Florida Warm Up 2025,"('8', '10')",Utah State,Massachusetts
5545,January 31,Florida Warm Up 2025,"('9', '11')",Utah State,Carleton College
5546,February 01,Florida Warm Up 2025,"('13', '9')",Utah State,Cornell
5547,February 01,Florida Warm Up 2025,"('10', '13')",Utah State,Georgia
5548,February 01,Florida Warm Up 2025,"('12', '13')",Utah State,Minnesota
5549,February 02,Florida Warm Up 2025,"('13', '12')",Utah State,Purdue
5550,February 02,Florida Warm Up 2025,"('10', '9')",Utah State,McGill
5551,January 31,Florida Warm Up 2025,"('8', '13')",Texas A&M,Wisconsin
5552,January 31,Florida Warm Up 2025,"('11', '8')",Texas A&M,Central Florida
5553,January 31,Florida Warm Up 2025,"('6', '10')",Texas A&M,Emory
5554,February 01,Florida Warm Up 2025,"('10', '11')",Texas A&M,Michigan
5555,February 01,Florida Warm Up 2025,"('10', '13')",Texas A&M,McGill
5556,February 01,Florida Warm Up 2025,"('10', '12')",Texas A&M,Florida
5557,February 02,Florida Warm Up 2025,"('11', '10')",Texas A&M,South Florida
5558,February 02,Florida Warm Up 2025,"('9', '5')",Texas A&M,Purdue
5559,January 31,Florida Warm Up 2025,"('11', '12')",Alabama-Huntsville,McGill
5560,January 31,Florida Warm Up 2025,"('10', '7')",Alabama-Huntsville,South Florida
5561,January 31,Florida Warm Up 2025,"('9', '12')",Alabama-Huntsville,Michigan
5562,February 01,Florida Warm Up 2025,"('2', '13')",Alabama-Huntsville,Carleton College
5563,February 01,Florida Warm Up 2025,"('7', '13')",Alabama-Huntsville,Washington University
5564,February 01,Florida Warm Up 2025,"('9', '11')",Alabama-Huntsville,Central Florida
5565,February 02,Florida Warm Up 2025,"('12', '8')",Alabama-Huntsville,Florida State
5566,January 31,Florida Warm Up 2025,"('5', '9')",South Florida,Cornell
5567,January 31,Florida Warm Up 2025,"('9', '12')",South Florida,Pittsburgh
5568,January 31,Florida Warm Up 2025,"('7', '10')",South Florida,Alabama-Huntsville
5569,February 01,Florida Warm Up 2025,"('9', '13')",South Florida,Brown
5570,February 01,Florida Warm Up 2025,"('5', '13')",South Florida,Purdue
5571,February 01,Florida Warm Up 2025,"('7', '13')",South Florida,Virginia Tech
5572,February 02,Florida Warm Up 2025,"('10', '11')",South Florida,Texas A&M
5573,February 02,Florida Warm Up 2025,"('12', '9')",South Florida,Florida State
5574,January 31,Florida Warm Up 2025,"('7', '12')",Florida,Texas
5575,January 31,Florida Warm Up 2025,"('8', '11')",Florida,Michigan
5576,January 31,Florida Warm Up 2025,"('3', '13')",Florida,Massachusetts
5577,February 01,Florida Warm Up 2025,"('10', '11')",Florida,Virginia Tech
5578,February 01,Florida Warm Up 2025,"('8', '12')",Florida,Tulane
5579,February 01,Florida Warm Up 2025,"('12', '10')",Florida,Texas A&M
5580,February 02,Florida Warm Up 2025,"('9', '10')",Florida,Cornell
5581,February 02,Florida Warm Up 2025,"('11', '8')",Florida,Central Florida
5582,January 31,Florida Warm Up 2025,"('5', '13')",Central Florida,Emory
5583,January 31,Florida Warm Up 2025,"('8', '11')",Central Florida,Texas A&M
5584,January 31,Florida Warm Up 2025,"('0', '13')",Central Florida,Vermont
5585,February 01,Florida Warm Up 2025,"('8', '13')",Central Florida,Wisconsin
5586,February 01,Florida Warm Up 2025,"('3', '13')",Central Florida,Brigham Young
5587,February 01,Florida Warm Up 2025,"('11', '9')",Central Florida,Alabama-Huntsville
5588,February 02,Florida Warm Up 2025,"('7', '13')",Central Florida,Virginia Tech
5589,February 02,Florida Warm Up 2025,"('8', '11')",Central Florida,Florida
5590,January 31,Florida Warm Up 2025,"('4', '13')",Florida State,Utah State
5591,January 31,Florida Warm Up 2025,"('5', '13')",Florida State,Georgia
5592,January 31,Florida Warm Up 2025,"('2', '13')",Florida State,Washington University
5593,February 01,Florida Warm Up 2025,"('1', '13')",Florida State,McGill
5594,February 01,Florida Warm Up 2025,"('1', '13')",Florida State,Carleton College
5595,February 01,Florida Warm Up 2025,"('9', '13')",Florida State,Cornell
5596,February 02,Florida Warm Up 2025,"('8', '12')",Florida State,Alabama-Huntsville
5597,February 02,Florida Warm Up 2025,"('9', '12')",Florida State,South Florida
5598,January 25,New Year Fest 2025,"('12', '11')",Colorado [B],San Diego State
5599,January 25,New Year Fest 2025,"('13', '5')",Colorado [B],Brigham Young [B]
5600,January 25,New Year Fest 2025,"('13', '3')",Colorado [B],Grand Canyon [B]
5601,January 26,New Year Fest 2025,"('13', '1')",Colorado [B],Arizona State [B]
5602,January 26,New Year Fest 2025,"('13', '6')",Colorado [B],Arizona
5603,January 26,New Year Fest 2025,"('13', '8')",Colorado [B],San Diego State
5604,January 25,New Year Fest 2025,"('11', '12')",San Diego State,Colorado [B]
5605,January 25,New Year Fest 2025,"('13', '2')",San Diego State,Denver [B]
5606,January 25,New Year Fest 2025,"('13', '8')",San Diego State,Brigham Young [B]
5607,January 25,New Year Fest 2025,"('13', '6')",San Diego State,Grand Canyon [B]
5608,January 26,New Year Fest 2025,"('13', '8')",San Diego State,Northern Arizona
5609,January 26,New Year Fest 2025,"('11', '7')",San Diego State,Denver
5610,January 26,New Year Fest 2025,"('8', '13')",San Diego State,Colorado [B]
5611,January 25,New Year Fest 2025,"('13', '3')",Brigham Young [B],Grand Canyon [B]
5612,January 25,New Year Fest 2025,"('5', '13')",Brigham Young [B],Colorado [B]
5613,January 25,New Year Fest 2025,"('13', '2')",Brigham Young [B],Denver [B]
5614,January 25,New Year Fest 2025,"('8', '13')",Brigham Young [B],San Diego State
5615,January 25,New Year Fest 2025,"('11', '13')",Brigham Young [B],Arizona
5616,January 25,New Year Fest 2025,"('3', '13')",Grand Canyon [B],Brigham Young [B]
5617,January 25,New Year Fest 2025,"('3', '13')",Grand Canyon [B],Colorado [B]
5618,January 25,New Year Fest 2025,"('12', '6')",Grand Canyon [B],Denver [B]
5619,January 25,New Year Fest 2025,"('6', '13')",Grand Canyon [B],San Diego State
5620,January 26,New Year Fest 2025,"('5', '13')",Grand Canyon [B],Arizona
5621,January 26,New Year Fest 2025,"('12', '3')",Grand Canyon [B],Arizona State [B]
5622,January 25,New Year Fest 2025,"('2', '13')",Denver [B],San Diego State
5623,January 25,New Year Fest 2025,"('2', '13')",Denver [B],Brigham Young [B]
5624,January 25,New Year Fest 2025,"('6', '12')",Denver [B],Grand Canyon [B]
5625,January 26,New Year Fest 2025,"('2', '13')",Denver [B],Denver
5626,January 26,New Year Fest 2025,"('2', '13')",Denver [B],Northern Arizona
5627,January 25,New Year Fest 2025,"('17', '5')",Denver,Northern Arizona
5628,January 25,New Year Fest 2025,"('17', '1')",Denver,Arizona State [B]
5629,January 25,New Year Fest 2025,"('17', '8')",Denver,Arizona
5630,January 26,New Year Fest 2025,"('13', '2')",Denver,Denver [B]
5631,January 26,New Year Fest 2025,"('7', '11')",Denver,San Diego State
5632,January 25,New Year Fest 2025,"('16', '3')",Arizona,Arizona State [B]
5633,January 25,New Year Fest 2025,"('14', '12')",Arizona,Northern Arizona
5634,January 25,New Year Fest 2025,"('8', '17')",Arizona,Denver
5635,January 25,New Year Fest 2025,"('13', '11')",Arizona,Brigham Young [B]
5636,January 26,New Year Fest 2025,"('13', '5')",Arizona,Grand Canyon [B]
5637,January 26,New Year Fest 2025,"('6', '13')",Arizona,Colorado [B]
5638,January 25,New Year Fest 2025,"('5', '17')",Northern Arizona,Denver
5639,January 25,New Year Fest 2025,"('12', '14')",Northern Arizona,Arizona
5640,January 25,New Year Fest 2025,"('17', '2')",Northern Arizona,Arizona State [B]
5641,January 26,New Year Fest 2025,"('8', '13')",Northern Arizona,San Diego State
5642,January 26,New Year Fest 2025,"('13', '2')",Northern Arizona,Denver [B]
5643,January 25,New Year Fest 2025,"('3', '16')",Arizona State [B],Arizona
5644,January 25,New Year Fest 2025,"('1', '17')",Arizona State [B],Denver
5645,January 25,New Year Fest 2025,"('2', '17')",Arizona State [B],Northern Arizona
5646,January 26,New Year Fest 2025,"('1', '13')",Arizona State [B],Colorado [B]
5647,January 26,New Year Fest 2025,"('3', '12')",Arizona State [B],Grand Canyon [B]
5648,January 25,T-Town Throwdown XX,"('13', '7')",Berry,Illinois State
5649,January 25,T-Town Throwdown XX,"('13', '12')",Berry,Alabama
5650,January 25,T-Town Throwdown XX,"('13', '1')",Berry,Tennessee-Chattanooga [B]
5651,January 25,T-Town Throwdown XX,"('13', '9')",Berry,LSU
5652,January 26,T-Town Throwdown XX,"('13', '2')",Berry,Harding
5653,January 26,T-Town Throwdown XX,"('13', '11')",Berry,Union (Tennessee)
5654,January 26,T-Town Throwdown XX,"('15', '8')",Berry,LSU
5655,January 26,T-Town Throwdown XX,"('15', '12')",Berry,Alabama
5656,January 25,T-Town Throwdown XX,"('13', '6')",Alabama,LSU
5657,January 25,T-Town Throwdown XX,"('12', '13')",Alabama,Berry
5658,January 25,T-Town Throwdown XX,"('13', '0')",Alabama,Harding
5659,January 25,T-Town Throwdown XX,"('13', '0')",Alabama,Tennessee-Chattanooga [B]
5660,January 26,T-Town Throwdown XX,"('13', '4')",Alabama,Illinois State
5661,January 26,T-Town Throwdown XX,"('15', '10')",Alabama,Alabama-Birmingham
5662,January 26,T-Town Throwdown XX,"('15', '12')",Alabama,Mississippi State
5663,January 26,T-Town Throwdown XX,"('12', '15')",Alabama,Berry
5664,January 25,T-Town Throwdown XX,"('6', '13')",LSU,Alabama
5665,January 25,T-Town Throwdown XX,"('13', '0')",LSU,Harding
5666,January 25,T-Town Throwdown XX,"('13', '5')",LSU,Illinois State
5667,January 25,T-Town Throwdown XX,"('9', '13')",LSU,Berry
5668,January 26,T-Town Throwdown XX,"('13', '2')",LSU,Tennessee-Chattanooga [B]
5669,January 26,T-Town Throwdown XX,"('13', '12')",LSU,Tennessee-Chattanooga
5670,January 26,T-Town Throwdown XX,"('8', '15')",LSU,Berry
5671,January 26,T-Town Throwdown XX,"('2', '9')",LSU,Mississippi State
5672,January 25,T-Town Throwdown XX,"('7', '13')",Illinois State,Berry
5673,January 25,T-Town Throwdown XX,"('13', '1')",Illinois State,Tennessee-Chattanooga [B]
5674,January 25,T-Town Throwdown XX,"('5', '13')",Illinois State,LSU
5675,January 25,T-Town Throwdown XX,"('13', '6')",Illinois State,Harding
5676,January 26,T-Town Throwdown XX,"('4', '13')",Illinois State,Alabama
5677,January 26,T-Town Throwdown XX,"('5', '15')",Illinois State,Mississippi State
5678,January 26,T-Town Throwdown XX,"('5', '11')",Illinois State,Alabama-Birmingham
5679,January 25,T-Town Throwdown XX,"('13', '9')",Harding,Tennessee-Chattanooga [B]
5680,January 25,T-Town Throwdown XX,"('0', '13')",Harding,LSU
5681,January 25,T-Town Throwdown XX,"('0', '13')",Harding,Alabama
5682,January 25,T-Town Throwdown XX,"('6', '13')",Harding,Illinois State
5683,January 26,T-Town Throwdown XX,"('2', '13')",Harding,Berry
5684,January 26,T-Town Throwdown XX,"('6', '15')",Harding,Jacksonville State
5685,January 26,T-Town Throwdown XX,"('6', '0')",Harding,Tennessee-Chattanooga [B]
5686,January 25,T-Town Throwdown XX,"('9', '13')",Tennessee-Chattanooga  [B],Harding
5687,January 25,T-Town Throwdown XX,"('1', '13')",Tennessee-Chattanooga  [B],Illinois State
5688,January 25,T-Town Throwdown XX,"('1', '13')",Tennessee-Chattanooga  [B],Berry
5689,January 25,T-Town Throwdown XX,"('0', '13')",Tennessee-Chattanooga  [B],Alabama
5690,January 26,T-Town Throwdown XX,"('2', '13')",Tennessee-Chattanooga  [B],LSU
5691,January 26,T-Town Throwdown XX,"('6', '15')",Tennessee-Chattanooga  [B],Alabama [B]
5692,January 26,T-Town Throwdown XX,"('0', '6')",Tennessee-Chattanooga  [B],Harding
5693,January 25,T-Town Throwdown XX,"('13', '8')",Mississippi State,Union (Tennessee)
5694,January 25,T-Town Throwdown XX,"('11', '9')",Mississippi State,Tennessee-Chattanooga
5695,January 25,T-Town Throwdown XX,"('9', '7')",Mississippi State,Alabama-Birmingham
5696,January 25,T-Town Throwdown XX,"('13', '6')",Mississippi State,Alabama [B]
5697,January 26,T-Town Throwdown XX,"('13', '10')",Mississippi State,Jacksonville State
5698,January 26,T-Town Throwdown XX,"('15', '5')",Mississippi State,Illinois State
5699,January 26,T-Town Throwdown XX,"('12', '15')",Mississippi State,Alabama
5700,January 26,T-Town Throwdown XX,"('9', '2')",Mississippi State,LSU
5701,January 25,T-Town Throwdown XX,"('13', '2')",Tennessee-Chattanooga,Jacksonville State
5702,January 25,T-Town Throwdown XX,"('9', '11')",Tennessee-Chattanooga,Mississippi State
5703,January 25,T-Town Throwdown XX,"('13', '3')",Tennessee-Chattanooga,Alabama [B]
5704,January 25,T-Town Throwdown XX,"('13', '10')",Tennessee-Chattanooga,Union (Tennessee)
5705,January 26,T-Town Throwdown XX,"('13', '8')",Tennessee-Chattanooga,Alabama-Birmingham
5706,January 26,T-Town Throwdown XX,"('12', '13')",Tennessee-Chattanooga,LSU
5707,January 26,T-Town Throwdown XX,"('15', '3')",Tennessee-Chattanooga,Union (Tennessee)
5708,January 25,T-Town Throwdown XX,"('11', '5')",Alabama-Birmingham,Alabama [B]
5709,January 25,T-Town Throwdown XX,"('13', '12')",Alabama-Birmingham,Union (Tennessee)
5710,January 25,T-Town Throwdown XX,"('7', '9')",Alabama-Birmingham,Mississippi State
5711,January 25,T-Town Throwdown XX,"('13', '8')",Alabama-Birmingham,Jacksonville State
5712,January 26,T-Town Throwdown XX,"('8', '13')",Alabama-Birmingham,Tennessee-Chattanooga
5713,January 26,T-Town Throwdown XX,"('10', '15')",Alabama-Birmingham,Alabama
5714,January 26,T-Town Throwdown XX,"('11', '5')",Alabama-Birmingham,Illinois State
5715,January 25,T-Town Throwdown XX,"('8', '13')",Union,Mississippi State
5716,January 25,T-Town Throwdown XX,"('12', '13')",Union,Alabama-Birmingham
5717,January 25,T-Town Throwdown XX,"('13', '6')",Union,Jacksonville State
5718,January 25,T-Town Throwdown XX,"('10', '13')",Union,Tennessee-Chattanooga
5719,January 26,T-Town Throwdown XX,"('13', '7')",Union,Alabama [B]
5720,January 26,T-Town Throwdown XX,"('11', '13')",Union,Berry
5721,January 26,T-Town Throwdown XX,"('3', '15')",Union,Tennessee-Chattanooga
5722,January 25,T-Town Throwdown XX,"('5', '11')",Alabama [B],Alabama-Birmingham
5723,January 25,T-Town Throwdown XX,"('13', '12')",Alabama [B],Jacksonville State
5724,January 25,T-Town Throwdown XX,"('3', '13')",Alabama [B],Tennessee-Chattanooga
5725,January 25,T-Town Throwdown XX,"('6', '13')",Alabama [B],Mississippi State
5726,January 26,T-Town Throwdown XX,"('7', '13')",Alabama [B],Union (Tennessee)
5727,January 26,T-Town Throwdown XX,"('15', '6')",Alabama [B],Tennessee-Chattanooga [B]
5728,January 26,T-Town Throwdown XX,"('6', '15')",Alabama [B],Jacksonville State
5729,January 25,T-Town Throwdown XX,"('2', '13')",Jacksonville State,Tennessee-Chattanooga
5730,January 25,T-Town Throwdown XX,"('12', '13')",Jacksonville State,Alabama [B]
5731,January 25,T-Town Throwdown XX,"('6', '13')",Jacksonville State,Union (Tennessee)
5732,January 25,T-Town Throwdown XX,"('8', '13')",Jacksonville State,Alabama-Birmingham
5733,January 26,T-Town Throwdown XX,"('10', '13')",Jacksonville State,Mississippi State
5734,January 26,T-Town Throwdown XX,"('15', '6')",Jacksonville State,Harding
5735,January 26,T-Town Throwdown XX,"('15', '6')",Jacksonville State,Alabama [B]
5736,January 24,Santa Barbara Invite 2025,"('13', '7')",Brigham Young,California-Santa Barbara
5737,January 24,Santa Barbara Invite 2025,"('13', '11')",Brigham Young,Cal Poly-SLO
5738,January 25,Santa Barbara Invite 2025,"('13', '8')",Brigham Young,Illinois
5739,January 25,Santa Barbara Invite 2025,"('10', '13')",Brigham Young,Washington
5740,January 25,Santa Barbara Invite 2025,"('13', '7')",Brigham Young,California-Santa Barbara
5741,January 25,Santa Barbara Invite 2025,"('13', '5')",Brigham Young,Colorado State
5742,January 24,Santa Barbara Invite 2025,"('11', '13')",Cal Poly-SLO,Brigham Young
5743,January 25,Santa Barbara Invite 2025,"('13', '9')",Cal Poly-SLO,California-Santa Barbara
5744,January 25,Santa Barbara Invite 2025,"('13', '9')",Cal Poly-SLO,Utah Valley
5745,January 26,Santa Barbara Invite 2025,"('13', '4')",Cal Poly-SLO,Utah
5746,January 26,Santa Barbara Invite 2025,"('11', '9')",Cal Poly-SLO,Washington
5747,January 26,Santa Barbara Invite 2025,"('7', '4')",Cal Poly-SLO,California
5748,January 24,Santa Barbara Invite 2025,"('7', '13')",California-Santa Barbara,Brigham Young
5749,January 25,Santa Barbara Invite 2025,"('9', '13')",California-Santa Barbara,Cal Poly-SLO
5750,January 25,Santa Barbara Invite 2025,"('11', '12')",California-Santa Barbara,California-San Diego
5751,January 25,Santa Barbara Invite 2025,"('7', '13')",California-Santa Barbara,Brigham Young
5752,January 26,Santa Barbara Invite 2025,"('13', '5')",California-Santa Barbara,Cal Poly-SLO [B]
5753,January 26,Santa Barbara Invite 2025,"('3', '4')",California-Santa Barbara,Colorado State
5754,January 25,Santa Barbara Invite 2025,"('13', '11')",Utah Valley,California-San Diego
5755,January 25,Santa Barbara Invite 2025,"('9', '13')",Utah Valley,Cal Poly-SLO
5756,January 25,Santa Barbara Invite 2025,"('9', '12')",Utah Valley,Illinois
5757,January 26,Santa Barbara Invite 2025,"('10', '7')",Utah Valley,Stanford
5758,January 26,Santa Barbara Invite 2025,"('10', '5')",Utah Valley,UCLA
5759,January 25,Santa Barbara Invite 2025,"('11', '13')",California-San Diego,Utah Valley
5760,January 25,Santa Barbara Invite 2025,"('12', '11')",California-San Diego,California-Santa Barbara
5761,January 25,Santa Barbara Invite 2025,"('11', '13')",California-San Diego,California-Santa Cruz
5762,January 26,Santa Barbara Invite 2025,"('5', '8')",California-San Diego,UCLA
5763,January 25,Santa Barbara Invite 2025,"('12', '7')",California,Stanford
5764,January 25,Santa Barbara Invite 2025,"('13', '9')",California,Utah
5765,January 26,Santa Barbara Invite 2025,"('13', '6')",California,Illinois
5766,January 26,Santa Barbara Invite 2025,"('12', '4')",California,British Columbia
5767,January 26,Santa Barbara Invite 2025,"('4', '7')",California,Cal Poly-SLO
5768,January 25,Santa Barbara Invite 2025,"('12', '8')",Utah,Colorado State
5769,January 25,Santa Barbara Invite 2025,"('9', '13')",Utah,California
5770,January 25,Santa Barbara Invite 2025,"('13', '5')",Utah,UCLA
5771,January 26,Santa Barbara Invite 2025,"('4', '13')",Utah,Cal Poly-SLO
5772,January 26,Santa Barbara Invite 2025,"('4', '6')",Utah,California-Santa Cruz
5773,January 25,Santa Barbara Invite 2025,"('7', '12')",Stanford,California
5774,January 25,Santa Barbara Invite 2025,"('11', '10')",Stanford,Colorado State
5775,January 25,Santa Barbara Invite 2025,"('8', '9')",Stanford,Victoria
5776,January 26,Santa Barbara Invite 2025,"('7', '10')",Stanford,Utah Valley
5777,January 25,Santa Barbara Invite 2025,"('8', '12')",Colorado State,Utah
5778,January 25,Santa Barbara Invite 2025,"('10', '11')",Colorado State,Stanford
5779,January 25,Santa Barbara Invite 2025,"('5', '13')",Colorado State,Brigham Young
5780,January 26,Santa Barbara Invite 2025,"('4', '3')",Colorado State,California-Santa Barbara
5781,January 25,Santa Barbara Invite 2025,"('13', '2')",British Columbia,Cal Poly-SLO [B]
5782,January 25,Santa Barbara Invite 2025,"('11', '7')",British Columbia,Victoria
5783,January 26,Santa Barbara Invite 2025,"('11', '10')",British Columbia,California-Santa Cruz
5784,January 26,Santa Barbara Invite 2025,"('4', '12')",British Columbia,California
5785,January 26,Santa Barbara Invite 2025,"('5', '8')",British Columbia,Washington
5786,January 25,Santa Barbara Invite 2025,"('12', '3')",Victoria,UCLA
5787,January 25,Santa Barbara Invite 2025,"('7', '11')",Victoria,British Columbia
5788,January 25,Santa Barbara Invite 2025,"('9', '8')",Victoria,Stanford
5789,January 26,Santa Barbara Invite 2025,"('5', '13')",Victoria,Washington
5790,January 26,Santa Barbara Invite 2025,"('11', '5')",Victoria,Illinois
5791,January 26,Santa Barbara Invite 2025,"('8', '7')",Victoria,California-Santa Cruz
5792,January 25,Santa Barbara Invite 2025,"('3', '12')",UCLA,Victoria
5793,January 25,Santa Barbara Invite 2025,"('13', '5')",UCLA,Cal Poly-SLO [B]
5794,January 25,Santa Barbara Invite 2025,"('5', '13')",UCLA,Utah
5795,January 26,Santa Barbara Invite 2025,"('8', '5')",UCLA,California-San Diego
5796,January 26,Santa Barbara Invite 2025,"('5', '10')",UCLA,Utah Valley
5797,January 25,Santa Barbara Invite 2025,"('2', '13')",Cal Poly-SLO [B],British Columbia
5798,January 25,Santa Barbara Invite 2025,"('5', '13')",Cal Poly-SLO [B],UCLA
5799,January 26,Santa Barbara Invite 2025,"('5', '13')",Cal Poly-SLO [B],California-Santa Barbara
5800,January 25,Santa Barbara Invite 2025,"('13', '8')",Washington,California-Santa Cruz
5801,January 25,Santa Barbara Invite 2025,"('13', '10')",Washington,Brigham Young
5802,January 26,Santa Barbara Invite 2025,"('13', '5')",Washington,Victoria
5803,January 26,Santa Barbara Invite 2025,"('9', '11')",Washington,Cal Poly-SLO
5804,January 26,Santa Barbara Invite 2025,"('8', '5')",Washington,British Columbia
5805,January 25,Santa Barbara Invite 2025,"('8', '13')",California-Santa Cruz,Washington
5806,January 25,Santa Barbara Invite 2025,"('13', '4')",California-Santa Cruz,Illinois
5807,January 25,Santa Barbara Invite 2025,"('13', '11')",California-Santa Cruz,California-San Diego
5808,January 26,Santa Barbara Invite 2025,"('10', '11')",California-Santa Cruz,British Columbia
5809,January 26,Santa Barbara Invite 2025,"('6', '4')",California-Santa Cruz,Utah
5810,January 26,Santa Barbara Invite 2025,"('7', '8')",California-Santa Cruz,Victoria
5811,January 25,Santa Barbara Invite 2025,"('8', '13')",Illinois,Brigham Young
5812,January 25,Santa Barbara Invite 2025,"('4', '13')",Illinois,California-Santa Cruz
5813,January 25,Santa Barbara Invite 2025,"('12', '9')",Illinois,Utah Valley
5814,January 26,Santa Barbara Invite 2025,"('6', '13')",Illinois,California
5815,January 26,Santa Barbara Invite 2025,"('5', '11')",Illinois,Victoria
